solid AperiodicEinsteinQuasicrystal
  facet normal -0.353553 0.707107 0.612372
    outer loop
      vertex -81.9615 -121.562 -15.3086
      vertex -82.1615 -121.962 -14.9622
      vertex -62.1615 -121.962 -3.4152
    endloop
  endfacet
  facet normal -0.353553 0.707107 0.612372
    outer loop
      vertex -81.9615 -121.562 -15.3086
      vertex -62.1615 -121.962 -3.4152
      vertex -61.9615 -121.562 -3.76161
    endloop
  endfacet
  facet normal -0.353553 -0.707107 0.612372
    outer loop
      vertex -82.1615 -121.962 -14.9622
      vertex -81.9615 -122.362 -15.3086
      vertex -61.9615 -122.362 -3.76161
    endloop
  endfacet
  facet normal -0.353553 -0.707107 0.612372
    outer loop
      vertex -82.1615 -121.962 -14.9622
      vertex -61.9615 -122.362 -3.76161
      vertex -62.1615 -121.962 -3.4152
    endloop
  endfacet
  facet normal 0.353553 -0.707107 -0.612372
    outer loop
      vertex -81.9615 -122.362 -15.3086
      vertex -81.7615 -121.962 -15.655
      vertex -61.7615 -121.962 -4.10802
    endloop
  endfacet
  facet normal 0.353553 -0.707107 -0.612372
    outer loop
      vertex -81.9615 -122.362 -15.3086
      vertex -61.7615 -121.962 -4.10802
      vertex -61.9615 -122.362 -3.76161
    endloop
  endfacet
  facet normal 0.353553 0.707107 -0.612372
    outer loop
      vertex -81.7615 -121.962 -15.655
      vertex -81.9615 -121.562 -15.3086
      vertex -61.9615 -121.562 -3.76161
    endloop
  endfacet
  facet normal 0.353553 0.707107 -0.612372
    outer loop
      vertex -81.7615 -121.962 -15.655
      vertex -61.9615 -121.562 -3.76161
      vertex -61.7615 -121.962 -4.10802
    endloop
  endfacet
  facet normal -0.353553 0.612372 -0.707107
    outer loop
      vertex -81.9615 -121.962 -15.7086
      vertex -82.1615 -121.615 -15.3086
      vertex -64.841 -111.615 -15.3086
    endloop
  endfacet
  facet normal -0.353553 0.612372 -0.707107
    outer loop
      vertex -81.9615 -121.962 -15.7086
      vertex -64.841 -111.615 -15.3086
      vertex -64.641 -111.962 -15.7086
    endloop
  endfacet
  facet normal -0.353553 0.612372 0.707107
    outer loop
      vertex -82.1615 -121.615 -15.3086
      vertex -81.9615 -121.962 -14.9086
      vertex -64.641 -111.962 -14.9086
    endloop
  endfacet
  facet normal -0.353553 0.612372 0.707107
    outer loop
      vertex -82.1615 -121.615 -15.3086
      vertex -64.641 -111.962 -14.9086
      vertex -64.841 -111.615 -15.3086
    endloop
  endfacet
  facet normal 0.353553 -0.612372 0.707107
    outer loop
      vertex -81.9615 -121.962 -14.9086
      vertex -81.7615 -122.308 -15.3086
      vertex -64.441 -112.308 -15.3086
    endloop
  endfacet
  facet normal 0.353553 -0.612372 0.707107
    outer loop
      vertex -81.9615 -121.962 -14.9086
      vertex -64.441 -112.308 -15.3086
      vertex -64.641 -111.962 -14.9086
    endloop
  endfacet
  facet normal 0.353553 -0.612372 -0.707107
    outer loop
      vertex -81.7615 -122.308 -15.3086
      vertex -81.9615 -121.962 -15.7086
      vertex -64.641 -111.962 -15.7086
    endloop
  endfacet
  facet normal 0.353553 -0.612372 -0.707107
    outer loop
      vertex -81.7615 -122.308 -15.3086
      vertex -64.641 -111.962 -15.7086
      vertex -64.441 -112.308 -15.3086
    endloop
  endfacet
  facet normal -0.707107 0.353553 -0.612372
    outer loop
      vertex -81.9615 -121.762 -15.655
      vertex -82.3615 -121.962 -15.3086
      vertex -82.3615 -101.962 -3.76161
    endloop
  endfacet
  facet normal -0.707107 0.353553 -0.612372
    outer loop
      vertex -81.9615 -121.762 -15.655
      vertex -82.3615 -101.962 -3.76161
      vertex -81.9615 -101.762 -4.10802
    endloop
  endfacet
  facet normal -0.707107 -0.353553 0.612372
    outer loop
      vertex -82.3615 -121.962 -15.3086
      vertex -81.9615 -122.162 -14.9622
      vertex -81.9615 -102.162 -3.4152
    endloop
  endfacet
  facet normal -0.707107 -0.353553 0.612372
    outer loop
      vertex -82.3615 -121.962 -15.3086
      vertex -81.9615 -102.162 -3.4152
      vertex -82.3615 -101.962 -3.76161
    endloop
  endfacet
  facet normal 0.707107 -0.353553 0.612372
    outer loop
      vertex -81.9615 -122.162 -14.9622
      vertex -81.5615 -121.962 -15.3086
      vertex -81.5615 -101.962 -3.76161
    endloop
  endfacet
  facet normal 0.707107 -0.353553 0.612372
    outer loop
      vertex -81.9615 -122.162 -14.9622
      vertex -81.5615 -101.962 -3.76161
      vertex -81.9615 -102.162 -3.4152
    endloop
  endfacet
  facet normal 0.707107 0.353553 -0.612372
    outer loop
      vertex -81.5615 -121.962 -15.3086
      vertex -81.9615 -121.762 -15.655
      vertex -81.9615 -101.762 -4.10802
    endloop
  endfacet
  facet normal 0.707107 0.353553 -0.612372
    outer loop
      vertex -81.5615 -121.962 -15.3086
      vertex -81.9615 -101.762 -4.10802
      vertex -81.5615 -101.962 -3.76161
    endloop
  endfacet
  facet normal -0.353553 0.707107 0.612372
    outer loop
      vertex -81.9615 -101.562 -3.76161
      vertex -82.1615 -101.962 -3.4152
      vertex -62.1615 -101.962 8.1318
    endloop
  endfacet
  facet normal -0.353553 0.707107 0.612372
    outer loop
      vertex -81.9615 -101.562 -3.76161
      vertex -62.1615 -101.962 8.1318
      vertex -61.9615 -101.562 7.78539
    endloop
  endfacet
  facet normal -0.353553 -0.707107 0.612372
    outer loop
      vertex -82.1615 -101.962 -3.4152
      vertex -81.9615 -102.362 -3.76161
      vertex -61.9615 -102.362 7.78539
    endloop
  endfacet
  facet normal -0.353553 -0.707107 0.612372
    outer loop
      vertex -82.1615 -101.962 -3.4152
      vertex -61.9615 -102.362 7.78539
      vertex -62.1615 -101.962 8.1318
    endloop
  endfacet
  facet normal 0.353553 -0.707107 -0.612372
    outer loop
      vertex -81.9615 -102.362 -3.76161
      vertex -81.7615 -101.962 -4.10802
      vertex -61.7615 -101.962 7.43898
    endloop
  endfacet
  facet normal 0.353553 -0.707107 -0.612372
    outer loop
      vertex -81.9615 -102.362 -3.76161
      vertex -61.7615 -101.962 7.43898
      vertex -61.9615 -102.362 7.78539
    endloop
  endfacet
  facet normal 0.353553 0.707107 -0.612372
    outer loop
      vertex -81.7615 -101.962 -4.10802
      vertex -81.9615 -101.562 -3.76161
      vertex -61.9615 -101.562 7.78539
    endloop
  endfacet
  facet normal 0.353553 0.707107 -0.612372
    outer loop
      vertex -81.7615 -101.962 -4.10802
      vertex -61.9615 -101.562 7.78539
      vertex -61.7615 -101.962 7.43898
    endloop
  endfacet
  facet normal -0.353553 0.612372 -0.707107
    outer loop
      vertex -81.9615 -101.962 -4.16161
      vertex -82.1615 -101.615 -3.76161
      vertex -64.841 -91.6151 -3.76161
    endloop
  endfacet
  facet normal -0.353553 0.612372 -0.707107
    outer loop
      vertex -81.9615 -101.962 -4.16161
      vertex -64.841 -91.6151 -3.76161
      vertex -64.641 -91.9615 -4.16161
    endloop
  endfacet
  facet normal -0.353553 0.612372 0.707107
    outer loop
      vertex -82.1615 -101.615 -3.76161
      vertex -81.9615 -101.962 -3.36161
      vertex -64.641 -91.9615 -3.36161
    endloop
  endfacet
  facet normal -0.353553 0.612372 0.707107
    outer loop
      vertex -82.1615 -101.615 -3.76161
      vertex -64.641 -91.9615 -3.36161
      vertex -64.841 -91.6151 -3.76161
    endloop
  endfacet
  facet normal 0.353553 -0.612372 0.707107
    outer loop
      vertex -81.9615 -101.962 -3.36161
      vertex -81.7615 -102.308 -3.76161
      vertex -64.441 -92.3079 -3.76161
    endloop
  endfacet
  facet normal 0.353553 -0.612372 0.707107
    outer loop
      vertex -81.9615 -101.962 -3.36161
      vertex -64.441 -92.3079 -3.76161
      vertex -64.641 -91.9615 -3.36161
    endloop
  endfacet
  facet normal 0.353553 -0.612372 -0.707107
    outer loop
      vertex -81.7615 -102.308 -3.76161
      vertex -81.9615 -101.962 -4.16161
      vertex -64.641 -91.9615 -4.16161
    endloop
  endfacet
  facet normal 0.353553 -0.612372 -0.707107
    outer loop
      vertex -81.7615 -102.308 -3.76161
      vertex -64.641 -91.9615 -4.16161
      vertex -64.441 -92.3079 -3.76161
    endloop
  endfacet
  facet normal -0.707107 0.353553 -0.612372
    outer loop
      vertex -81.9615 -101.762 -4.10802
      vertex -82.3615 -101.962 -3.76161
      vertex -82.3615 -81.9615 7.78539
    endloop
  endfacet
  facet normal -0.707107 0.353553 -0.612372
    outer loop
      vertex -81.9615 -101.762 -4.10802
      vertex -82.3615 -81.9615 7.78539
      vertex -81.9615 -81.7615 7.43898
    endloop
  endfacet
  facet normal -0.707107 -0.353553 0.612372
    outer loop
      vertex -82.3615 -101.962 -3.76161
      vertex -81.9615 -102.162 -3.4152
      vertex -81.9615 -82.1615 8.1318
    endloop
  endfacet
  facet normal -0.707107 -0.353553 0.612372
    outer loop
      vertex -82.3615 -101.962 -3.76161
      vertex -81.9615 -82.1615 8.1318
      vertex -82.3615 -81.9615 7.78539
    endloop
  endfacet
  facet normal 0.707107 -0.353553 0.612372
    outer loop
      vertex -81.9615 -102.162 -3.4152
      vertex -81.5615 -101.962 -3.76161
      vertex -81.5615 -81.9615 7.78539
    endloop
  endfacet
  facet normal 0.707107 -0.353553 0.612372
    outer loop
      vertex -81.9615 -102.162 -3.4152
      vertex -81.5615 -81.9615 7.78539
      vertex -81.9615 -82.1615 8.1318
    endloop
  endfacet
  facet normal 0.707107 0.353553 -0.612372
    outer loop
      vertex -81.5615 -101.962 -3.76161
      vertex -81.9615 -101.762 -4.10802
      vertex -81.9615 -81.7615 7.43898
    endloop
  endfacet
  facet normal 0.707107 0.353553 -0.612372
    outer loop
      vertex -81.5615 -101.962 -3.76161
      vertex -81.9615 -81.7615 7.43898
      vertex -81.5615 -81.9615 7.78539
    endloop
  endfacet
  facet normal -0.645497 -0.67082 -0.365148
    outer loop
      vertex -81.9615 -102.215 -4.07145
      vertex -82.3267 -102.088 -3.65834
      vertex -92.3267 -84.7675 -17.8005
    endloop
  endfacet
  facet normal -0.645497 -0.67082 -0.365148
    outer loop
      vertex -81.9615 -102.215 -4.07145
      vertex -92.3267 -84.7675 -17.8005
      vertex -91.9615 -84.894 -18.2136
    endloop
  endfacet
  facet normal -0.645497 0.223607 0.730297
    outer loop
      vertex -82.3267 -102.088 -3.65834
      vertex -81.9615 -101.709 -3.45178
      vertex -91.9615 -84.388 -17.5939
    endloop
  endfacet
  facet normal -0.645497 0.223607 0.730297
    outer loop
      vertex -82.3267 -102.088 -3.65834
      vertex -91.9615 -84.388 -17.5939
      vertex -92.3267 -84.7675 -17.8005
    endloop
  endfacet
  facet normal 0.645497 0.67082 0.365148
    outer loop
      vertex -81.9615 -101.709 -3.45178
      vertex -81.5964 -101.835 -3.86489
      vertex -91.5964 -84.5145 -18.007
    endloop
  endfacet
  facet normal 0.645497 0.67082 0.365148
    outer loop
      vertex -81.9615 -101.709 -3.45178
      vertex -91.5964 -84.5145 -18.007
      vertex -91.9615 -84.388 -17.5939
    endloop
  endfacet
  facet normal 0.645497 -0.223607 -0.730297
    outer loop
      vertex -81.5964 -101.835 -3.86489
      vertex -81.9615 -102.215 -4.07145
      vertex -91.9615 -84.894 -18.2136
    endloop
  endfacet
  facet normal 0.645497 -0.223607 -0.730297
    outer loop
      vertex -81.5964 -101.835 -3.86489
      vertex -91.9615 -84.894 -18.2136
      vertex -91.5964 -84.5145 -18.007
    endloop
  endfacet
  facet normal -0.353553 0.707107 0.612372
    outer loop
      vertex -91.9615 -84.241 -17.9038
      vertex -92.1615 -84.641 -17.5573
      vertex -72.1615 -84.641 -6.01033
    endloop
  endfacet
  facet normal -0.353553 0.707107 0.612372
    outer loop
      vertex -91.9615 -84.241 -17.9038
      vertex -72.1615 -84.641 -6.01033
      vertex -71.9615 -84.241 -6.35674
    endloop
  endfacet
  facet normal -0.353553 -0.707107 0.612372
    outer loop
      vertex -92.1615 -84.641 -17.5573
      vertex -91.9615 -85.041 -17.9038
      vertex -71.9615 -85.041 -6.35674
    endloop
  endfacet
  facet normal -0.353553 -0.707107 0.612372
    outer loop
      vertex -92.1615 -84.641 -17.5573
      vertex -71.9615 -85.041 -6.35674
      vertex -72.1615 -84.641 -6.01033
    endloop
  endfacet
  facet normal 0.353553 -0.707107 -0.612372
    outer loop
      vertex -91.9615 -85.041 -17.9038
      vertex -91.7615 -84.641 -18.2502
      vertex -71.7615 -84.641 -6.70316
    endloop
  endfacet
  facet normal 0.353553 -0.707107 -0.612372
    outer loop
      vertex -91.9615 -85.041 -17.9038
      vertex -71.7615 -84.641 -6.70316
      vertex -71.9615 -85.041 -6.35674
    endloop
  endfacet
  facet normal 0.353553 0.707107 -0.612372
    outer loop
      vertex -91.7615 -84.641 -18.2502
      vertex -91.9615 -84.241 -17.9038
      vertex -71.9615 -84.241 -6.35674
    endloop
  endfacet
  facet normal 0.353553 0.707107 -0.612372
    outer loop
      vertex -91.7615 -84.641 -18.2502
      vertex -71.9615 -84.241 -6.35674
      vertex -71.7615 -84.641 -6.70316
    endloop
  endfacet
  facet normal -0.353553 0.612372 -0.707107
    outer loop
      vertex -91.9615 -84.641 -18.3038
      vertex -92.1615 -84.2946 -17.9038
      vertex -74.841 -74.2946 -17.9038
    endloop
  endfacet
  facet normal -0.353553 0.612372 -0.707107
    outer loop
      vertex -91.9615 -84.641 -18.3038
      vertex -74.841 -74.2946 -17.9038
      vertex -74.641 -74.641 -18.3038
    endloop
  endfacet
  facet normal -0.353553 0.612372 0.707107
    outer loop
      vertex -92.1615 -84.2946 -17.9038
      vertex -91.9615 -84.641 -17.5038
      vertex -74.641 -74.641 -17.5038
    endloop
  endfacet
  facet normal -0.353553 0.612372 0.707107
    outer loop
      vertex -92.1615 -84.2946 -17.9038
      vertex -74.641 -74.641 -17.5038
      vertex -74.841 -74.2946 -17.9038
    endloop
  endfacet
  facet normal 0.353553 -0.612372 0.707107
    outer loop
      vertex -91.9615 -84.641 -17.5038
      vertex -91.7615 -84.9874 -17.9038
      vertex -74.441 -74.9874 -17.9038
    endloop
  endfacet
  facet normal 0.353553 -0.612372 0.707107
    outer loop
      vertex -91.9615 -84.641 -17.5038
      vertex -74.441 -74.9874 -17.9038
      vertex -74.641 -74.641 -17.5038
    endloop
  endfacet
  facet normal 0.353553 -0.612372 -0.707107
    outer loop
      vertex -91.7615 -84.9874 -17.9038
      vertex -91.9615 -84.641 -18.3038
      vertex -74.641 -74.641 -18.3038
    endloop
  endfacet
  facet normal 0.353553 -0.612372 -0.707107
    outer loop
      vertex -91.7615 -84.9874 -17.9038
      vertex -74.641 -74.641 -18.3038
      vertex -74.441 -74.9874 -17.9038
    endloop
  endfacet
  facet normal -0.707107 0.353553 -0.612372
    outer loop
      vertex -91.9615 -84.441 -18.2502
      vertex -92.3615 -84.641 -17.9038
      vertex -92.3615 -64.641 -6.35674
    endloop
  endfacet
  facet normal -0.707107 0.353553 -0.612372
    outer loop
      vertex -91.9615 -84.441 -18.2502
      vertex -92.3615 -64.641 -6.35674
      vertex -91.9615 -64.441 -6.70316
    endloop
  endfacet
  facet normal -0.707107 -0.353553 0.612372
    outer loop
      vertex -92.3615 -84.641 -17.9038
      vertex -91.9615 -84.841 -17.5573
      vertex -91.9615 -64.841 -6.01033
    endloop
  endfacet
  facet normal -0.707107 -0.353553 0.612372
    outer loop
      vertex -92.3615 -84.641 -17.9038
      vertex -91.9615 -64.841 -6.01033
      vertex -92.3615 -64.641 -6.35674
    endloop
  endfacet
  facet normal 0.707107 -0.353553 0.612372
    outer loop
      vertex -91.9615 -84.841 -17.5573
      vertex -91.5615 -84.641 -17.9038
      vertex -91.5615 -64.641 -6.35674
    endloop
  endfacet
  facet normal 0.707107 -0.353553 0.612372
    outer loop
      vertex -91.9615 -84.841 -17.5573
      vertex -91.5615 -64.641 -6.35674
      vertex -91.9615 -64.841 -6.01033
    endloop
  endfacet
  facet normal 0.707107 0.353553 -0.612372
    outer loop
      vertex -91.5615 -84.641 -17.9038
      vertex -91.9615 -84.441 -18.2502
      vertex -91.9615 -64.441 -6.70316
    endloop
  endfacet
  facet normal 0.707107 0.353553 -0.612372
    outer loop
      vertex -91.5615 -84.641 -17.9038
      vertex -91.9615 -64.441 -6.70316
      vertex -91.5615 -64.641 -6.35674
    endloop
  endfacet
  facet normal -0.353553 0.707107 0.612372
    outer loop
      vertex -81.9615 -81.5615 7.78539
      vertex -82.1615 -81.9615 8.1318
      vertex -62.1615 -81.9615 19.6788
    endloop
  endfacet
  facet normal -0.353553 0.707107 0.612372
    outer loop
      vertex -81.9615 -81.5615 7.78539
      vertex -62.1615 -81.9615 19.6788
      vertex -61.9615 -81.5615 19.3324
    endloop
  endfacet
  facet normal -0.353553 -0.707107 0.612372
    outer loop
      vertex -82.1615 -81.9615 8.1318
      vertex -81.9615 -82.3615 7.78539
      vertex -61.9615 -82.3615 19.3324
    endloop
  endfacet
  facet normal -0.353553 -0.707107 0.612372
    outer loop
      vertex -82.1615 -81.9615 8.1318
      vertex -61.9615 -82.3615 19.3324
      vertex -62.1615 -81.9615 19.6788
    endloop
  endfacet
  facet normal 0.353553 -0.707107 -0.612372
    outer loop
      vertex -81.9615 -82.3615 7.78539
      vertex -81.7615 -81.9615 7.43898
      vertex -61.7615 -81.9615 18.986
    endloop
  endfacet
  facet normal 0.353553 -0.707107 -0.612372
    outer loop
      vertex -81.9615 -82.3615 7.78539
      vertex -61.7615 -81.9615 18.986
      vertex -61.9615 -82.3615 19.3324
    endloop
  endfacet
  facet normal 0.353553 0.707107 -0.612372
    outer loop
      vertex -81.7615 -81.9615 7.43898
      vertex -81.9615 -81.5615 7.78539
      vertex -61.9615 -81.5615 19.3324
    endloop
  endfacet
  facet normal 0.353553 0.707107 -0.612372
    outer loop
      vertex -81.7615 -81.9615 7.43898
      vertex -61.9615 -81.5615 19.3324
      vertex -61.7615 -81.9615 18.986
    endloop
  endfacet
  facet normal -0.645497 -0.67082 -0.365148
    outer loop
      vertex -81.9615 -82.2145 7.47555
      vertex -82.3267 -82.088 7.88867
      vertex -92.3267 -64.7675 -6.25347
    endloop
  endfacet
  facet normal -0.645497 -0.67082 -0.365148
    outer loop
      vertex -81.9615 -82.2145 7.47555
      vertex -92.3267 -64.7675 -6.25347
      vertex -91.9615 -64.894 -6.66658
    endloop
  endfacet
  facet normal -0.645497 0.223607 0.730297
    outer loop
      vertex -82.3267 -82.088 7.88867
      vertex -81.9615 -81.7085 8.09523
      vertex -91.9615 -64.388 -6.04691
    endloop
  endfacet
  facet normal -0.645497 0.223607 0.730297
    outer loop
      vertex -82.3267 -82.088 7.88867
      vertex -91.9615 -64.388 -6.04691
      vertex -92.3267 -64.7675 -6.25347
    endloop
  endfacet
  facet normal 0.645497 0.67082 0.365148
    outer loop
      vertex -81.9615 -81.7085 8.09523
      vertex -81.5964 -81.835 7.68211
      vertex -91.5964 -64.5145 -6.46002
    endloop
  endfacet
  facet normal 0.645497 0.67082 0.365148
    outer loop
      vertex -81.9615 -81.7085 8.09523
      vertex -91.5964 -64.5145 -6.46002
      vertex -91.9615 -64.388 -6.04691
    endloop
  endfacet
  facet normal 0.645497 -0.223607 -0.730297
    outer loop
      vertex -81.5964 -81.835 7.68211
      vertex -81.9615 -82.2145 7.47555
      vertex -91.9615 -64.894 -6.66658
    endloop
  endfacet
  facet normal 0.645497 -0.223607 -0.730297
    outer loop
      vertex -81.5964 -81.835 7.68211
      vertex -91.9615 -64.894 -6.66658
      vertex -91.5964 -64.5145 -6.46002
    endloop
  endfacet
  facet normal -0.353553 0.707107 0.612372
    outer loop
      vertex -91.9615 -64.241 -6.35674
      vertex -92.1615 -64.641 -6.01033
      vertex -72.1615 -64.641 5.53667
    endloop
  endfacet
  facet normal -0.353553 0.707107 0.612372
    outer loop
      vertex -91.9615 -64.241 -6.35674
      vertex -72.1615 -64.641 5.53667
      vertex -71.9615 -64.241 5.19026
    endloop
  endfacet
  facet normal -0.353553 -0.707107 0.612372
    outer loop
      vertex -92.1615 -64.641 -6.01033
      vertex -91.9615 -65.041 -6.35674
      vertex -71.9615 -65.041 5.19026
    endloop
  endfacet
  facet normal -0.353553 -0.707107 0.612372
    outer loop
      vertex -92.1615 -64.641 -6.01033
      vertex -71.9615 -65.041 5.19026
      vertex -72.1615 -64.641 5.53667
    endloop
  endfacet
  facet normal 0.353553 -0.707107 -0.612372
    outer loop
      vertex -91.9615 -65.041 -6.35674
      vertex -91.7615 -64.641 -6.70316
      vertex -71.7615 -64.641 4.84385
    endloop
  endfacet
  facet normal 0.353553 -0.707107 -0.612372
    outer loop
      vertex -91.9615 -65.041 -6.35674
      vertex -71.7615 -64.641 4.84385
      vertex -71.9615 -65.041 5.19026
    endloop
  endfacet
  facet normal 0.353553 0.707107 -0.612372
    outer loop
      vertex -91.7615 -64.641 -6.70316
      vertex -91.9615 -64.241 -6.35674
      vertex -71.9615 -64.241 5.19026
    endloop
  endfacet
  facet normal 0.353553 0.707107 -0.612372
    outer loop
      vertex -91.7615 -64.641 -6.70316
      vertex -71.9615 -64.241 5.19026
      vertex -71.7615 -64.641 4.84385
    endloop
  endfacet
  facet normal -0.353553 0.612372 -0.707107
    outer loop
      vertex -91.9615 -64.641 -6.75674
      vertex -92.1615 -64.2946 -6.35674
      vertex -74.841 -54.2946 -6.35674
    endloop
  endfacet
  facet normal -0.353553 0.612372 -0.707107
    outer loop
      vertex -91.9615 -64.641 -6.75674
      vertex -74.841 -54.2946 -6.35674
      vertex -74.641 -54.641 -6.75674
    endloop
  endfacet
  facet normal -0.353553 0.612372 0.707107
    outer loop
      vertex -92.1615 -64.2946 -6.35674
      vertex -91.9615 -64.641 -5.95674
      vertex -74.641 -54.641 -5.95674
    endloop
  endfacet
  facet normal -0.353553 0.612372 0.707107
    outer loop
      vertex -92.1615 -64.2946 -6.35674
      vertex -74.641 -54.641 -5.95674
      vertex -74.841 -54.2946 -6.35674
    endloop
  endfacet
  facet normal 0.353553 -0.612372 0.707107
    outer loop
      vertex -91.9615 -64.641 -5.95674
      vertex -91.7615 -64.9874 -6.35674
      vertex -74.441 -54.9874 -6.35674
    endloop
  endfacet
  facet normal 0.353553 -0.612372 0.707107
    outer loop
      vertex -91.9615 -64.641 -5.95674
      vertex -74.441 -54.9874 -6.35674
      vertex -74.641 -54.641 -5.95674
    endloop
  endfacet
  facet normal 0.353553 -0.612372 -0.707107
    outer loop
      vertex -91.7615 -64.9874 -6.35674
      vertex -91.9615 -64.641 -6.75674
      vertex -74.641 -54.641 -6.75674
    endloop
  endfacet
  facet normal 0.353553 -0.612372 -0.707107
    outer loop
      vertex -91.7615 -64.9874 -6.35674
      vertex -74.641 -54.641 -6.75674
      vertex -74.441 -54.9874 -6.35674
    endloop
  endfacet
  facet normal -0.707107 0.353553 -0.612372
    outer loop
      vertex -91.9615 -64.441 -6.70316
      vertex -92.3615 -64.641 -6.35674
      vertex -92.3615 -44.641 5.19026
    endloop
  endfacet
  facet normal -0.707107 0.353553 -0.612372
    outer loop
      vertex -91.9615 -64.441 -6.70316
      vertex -92.3615 -44.641 5.19026
      vertex -91.9615 -44.441 4.84385
    endloop
  endfacet
  facet normal -0.707107 -0.353553 0.612372
    outer loop
      vertex -92.3615 -64.641 -6.35674
      vertex -91.9615 -64.841 -6.01033
      vertex -91.9615 -44.841 5.53667
    endloop
  endfacet
  facet normal -0.707107 -0.353553 0.612372
    outer loop
      vertex -92.3615 -64.641 -6.35674
      vertex -91.9615 -44.841 5.53667
      vertex -92.3615 -44.641 5.19026
    endloop
  endfacet
  facet normal 0.707107 -0.353553 0.612372
    outer loop
      vertex -91.9615 -64.841 -6.01033
      vertex -91.5615 -64.641 -6.35674
      vertex -91.5615 -44.641 5.19026
    endloop
  endfacet
  facet normal 0.707107 -0.353553 0.612372
    outer loop
      vertex -91.9615 -64.841 -6.01033
      vertex -91.5615 -44.641 5.19026
      vertex -91.9615 -44.841 5.53667
    endloop
  endfacet
  facet normal 0.707107 0.353553 -0.612372
    outer loop
      vertex -91.5615 -64.641 -6.35674
      vertex -91.9615 -64.441 -6.70316
      vertex -91.9615 -44.441 4.84385
    endloop
  endfacet
  facet normal 0.707107 0.353553 -0.612372
    outer loop
      vertex -91.5615 -64.641 -6.35674
      vertex -91.9615 -44.441 4.84385
      vertex -91.5615 -44.641 5.19026
    endloop
  endfacet
  facet normal -0.353553 0.707107 0.612372
    outer loop
      vertex -91.9615 -44.241 5.19026
      vertex -92.1615 -44.641 5.53667
      vertex -72.1615 -44.641 17.0837
    endloop
  endfacet
  facet normal -0.353553 0.707107 0.612372
    outer loop
      vertex -91.9615 -44.241 5.19026
      vertex -72.1615 -44.641 17.0837
      vertex -71.9615 -44.241 16.7373
    endloop
  endfacet
  facet normal -0.353553 -0.707107 0.612372
    outer loop
      vertex -92.1615 -44.641 5.53667
      vertex -91.9615 -45.041 5.19026
      vertex -71.9615 -45.041 16.7373
    endloop
  endfacet
  facet normal -0.353553 -0.707107 0.612372
    outer loop
      vertex -92.1615 -44.641 5.53667
      vertex -71.9615 -45.041 16.7373
      vertex -72.1615 -44.641 17.0837
    endloop
  endfacet
  facet normal 0.353553 -0.707107 -0.612372
    outer loop
      vertex -91.9615 -45.041 5.19026
      vertex -91.7615 -44.641 4.84385
      vertex -71.7615 -44.641 16.3909
    endloop
  endfacet
  facet normal 0.353553 -0.707107 -0.612372
    outer loop
      vertex -91.9615 -45.041 5.19026
      vertex -71.7615 -44.641 16.3909
      vertex -71.9615 -45.041 16.7373
    endloop
  endfacet
  facet normal 0.353553 0.707107 -0.612372
    outer loop
      vertex -91.7615 -44.641 4.84385
      vertex -91.9615 -44.241 5.19026
      vertex -71.9615 -44.241 16.7373
    endloop
  endfacet
  facet normal 0.353553 0.707107 -0.612372
    outer loop
      vertex -91.7615 -44.641 4.84385
      vertex -71.9615 -44.241 16.7373
      vertex -71.7615 -44.641 16.3909
    endloop
  endfacet
  facet normal -0.353553 0.612372 -0.707107
    outer loop
      vertex -91.9615 -44.641 4.79026
      vertex -92.1615 -44.2946 5.19026
      vertex -74.841 -34.2946 5.19026
    endloop
  endfacet
  facet normal -0.353553 0.612372 -0.707107
    outer loop
      vertex -91.9615 -44.641 4.79026
      vertex -74.841 -34.2946 5.19026
      vertex -74.641 -34.641 4.79026
    endloop
  endfacet
  facet normal -0.353553 0.612372 0.707107
    outer loop
      vertex -92.1615 -44.2946 5.19026
      vertex -91.9615 -44.641 5.59026
      vertex -74.641 -34.641 5.59026
    endloop
  endfacet
  facet normal -0.353553 0.612372 0.707107
    outer loop
      vertex -92.1615 -44.2946 5.19026
      vertex -74.641 -34.641 5.59026
      vertex -74.841 -34.2946 5.19026
    endloop
  endfacet
  facet normal 0.353553 -0.612372 0.707107
    outer loop
      vertex -91.9615 -44.641 5.59026
      vertex -91.7615 -44.9874 5.19026
      vertex -74.441 -34.9874 5.19026
    endloop
  endfacet
  facet normal 0.353553 -0.612372 0.707107
    outer loop
      vertex -91.9615 -44.641 5.59026
      vertex -74.441 -34.9874 5.19026
      vertex -74.641 -34.641 5.59026
    endloop
  endfacet
  facet normal 0.353553 -0.612372 -0.707107
    outer loop
      vertex -91.7615 -44.9874 5.19026
      vertex -91.9615 -44.641 4.79026
      vertex -74.641 -34.641 4.79026
    endloop
  endfacet
  facet normal 0.353553 -0.612372 -0.707107
    outer loop
      vertex -91.7615 -44.9874 5.19026
      vertex -74.641 -34.641 4.79026
      vertex -74.441 -34.9874 5.19026
    endloop
  endfacet
  facet normal -0.645497 -0.67082 -0.365148
    outer loop
      vertex -91.9615 -44.894 4.88042
      vertex -92.3267 -44.7675 5.29354
      vertex -102.327 -27.447 -8.8486
    endloop
  endfacet
  facet normal -0.645497 -0.67082 -0.365148
    outer loop
      vertex -91.9615 -44.894 4.88042
      vertex -102.327 -27.447 -8.8486
      vertex -101.962 -27.5735 -9.26171
    endloop
  endfacet
  facet normal -0.645497 0.223607 0.730297
    outer loop
      vertex -92.3267 -44.7675 5.29354
      vertex -91.9615 -44.388 5.5001
      vertex -101.962 -27.0675 -8.64204
    endloop
  endfacet
  facet normal -0.645497 0.223607 0.730297
    outer loop
      vertex -92.3267 -44.7675 5.29354
      vertex -101.962 -27.0675 -8.64204
      vertex -102.327 -27.447 -8.8486
    endloop
  endfacet
  facet normal 0.645497 0.67082 0.365148
    outer loop
      vertex -91.9615 -44.388 5.5001
      vertex -91.5964 -44.5145 5.08698
      vertex -101.596 -27.194 -9.05515
    endloop
  endfacet
  facet normal 0.645497 0.67082 0.365148
    outer loop
      vertex -91.9615 -44.388 5.5001
      vertex -101.596 -27.194 -9.05515
      vertex -101.962 -27.0675 -8.64204
    endloop
  endfacet
  facet normal 0.645497 -0.223607 -0.730297
    outer loop
      vertex -91.5964 -44.5145 5.08698
      vertex -91.9615 -44.894 4.88042
      vertex -101.962 -27.5735 -9.26171
    endloop
  endfacet
  facet normal 0.645497 -0.223607 -0.730297
    outer loop
      vertex -91.5964 -44.5145 5.08698
      vertex -101.962 -27.5735 -9.26171
      vertex -101.596 -27.194 -9.05515
    endloop
  endfacet
  facet normal -0.353553 0.707107 0.612372
    outer loop
      vertex -101.962 -26.9205 -8.95188
      vertex -102.162 -27.3205 -8.60546
      vertex -82.1615 -27.3205 2.94154
    endloop
  endfacet
  facet normal -0.353553 0.707107 0.612372
    outer loop
      vertex -101.962 -26.9205 -8.95188
      vertex -82.1615 -27.3205 2.94154
      vertex -81.9615 -26.9205 2.59513
    endloop
  endfacet
  facet normal -0.353553 -0.707107 0.612372
    outer loop
      vertex -102.162 -27.3205 -8.60546
      vertex -101.962 -27.7205 -8.95188
      vertex -81.9615 -27.7205 2.59513
    endloop
  endfacet
  facet normal -0.353553 -0.707107 0.612372
    outer loop
      vertex -102.162 -27.3205 -8.60546
      vertex -81.9615 -27.7205 2.59513
      vertex -82.1615 -27.3205 2.94154
    endloop
  endfacet
  facet normal 0.353553 -0.707107 -0.612372
    outer loop
      vertex -101.962 -27.7205 -8.95188
      vertex -101.762 -27.3205 -9.29829
      vertex -81.7615 -27.3205 2.24872
    endloop
  endfacet
  facet normal 0.353553 -0.707107 -0.612372
    outer loop
      vertex -101.962 -27.7205 -8.95188
      vertex -81.7615 -27.3205 2.24872
      vertex -81.9615 -27.7205 2.59513
    endloop
  endfacet
  facet normal 0.353553 0.707107 -0.612372
    outer loop
      vertex -101.762 -27.3205 -9.29829
      vertex -101.962 -26.9205 -8.95188
      vertex -81.9615 -26.9205 2.59513
    endloop
  endfacet
  facet normal 0.353553 0.707107 -0.612372
    outer loop
      vertex -101.762 -27.3205 -9.29829
      vertex -81.9615 -26.9205 2.59513
      vertex -81.7615 -27.3205 2.24872
    endloop
  endfacet
  facet normal -0.353553 0.612372 -0.707107
    outer loop
      vertex -101.962 -27.3205 -9.35188
      vertex -102.162 -26.9741 -8.95188
      vertex -84.841 -16.9741 -8.95188
    endloop
  endfacet
  facet normal -0.353553 0.612372 -0.707107
    outer loop
      vertex -101.962 -27.3205 -9.35188
      vertex -84.841 -16.9741 -8.95188
      vertex -84.641 -17.3205 -9.35188
    endloop
  endfacet
  facet normal -0.353553 0.612372 0.707107
    outer loop
      vertex -102.162 -26.9741 -8.95188
      vertex -101.962 -27.3205 -8.55188
      vertex -84.641 -17.3205 -8.55188
    endloop
  endfacet
  facet normal -0.353553 0.612372 0.707107
    outer loop
      vertex -102.162 -26.9741 -8.95188
      vertex -84.641 -17.3205 -8.55188
      vertex -84.841 -16.9741 -8.95188
    endloop
  endfacet
  facet normal 0.353553 -0.612372 0.707107
    outer loop
      vertex -101.962 -27.3205 -8.55188
      vertex -101.762 -27.6669 -8.95188
      vertex -84.441 -17.6669 -8.95188
    endloop
  endfacet
  facet normal 0.353553 -0.612372 0.707107
    outer loop
      vertex -101.962 -27.3205 -8.55188
      vertex -84.441 -17.6669 -8.95188
      vertex -84.641 -17.3205 -8.55188
    endloop
  endfacet
  facet normal 0.353553 -0.612372 -0.707107
    outer loop
      vertex -101.762 -27.6669 -8.95188
      vertex -101.962 -27.3205 -9.35188
      vertex -84.641 -17.3205 -9.35188
    endloop
  endfacet
  facet normal 0.353553 -0.612372 -0.707107
    outer loop
      vertex -101.762 -27.6669 -8.95188
      vertex -84.641 -17.3205 -9.35188
      vertex -84.441 -17.6669 -8.95188
    endloop
  endfacet
  facet normal -0.707107 0.353553 -0.612372
    outer loop
      vertex -101.962 -27.1205 -9.29829
      vertex -102.362 -27.3205 -8.95188
      vertex -102.362 -7.32051 2.59513
    endloop
  endfacet
  facet normal -0.707107 0.353553 -0.612372
    outer loop
      vertex -101.962 -27.1205 -9.29829
      vertex -102.362 -7.32051 2.59513
      vertex -101.962 -7.12051 2.24872
    endloop
  endfacet
  facet normal -0.707107 -0.353553 0.612372
    outer loop
      vertex -102.362 -27.3205 -8.95188
      vertex -101.962 -27.5205 -8.60546
      vertex -101.962 -7.52051 2.94154
    endloop
  endfacet
  facet normal -0.707107 -0.353553 0.612372
    outer loop
      vertex -102.362 -27.3205 -8.95188
      vertex -101.962 -7.52051 2.94154
      vertex -102.362 -7.32051 2.59513
    endloop
  endfacet
  facet normal 0.707107 -0.353553 0.612372
    outer loop
      vertex -101.962 -27.5205 -8.60546
      vertex -101.562 -27.3205 -8.95188
      vertex -101.562 -7.32051 2.59513
    endloop
  endfacet
  facet normal 0.707107 -0.353553 0.612372
    outer loop
      vertex -101.962 -27.5205 -8.60546
      vertex -101.562 -7.32051 2.59513
      vertex -101.962 -7.52051 2.94154
    endloop
  endfacet
  facet normal 0.707107 0.353553 -0.612372
    outer loop
      vertex -101.562 -27.3205 -8.95188
      vertex -101.962 -27.1205 -9.29829
      vertex -101.962 -7.12051 2.24872
    endloop
  endfacet
  facet normal 0.707107 0.353553 -0.612372
    outer loop
      vertex -101.562 -27.3205 -8.95188
      vertex -101.962 -7.12051 2.24872
      vertex -101.562 -7.32051 2.59513
    endloop
  endfacet
  facet normal -0.353553 0.707107 0.612372
    outer loop
      vertex -101.962 -6.92051 2.59513
      vertex -102.162 -7.32051 2.94154
      vertex -82.1615 -7.32051 14.4885
    endloop
  endfacet
  facet normal -0.353553 0.707107 0.612372
    outer loop
      vertex -101.962 -6.92051 2.59513
      vertex -82.1615 -7.32051 14.4885
      vertex -81.9615 -6.92051 14.1421
    endloop
  endfacet
  facet normal -0.353553 -0.707107 0.612372
    outer loop
      vertex -102.162 -7.32051 2.94154
      vertex -101.962 -7.72051 2.59513
      vertex -81.9615 -7.72051 14.1421
    endloop
  endfacet
  facet normal -0.353553 -0.707107 0.612372
    outer loop
      vertex -102.162 -7.32051 2.94154
      vertex -81.9615 -7.72051 14.1421
      vertex -82.1615 -7.32051 14.4885
    endloop
  endfacet
  facet normal 0.353553 -0.707107 -0.612372
    outer loop
      vertex -101.962 -7.72051 2.59513
      vertex -101.762 -7.32051 2.24872
      vertex -81.7615 -7.32051 13.7957
    endloop
  endfacet
  facet normal 0.353553 -0.707107 -0.612372
    outer loop
      vertex -101.962 -7.72051 2.59513
      vertex -81.7615 -7.32051 13.7957
      vertex -81.9615 -7.72051 14.1421
    endloop
  endfacet
  facet normal 0.353553 0.707107 -0.612372
    outer loop
      vertex -101.762 -7.32051 2.24872
      vertex -101.962 -6.92051 2.59513
      vertex -81.9615 -6.92051 14.1421
    endloop
  endfacet
  facet normal 0.353553 0.707107 -0.612372
    outer loop
      vertex -101.762 -7.32051 2.24872
      vertex -81.9615 -6.92051 14.1421
      vertex -81.7615 -7.32051 13.7957
    endloop
  endfacet
  facet normal -0.353553 0.612372 -0.707107
    outer loop
      vertex -101.962 -7.32051 2.19513
      vertex -102.162 -6.9741 2.59513
      vertex -84.841 3.0259 2.59513
    endloop
  endfacet
  facet normal -0.353553 0.612372 -0.707107
    outer loop
      vertex -101.962 -7.32051 2.19513
      vertex -84.841 3.0259 2.59513
      vertex -84.641 2.67949 2.19513
    endloop
  endfacet
  facet normal -0.353553 0.612372 0.707107
    outer loop
      vertex -102.162 -6.9741 2.59513
      vertex -101.962 -7.32051 2.99513
      vertex -84.641 2.67949 2.99513
    endloop
  endfacet
  facet normal -0.353553 0.612372 0.707107
    outer loop
      vertex -102.162 -6.9741 2.59513
      vertex -84.641 2.67949 2.99513
      vertex -84.841 3.0259 2.59513
    endloop
  endfacet
  facet normal 0.353553 -0.612372 0.707107
    outer loop
      vertex -101.962 -7.32051 2.99513
      vertex -101.762 -7.66692 2.59513
      vertex -84.441 2.33308 2.59513
    endloop
  endfacet
  facet normal 0.353553 -0.612372 0.707107
    outer loop
      vertex -101.962 -7.32051 2.99513
      vertex -84.441 2.33308 2.59513
      vertex -84.641 2.67949 2.99513
    endloop
  endfacet
  facet normal 0.353553 -0.612372 -0.707107
    outer loop
      vertex -101.762 -7.66692 2.59513
      vertex -101.962 -7.32051 2.19513
      vertex -84.641 2.67949 2.19513
    endloop
  endfacet
  facet normal 0.353553 -0.612372 -0.707107
    outer loop
      vertex -101.762 -7.66692 2.59513
      vertex -84.641 2.67949 2.19513
      vertex -84.441 2.33308 2.59513
    endloop
  endfacet
  facet normal -0.707107 0.353553 -0.612372
    outer loop
      vertex -101.962 -7.12051 2.24872
      vertex -102.362 -7.32051 2.59513
      vertex -102.362 12.6795 14.1421
    endloop
  endfacet
  facet normal -0.707107 0.353553 -0.612372
    outer loop
      vertex -101.962 -7.12051 2.24872
      vertex -102.362 12.6795 14.1421
      vertex -101.962 12.8795 13.7957
    endloop
  endfacet
  facet normal -0.707107 -0.353553 0.612372
    outer loop
      vertex -102.362 -7.32051 2.59513
      vertex -101.962 -7.52051 2.94154
      vertex -101.962 12.4795 14.4885
    endloop
  endfacet
  facet normal -0.707107 -0.353553 0.612372
    outer loop
      vertex -102.362 -7.32051 2.59513
      vertex -101.962 12.4795 14.4885
      vertex -102.362 12.6795 14.1421
    endloop
  endfacet
  facet normal 0.707107 -0.353553 0.612372
    outer loop
      vertex -101.962 -7.52051 2.94154
      vertex -101.562 -7.32051 2.59513
      vertex -101.562 12.6795 14.1421
    endloop
  endfacet
  facet normal 0.707107 -0.353553 0.612372
    outer loop
      vertex -101.962 -7.52051 2.94154
      vertex -101.562 12.6795 14.1421
      vertex -101.962 12.4795 14.4885
    endloop
  endfacet
  facet normal 0.707107 0.353553 -0.612372
    outer loop
      vertex -101.562 -7.32051 2.59513
      vertex -101.962 -7.12051 2.24872
      vertex -101.962 12.8795 13.7957
    endloop
  endfacet
  facet normal 0.707107 0.353553 -0.612372
    outer loop
      vertex -101.562 -7.32051 2.59513
      vertex -101.962 12.8795 13.7957
      vertex -101.562 12.6795 14.1421
    endloop
  endfacet
  facet normal -0.645497 -0.67082 -0.365148
    outer loop
      vertex -101.962 -7.57349 2.28529
      vertex -102.327 -7.447 2.69841
      vertex -112.327 9.87351 -11.4437
    endloop
  endfacet
  facet normal -0.645497 -0.67082 -0.365148
    outer loop
      vertex -101.962 -7.57349 2.28529
      vertex -112.327 9.87351 -11.4437
      vertex -111.962 9.74702 -11.8568
    endloop
  endfacet
  facet normal -0.645497 0.223607 0.730297
    outer loop
      vertex -102.327 -7.447 2.69841
      vertex -101.962 -7.06753 2.90497
      vertex -111.962 10.253 -11.2372
    endloop
  endfacet
  facet normal -0.645497 0.223607 0.730297
    outer loop
      vertex -102.327 -7.447 2.69841
      vertex -111.962 10.253 -11.2372
      vertex -112.327 9.87351 -11.4437
    endloop
  endfacet
  facet normal 0.645497 0.67082 0.365148
    outer loop
      vertex -101.962 -7.06753 2.90497
      vertex -101.596 -7.19402 2.49185
      vertex -111.596 10.1265 -11.6503
    endloop
  endfacet
  facet normal 0.645497 0.67082 0.365148
    outer loop
      vertex -101.962 -7.06753 2.90497
      vertex -111.596 10.1265 -11.6503
      vertex -111.962 10.253 -11.2372
    endloop
  endfacet
  facet normal 0.645497 -0.223607 -0.730297
    outer loop
      vertex -101.596 -7.19402 2.49185
      vertex -101.962 -7.57349 2.28529
      vertex -111.962 9.74702 -11.8568
    endloop
  endfacet
  facet normal 0.645497 -0.223607 -0.730297
    outer loop
      vertex -101.596 -7.19402 2.49185
      vertex -111.962 9.74702 -11.8568
      vertex -111.596 10.1265 -11.6503
    endloop
  endfacet
  facet normal -0.353553 0.707107 0.612372
    outer loop
      vertex -111.962 10.4 -11.547
      vertex -112.162 10 -11.2006
      vertex -92.1615 10 0.34641
    endloop
  endfacet
  facet normal -0.353553 0.707107 0.612372
    outer loop
      vertex -111.962 10.4 -11.547
      vertex -92.1615 10 0.34641
      vertex -91.9615 10.4 0
    endloop
  endfacet
  facet normal -0.353553 -0.707107 0.612372
    outer loop
      vertex -112.162 10 -11.2006
      vertex -111.962 9.6 -11.547
      vertex -91.9615 9.6 4.2423e-17
    endloop
  endfacet
  facet normal -0.353553 -0.707107 0.612372
    outer loop
      vertex -112.162 10 -11.2006
      vertex -91.9615 9.6 4.2423e-17
      vertex -92.1615 10 0.34641
    endloop
  endfacet
  facet normal 0.353553 -0.707107 -0.612372
    outer loop
      vertex -111.962 9.6 -11.547
      vertex -111.762 10 -11.8934
      vertex -91.7615 10 -0.34641
    endloop
  endfacet
  facet normal 0.353553 -0.707107 -0.612372
    outer loop
      vertex -111.962 9.6 -11.547
      vertex -91.7615 10 -0.34641
      vertex -91.9615 9.6 4.2423e-17
    endloop
  endfacet
  facet normal 0.353553 0.707107 -0.612372
    outer loop
      vertex -111.762 10 -11.8934
      vertex -111.962 10.4 -11.547
      vertex -91.9615 10.4 0
    endloop
  endfacet
  facet normal 0.353553 0.707107 -0.612372
    outer loop
      vertex -111.762 10 -11.8934
      vertex -91.9615 10.4 0
      vertex -91.7615 10 -0.34641
    endloop
  endfacet
  facet normal -0.353553 0.612372 -0.707107
    outer loop
      vertex -111.962 10 -11.947
      vertex -112.162 10.3464 -11.547
      vertex -94.841 20.3464 -11.547
    endloop
  endfacet
  facet normal -0.353553 0.612372 -0.707107
    outer loop
      vertex -111.962 10 -11.947
      vertex -94.841 20.3464 -11.547
      vertex -94.641 20 -11.947
    endloop
  endfacet
  facet normal -0.353553 0.612372 0.707107
    outer loop
      vertex -112.162 10.3464 -11.547
      vertex -111.962 10 -11.147
      vertex -94.641 20 -11.147
    endloop
  endfacet
  facet normal -0.353553 0.612372 0.707107
    outer loop
      vertex -112.162 10.3464 -11.547
      vertex -94.641 20 -11.147
      vertex -94.841 20.3464 -11.547
    endloop
  endfacet
  facet normal 0.353553 -0.612372 0.707107
    outer loop
      vertex -111.962 10 -11.147
      vertex -111.762 9.65359 -11.547
      vertex -94.441 19.6536 -11.547
    endloop
  endfacet
  facet normal 0.353553 -0.612372 0.707107
    outer loop
      vertex -111.962 10 -11.147
      vertex -94.441 19.6536 -11.547
      vertex -94.641 20 -11.147
    endloop
  endfacet
  facet normal 0.353553 -0.612372 -0.707107
    outer loop
      vertex -111.762 9.65359 -11.547
      vertex -111.962 10 -11.947
      vertex -94.641 20 -11.947
    endloop
  endfacet
  facet normal 0.353553 -0.612372 -0.707107
    outer loop
      vertex -111.762 9.65359 -11.547
      vertex -94.641 20 -11.947
      vertex -94.441 19.6536 -11.547
    endloop
  endfacet
  facet normal -0.707107 0.353553 -0.612372
    outer loop
      vertex -111.962 10.2 -11.8934
      vertex -112.362 10 -11.547
      vertex -112.362 30 -2.12115e-17
    endloop
  endfacet
  facet normal -0.707107 0.353553 -0.612372
    outer loop
      vertex -111.962 10.2 -11.8934
      vertex -112.362 30 -2.12115e-17
      vertex -111.962 30.2 -0.34641
    endloop
  endfacet
  facet normal -0.707107 -0.353553 0.612372
    outer loop
      vertex -112.362 10 -11.547
      vertex -111.962 9.8 -11.2006
      vertex -111.962 29.8 0.34641
    endloop
  endfacet
  facet normal -0.707107 -0.353553 0.612372
    outer loop
      vertex -112.362 10 -11.547
      vertex -111.962 29.8 0.34641
      vertex -112.362 30 -2.12115e-17
    endloop
  endfacet
  facet normal 0.707107 -0.353553 0.612372
    outer loop
      vertex -111.962 9.8 -11.2006
      vertex -111.562 10 -11.547
      vertex -111.562 30 6.36345e-17
    endloop
  endfacet
  facet normal 0.707107 -0.353553 0.612372
    outer loop
      vertex -111.962 9.8 -11.2006
      vertex -111.562 30 6.36345e-17
      vertex -111.962 29.8 0.34641
    endloop
  endfacet
  facet normal 0.707107 0.353553 -0.612372
    outer loop
      vertex -111.562 10 -11.547
      vertex -111.962 10.2 -11.8934
      vertex -111.962 30.2 -0.34641
    endloop
  endfacet
  facet normal 0.707107 0.353553 -0.612372
    outer loop
      vertex -111.562 10 -11.547
      vertex -111.962 30.2 -0.34641
      vertex -111.562 30 6.36345e-17
    endloop
  endfacet
  facet normal -0.645497 -0.67082 -0.365148
    outer loop
      vertex -101.962 12.4265 13.8323
      vertex -102.327 12.553 14.2454
      vertex -112.327 29.8735 0.10328
    endloop
  endfacet
  facet normal -0.645497 -0.67082 -0.365148
    outer loop
      vertex -101.962 12.4265 13.8323
      vertex -112.327 29.8735 0.10328
      vertex -111.962 29.747 -0.309839
    endloop
  endfacet
  facet normal -0.645497 0.223607 0.730297
    outer loop
      vertex -102.327 12.553 14.2454
      vertex -101.962 12.9325 14.452
      vertex -111.962 30.253 0.309839
    endloop
  endfacet
  facet normal -0.645497 0.223607 0.730297
    outer loop
      vertex -102.327 12.553 14.2454
      vertex -111.962 30.253 0.309839
      vertex -112.327 29.8735 0.10328
    endloop
  endfacet
  facet normal 0.645497 0.67082 0.365148
    outer loop
      vertex -101.962 12.9325 14.452
      vertex -101.596 12.806 14.0389
      vertex -111.596 30.1265 -0.10328
    endloop
  endfacet
  facet normal 0.645497 0.67082 0.365148
    outer loop
      vertex -101.962 12.9325 14.452
      vertex -111.596 30.1265 -0.10328
      vertex -111.962 30.253 0.309839
    endloop
  endfacet
  facet normal 0.645497 -0.223607 -0.730297
    outer loop
      vertex -101.596 12.806 14.0389
      vertex -101.962 12.4265 13.8323
      vertex -111.962 29.747 -0.309839
    endloop
  endfacet
  facet normal 0.645497 -0.223607 -0.730297
    outer loop
      vertex -101.596 12.806 14.0389
      vertex -111.962 29.747 -0.309839
      vertex -111.596 30.1265 -0.10328
    endloop
  endfacet
  facet normal -0.353553 0.707107 0.612372
    outer loop
      vertex -111.962 30.4 0
      vertex -112.162 30 0.34641
      vertex -92.1615 30 11.8934
    endloop
  endfacet
  facet normal -0.353553 0.707107 0.612372
    outer loop
      vertex -111.962 30.4 0
      vertex -92.1615 30 11.8934
      vertex -91.9615 30.4 11.547
    endloop
  endfacet
  facet normal -0.353553 -0.707107 0.612372
    outer loop
      vertex -112.162 30 0.34641
      vertex -111.962 29.6 4.2423e-17
      vertex -91.9615 29.6 11.547
    endloop
  endfacet
  facet normal -0.353553 -0.707107 0.612372
    outer loop
      vertex -112.162 30 0.34641
      vertex -91.9615 29.6 11.547
      vertex -92.1615 30 11.8934
    endloop
  endfacet
  facet normal 0.353553 -0.707107 -0.612372
    outer loop
      vertex -111.962 29.6 4.2423e-17
      vertex -111.762 30 -0.34641
      vertex -91.7615 30 11.2006
    endloop
  endfacet
  facet normal 0.353553 -0.707107 -0.612372
    outer loop
      vertex -111.962 29.6 4.2423e-17
      vertex -91.7615 30 11.2006
      vertex -91.9615 29.6 11.547
    endloop
  endfacet
  facet normal 0.353553 0.707107 -0.612372
    outer loop
      vertex -111.762 30 -0.34641
      vertex -111.962 30.4 0
      vertex -91.9615 30.4 11.547
    endloop
  endfacet
  facet normal 0.353553 0.707107 -0.612372
    outer loop
      vertex -111.762 30 -0.34641
      vertex -91.9615 30.4 11.547
      vertex -91.7615 30 11.2006
    endloop
  endfacet
  facet normal -0.353553 0.612372 -0.707107
    outer loop
      vertex -111.962 30 -0.4
      vertex -112.162 30.3464 -2.44929e-17
      vertex -94.841 40.3464 -2.44929e-17
    endloop
  endfacet
  facet normal -0.353553 0.612372 -0.707107
    outer loop
      vertex -111.962 30 -0.4
      vertex -94.841 40.3464 -2.44929e-17
      vertex -94.641 40 -0.4
    endloop
  endfacet
  facet normal -0.353553 0.612372 0.707107
    outer loop
      vertex -112.162 30.3464 -2.44929e-17
      vertex -111.962 30 0.4
      vertex -94.641 40 0.4
    endloop
  endfacet
  facet normal -0.353553 0.612372 0.707107
    outer loop
      vertex -112.162 30.3464 -2.44929e-17
      vertex -94.641 40 0.4
      vertex -94.841 40.3464 -2.44929e-17
    endloop
  endfacet
  facet normal 0.353553 -0.612372 0.707107
    outer loop
      vertex -111.962 30 0.4
      vertex -111.762 29.6536 7.34788e-17
      vertex -94.441 39.6536 7.34788e-17
    endloop
  endfacet
  facet normal 0.353553 -0.612372 0.707107
    outer loop
      vertex -111.962 30 0.4
      vertex -94.441 39.6536 7.34788e-17
      vertex -94.641 40 0.4
    endloop
  endfacet
  facet normal 0.353553 -0.612372 -0.707107
    outer loop
      vertex -111.762 29.6536 7.34788e-17
      vertex -111.962 30 -0.4
      vertex -94.641 40 -0.4
    endloop
  endfacet
  facet normal 0.353553 -0.612372 -0.707107
    outer loop
      vertex -111.762 29.6536 7.34788e-17
      vertex -94.641 40 -0.4
      vertex -94.441 39.6536 7.34788e-17
    endloop
  endfacet
  facet normal -0.707107 0.353553 -0.612372
    outer loop
      vertex -111.962 30.2 -0.34641
      vertex -112.362 30 -2.12115e-17
      vertex -112.362 50 11.547
    endloop
  endfacet
  facet normal -0.707107 0.353553 -0.612372
    outer loop
      vertex -111.962 30.2 -0.34641
      vertex -112.362 50 11.547
      vertex -111.962 50.2 11.2006
    endloop
  endfacet
  facet normal -0.707107 -0.353553 0.612372
    outer loop
      vertex -112.362 30 -2.12115e-17
      vertex -111.962 29.8 0.34641
      vertex -111.962 49.8 11.8934
    endloop
  endfacet
  facet normal -0.707107 -0.353553 0.612372
    outer loop
      vertex -112.362 30 -2.12115e-17
      vertex -111.962 49.8 11.8934
      vertex -112.362 50 11.547
    endloop
  endfacet
  facet normal 0.707107 -0.353553 0.612372
    outer loop
      vertex -111.962 29.8 0.34641
      vertex -111.562 30 6.36345e-17
      vertex -111.562 50 11.547
    endloop
  endfacet
  facet normal 0.707107 -0.353553 0.612372
    outer loop
      vertex -111.962 29.8 0.34641
      vertex -111.562 50 11.547
      vertex -111.962 49.8 11.8934
    endloop
  endfacet
  facet normal 0.707107 0.353553 -0.612372
    outer loop
      vertex -111.562 30 6.36345e-17
      vertex -111.962 30.2 -0.34641
      vertex -111.962 50.2 11.2006
    endloop
  endfacet
  facet normal 0.707107 0.353553 -0.612372
    outer loop
      vertex -111.562 30 6.36345e-17
      vertex -111.962 50.2 11.2006
      vertex -111.562 50 11.547
    endloop
  endfacet
  facet normal -0.645497 -0.67082 -0.365148
    outer loop
      vertex -111.962 29.747 -0.309839
      vertex -112.327 29.8735 0.10328
      vertex -122.327 47.194 -14.0389
    endloop
  endfacet
  facet normal -0.645497 -0.67082 -0.365148
    outer loop
      vertex -111.962 29.747 -0.309839
      vertex -122.327 47.194 -14.0389
      vertex -121.962 47.0675 -14.452
    endloop
  endfacet
  facet normal -0.645497 0.223607 0.730297
    outer loop
      vertex -112.327 29.8735 0.10328
      vertex -111.962 30.253 0.309839
      vertex -121.962 47.5735 -13.8323
    endloop
  endfacet
  facet normal -0.645497 0.223607 0.730297
    outer loop
      vertex -112.327 29.8735 0.10328
      vertex -121.962 47.5735 -13.8323
      vertex -122.327 47.194 -14.0389
    endloop
  endfacet
  facet normal 0.645497 0.67082 0.365148
    outer loop
      vertex -111.962 30.253 0.309839
      vertex -111.596 30.1265 -0.10328
      vertex -121.596 47.447 -14.2454
    endloop
  endfacet
  facet normal 0.645497 0.67082 0.365148
    outer loop
      vertex -111.962 30.253 0.309839
      vertex -121.596 47.447 -14.2454
      vertex -121.962 47.5735 -13.8323
    endloop
  endfacet
  facet normal 0.645497 -0.223607 -0.730297
    outer loop
      vertex -111.596 30.1265 -0.10328
      vertex -111.962 29.747 -0.309839
      vertex -121.962 47.0675 -14.452
    endloop
  endfacet
  facet normal 0.645497 -0.223607 -0.730297
    outer loop
      vertex -111.596 30.1265 -0.10328
      vertex -121.962 47.0675 -14.452
      vertex -121.596 47.447 -14.2454
    endloop
  endfacet
  facet normal -0.353553 0.707107 0.612372
    outer loop
      vertex -121.962 47.7205 -14.1421
      vertex -122.162 47.3205 -13.7957
      vertex -102.162 47.3205 -2.24872
    endloop
  endfacet
  facet normal -0.353553 0.707107 0.612372
    outer loop
      vertex -121.962 47.7205 -14.1421
      vertex -102.162 47.3205 -2.24872
      vertex -101.962 47.7205 -2.59513
    endloop
  endfacet
  facet normal -0.353553 -0.707107 0.612372
    outer loop
      vertex -122.162 47.3205 -13.7957
      vertex -121.962 46.9205 -14.1421
      vertex -101.962 46.9205 -2.59513
    endloop
  endfacet
  facet normal -0.353553 -0.707107 0.612372
    outer loop
      vertex -122.162 47.3205 -13.7957
      vertex -101.962 46.9205 -2.59513
      vertex -102.162 47.3205 -2.24872
    endloop
  endfacet
  facet normal 0.353553 -0.707107 -0.612372
    outer loop
      vertex -121.962 46.9205 -14.1421
      vertex -121.762 47.3205 -14.4885
      vertex -101.762 47.3205 -2.94154
    endloop
  endfacet
  facet normal 0.353553 -0.707107 -0.612372
    outer loop
      vertex -121.962 46.9205 -14.1421
      vertex -101.762 47.3205 -2.94154
      vertex -101.962 46.9205 -2.59513
    endloop
  endfacet
  facet normal 0.353553 0.707107 -0.612372
    outer loop
      vertex -121.762 47.3205 -14.4885
      vertex -121.962 47.7205 -14.1421
      vertex -101.962 47.7205 -2.59513
    endloop
  endfacet
  facet normal 0.353553 0.707107 -0.612372
    outer loop
      vertex -121.762 47.3205 -14.4885
      vertex -101.962 47.7205 -2.59513
      vertex -101.762 47.3205 -2.94154
    endloop
  endfacet
  facet normal -0.353553 0.612372 -0.707107
    outer loop
      vertex -121.962 47.3205 -14.5421
      vertex -122.162 47.6669 -14.1421
      vertex -104.841 57.6669 -14.1421
    endloop
  endfacet
  facet normal -0.353553 0.612372 -0.707107
    outer loop
      vertex -121.962 47.3205 -14.5421
      vertex -104.841 57.6669 -14.1421
      vertex -104.641 57.3205 -14.5421
    endloop
  endfacet
  facet normal -0.353553 0.612372 0.707107
    outer loop
      vertex -122.162 47.6669 -14.1421
      vertex -121.962 47.3205 -13.7421
      vertex -104.641 57.3205 -13.7421
    endloop
  endfacet
  facet normal -0.353553 0.612372 0.707107
    outer loop
      vertex -122.162 47.6669 -14.1421
      vertex -104.641 57.3205 -13.7421
      vertex -104.841 57.6669 -14.1421
    endloop
  endfacet
  facet normal 0.353553 -0.612372 0.707107
    outer loop
      vertex -121.962 47.3205 -13.7421
      vertex -121.762 46.9741 -14.1421
      vertex -104.441 56.9741 -14.1421
    endloop
  endfacet
  facet normal 0.353553 -0.612372 0.707107
    outer loop
      vertex -121.962 47.3205 -13.7421
      vertex -104.441 56.9741 -14.1421
      vertex -104.641 57.3205 -13.7421
    endloop
  endfacet
  facet normal 0.353553 -0.612372 -0.707107
    outer loop
      vertex -121.762 46.9741 -14.1421
      vertex -121.962 47.3205 -14.5421
      vertex -104.641 57.3205 -14.5421
    endloop
  endfacet
  facet normal 0.353553 -0.612372 -0.707107
    outer loop
      vertex -121.762 46.9741 -14.1421
      vertex -104.641 57.3205 -14.5421
      vertex -104.441 56.9741 -14.1421
    endloop
  endfacet
  facet normal -0.707107 0.353553 -0.612372
    outer loop
      vertex -121.962 47.5205 -14.4885
      vertex -122.362 47.3205 -14.1421
      vertex -122.362 67.3205 -2.59513
    endloop
  endfacet
  facet normal -0.707107 0.353553 -0.612372
    outer loop
      vertex -121.962 47.5205 -14.4885
      vertex -122.362 67.3205 -2.59513
      vertex -121.962 67.5205 -2.94154
    endloop
  endfacet
  facet normal -0.707107 -0.353553 0.612372
    outer loop
      vertex -122.362 47.3205 -14.1421
      vertex -121.962 47.1205 -13.7957
      vertex -121.962 67.1205 -2.24872
    endloop
  endfacet
  facet normal -0.707107 -0.353553 0.612372
    outer loop
      vertex -122.362 47.3205 -14.1421
      vertex -121.962 67.1205 -2.24872
      vertex -122.362 67.3205 -2.59513
    endloop
  endfacet
  facet normal 0.707107 -0.353553 0.612372
    outer loop
      vertex -121.962 47.1205 -13.7957
      vertex -121.562 47.3205 -14.1421
      vertex -121.562 67.3205 -2.59513
    endloop
  endfacet
  facet normal 0.707107 -0.353553 0.612372
    outer loop
      vertex -121.962 47.1205 -13.7957
      vertex -121.562 67.3205 -2.59513
      vertex -121.962 67.1205 -2.24872
    endloop
  endfacet
  facet normal 0.707107 0.353553 -0.612372
    outer loop
      vertex -121.562 47.3205 -14.1421
      vertex -121.962 47.5205 -14.4885
      vertex -121.962 67.5205 -2.94154
    endloop
  endfacet
  facet normal 0.707107 0.353553 -0.612372
    outer loop
      vertex -121.562 47.3205 -14.1421
      vertex -121.962 67.5205 -2.94154
      vertex -121.562 67.3205 -2.59513
    endloop
  endfacet
  facet normal -0.353553 0.707107 0.612372
    outer loop
      vertex -64.641 -131.562 -26.8556
      vertex -64.841 -131.962 -26.5092
      vertex -44.841 -131.962 -14.9622
    endloop
  endfacet
  facet normal -0.353553 0.707107 0.612372
    outer loop
      vertex -64.641 -131.562 -26.8556
      vertex -44.841 -131.962 -14.9622
      vertex -44.641 -131.562 -15.3086
    endloop
  endfacet
  facet normal -0.353553 -0.707107 0.612372
    outer loop
      vertex -64.841 -131.962 -26.5092
      vertex -64.641 -132.362 -26.8556
      vertex -44.641 -132.362 -15.3086
    endloop
  endfacet
  facet normal -0.353553 -0.707107 0.612372
    outer loop
      vertex -64.841 -131.962 -26.5092
      vertex -44.641 -132.362 -15.3086
      vertex -44.841 -131.962 -14.9622
    endloop
  endfacet
  facet normal 0.353553 -0.707107 -0.612372
    outer loop
      vertex -64.641 -132.362 -26.8556
      vertex -64.441 -131.962 -27.202
      vertex -44.441 -131.962 -15.655
    endloop
  endfacet
  facet normal 0.353553 -0.707107 -0.612372
    outer loop
      vertex -64.641 -132.362 -26.8556
      vertex -44.441 -131.962 -15.655
      vertex -44.641 -132.362 -15.3086
    endloop
  endfacet
  facet normal 0.353553 0.707107 -0.612372
    outer loop
      vertex -64.441 -131.962 -27.202
      vertex -64.641 -131.562 -26.8556
      vertex -44.641 -131.562 -15.3086
    endloop
  endfacet
  facet normal 0.353553 0.707107 -0.612372
    outer loop
      vertex -64.441 -131.962 -27.202
      vertex -44.641 -131.562 -15.3086
      vertex -44.441 -131.962 -15.655
    endloop
  endfacet
  facet normal -0.353553 0.612372 -0.707107
    outer loop
      vertex -64.641 -131.962 -27.2556
      vertex -64.841 -131.615 -26.8556
      vertex -47.5205 -121.615 -26.8556
    endloop
  endfacet
  facet normal -0.353553 0.612372 -0.707107
    outer loop
      vertex -64.641 -131.962 -27.2556
      vertex -47.5205 -121.615 -26.8556
      vertex -47.3205 -121.962 -27.2556
    endloop
  endfacet
  facet normal -0.353553 0.612372 0.707107
    outer loop
      vertex -64.841 -131.615 -26.8556
      vertex -64.641 -131.962 -26.4556
      vertex -47.3205 -121.962 -26.4556
    endloop
  endfacet
  facet normal -0.353553 0.612372 0.707107
    outer loop
      vertex -64.841 -131.615 -26.8556
      vertex -47.3205 -121.962 -26.4556
      vertex -47.5205 -121.615 -26.8556
    endloop
  endfacet
  facet normal 0.353553 -0.612372 0.707107
    outer loop
      vertex -64.641 -131.962 -26.4556
      vertex -64.441 -132.308 -26.8556
      vertex -47.1205 -122.308 -26.8556
    endloop
  endfacet
  facet normal 0.353553 -0.612372 0.707107
    outer loop
      vertex -64.641 -131.962 -26.4556
      vertex -47.1205 -122.308 -26.8556
      vertex -47.3205 -121.962 -26.4556
    endloop
  endfacet
  facet normal 0.353553 -0.612372 -0.707107
    outer loop
      vertex -64.441 -132.308 -26.8556
      vertex -64.641 -131.962 -27.2556
      vertex -47.3205 -121.962 -27.2556
    endloop
  endfacet
  facet normal 0.353553 -0.612372 -0.707107
    outer loop
      vertex -64.441 -132.308 -26.8556
      vertex -47.3205 -121.962 -27.2556
      vertex -47.1205 -122.308 -26.8556
    endloop
  endfacet
  facet normal -0.707107 0.353553 -0.612372
    outer loop
      vertex -64.641 -131.762 -27.202
      vertex -65.041 -131.962 -26.8556
      vertex -65.041 -111.962 -15.3086
    endloop
  endfacet
  facet normal -0.707107 0.353553 -0.612372
    outer loop
      vertex -64.641 -131.762 -27.202
      vertex -65.041 -111.962 -15.3086
      vertex -64.641 -111.762 -15.655
    endloop
  endfacet
  facet normal -0.707107 -0.353553 0.612372
    outer loop
      vertex -65.041 -131.962 -26.8556
      vertex -64.641 -132.162 -26.5092
      vertex -64.641 -112.162 -14.9622
    endloop
  endfacet
  facet normal -0.707107 -0.353553 0.612372
    outer loop
      vertex -65.041 -131.962 -26.8556
      vertex -64.641 -112.162 -14.9622
      vertex -65.041 -111.962 -15.3086
    endloop
  endfacet
  facet normal 0.707107 -0.353553 0.612372
    outer loop
      vertex -64.641 -132.162 -26.5092
      vertex -64.241 -131.962 -26.8556
      vertex -64.241 -111.962 -15.3086
    endloop
  endfacet
  facet normal 0.707107 -0.353553 0.612372
    outer loop
      vertex -64.641 -132.162 -26.5092
      vertex -64.241 -111.962 -15.3086
      vertex -64.641 -112.162 -14.9622
    endloop
  endfacet
  facet normal 0.707107 0.353553 -0.612372
    outer loop
      vertex -64.241 -131.962 -26.8556
      vertex -64.641 -131.762 -27.202
      vertex -64.641 -111.762 -15.655
    endloop
  endfacet
  facet normal 0.707107 0.353553 -0.612372
    outer loop
      vertex -64.241 -131.962 -26.8556
      vertex -64.641 -111.762 -15.655
      vertex -64.241 -111.962 -15.3086
    endloop
  endfacet
  facet normal -0.353553 0.707107 0.612372
    outer loop
      vertex -64.641 -111.562 -15.3086
      vertex -64.841 -111.962 -14.9622
      vertex -44.841 -111.962 -3.4152
    endloop
  endfacet
  facet normal -0.353553 0.707107 0.612372
    outer loop
      vertex -64.641 -111.562 -15.3086
      vertex -44.841 -111.962 -3.4152
      vertex -44.641 -111.562 -3.76161
    endloop
  endfacet
  facet normal -0.353553 -0.707107 0.612372
    outer loop
      vertex -64.841 -111.962 -14.9622
      vertex -64.641 -112.362 -15.3086
      vertex -44.641 -112.362 -3.76161
    endloop
  endfacet
  facet normal -0.353553 -0.707107 0.612372
    outer loop
      vertex -64.841 -111.962 -14.9622
      vertex -44.641 -112.362 -3.76161
      vertex -44.841 -111.962 -3.4152
    endloop
  endfacet
  facet normal 0.353553 -0.707107 -0.612372
    outer loop
      vertex -64.641 -112.362 -15.3086
      vertex -64.441 -111.962 -15.655
      vertex -44.441 -111.962 -4.10802
    endloop
  endfacet
  facet normal 0.353553 -0.707107 -0.612372
    outer loop
      vertex -64.641 -112.362 -15.3086
      vertex -44.441 -111.962 -4.10802
      vertex -44.641 -112.362 -3.76161
    endloop
  endfacet
  facet normal 0.353553 0.707107 -0.612372
    outer loop
      vertex -64.441 -111.962 -15.655
      vertex -64.641 -111.562 -15.3086
      vertex -44.641 -111.562 -3.76161
    endloop
  endfacet
  facet normal 0.353553 0.707107 -0.612372
    outer loop
      vertex -64.441 -111.962 -15.655
      vertex -44.641 -111.562 -3.76161
      vertex -44.441 -111.962 -4.10802
    endloop
  endfacet
  facet normal -0.353553 0.612372 -0.707107
    outer loop
      vertex -64.641 -111.962 -15.7086
      vertex -64.841 -111.615 -15.3086
      vertex -47.5205 -101.615 -15.3086
    endloop
  endfacet
  facet normal -0.353553 0.612372 -0.707107
    outer loop
      vertex -64.641 -111.962 -15.7086
      vertex -47.5205 -101.615 -15.3086
      vertex -47.3205 -101.962 -15.7086
    endloop
  endfacet
  facet normal -0.353553 0.612372 0.707107
    outer loop
      vertex -64.841 -111.615 -15.3086
      vertex -64.641 -111.962 -14.9086
      vertex -47.3205 -101.962 -14.9086
    endloop
  endfacet
  facet normal -0.353553 0.612372 0.707107
    outer loop
      vertex -64.841 -111.615 -15.3086
      vertex -47.3205 -101.962 -14.9086
      vertex -47.5205 -101.615 -15.3086
    endloop
  endfacet
  facet normal 0.353553 -0.612372 0.707107
    outer loop
      vertex -64.641 -111.962 -14.9086
      vertex -64.441 -112.308 -15.3086
      vertex -47.1205 -102.308 -15.3086
    endloop
  endfacet
  facet normal 0.353553 -0.612372 0.707107
    outer loop
      vertex -64.641 -111.962 -14.9086
      vertex -47.1205 -102.308 -15.3086
      vertex -47.3205 -101.962 -14.9086
    endloop
  endfacet
  facet normal 0.353553 -0.612372 -0.707107
    outer loop
      vertex -64.441 -112.308 -15.3086
      vertex -64.641 -111.962 -15.7086
      vertex -47.3205 -101.962 -15.7086
    endloop
  endfacet
  facet normal 0.353553 -0.612372 -0.707107
    outer loop
      vertex -64.441 -112.308 -15.3086
      vertex -47.3205 -101.962 -15.7086
      vertex -47.1205 -102.308 -15.3086
    endloop
  endfacet
  facet normal -0.707107 0.353553 -0.612372
    outer loop
      vertex -64.641 -111.762 -15.655
      vertex -65.041 -111.962 -15.3086
      vertex -65.041 -91.9615 -3.76161
    endloop
  endfacet
  facet normal -0.707107 0.353553 -0.612372
    outer loop
      vertex -64.641 -111.762 -15.655
      vertex -65.041 -91.9615 -3.76161
      vertex -64.641 -91.7615 -4.10802
    endloop
  endfacet
  facet normal -0.707107 -0.353553 0.612372
    outer loop
      vertex -65.041 -111.962 -15.3086
      vertex -64.641 -112.162 -14.9622
      vertex -64.641 -92.1615 -3.4152
    endloop
  endfacet
  facet normal -0.707107 -0.353553 0.612372
    outer loop
      vertex -65.041 -111.962 -15.3086
      vertex -64.641 -92.1615 -3.4152
      vertex -65.041 -91.9615 -3.76161
    endloop
  endfacet
  facet normal 0.707107 -0.353553 0.612372
    outer loop
      vertex -64.641 -112.162 -14.9622
      vertex -64.241 -111.962 -15.3086
      vertex -64.241 -91.9615 -3.76161
    endloop
  endfacet
  facet normal 0.707107 -0.353553 0.612372
    outer loop
      vertex -64.641 -112.162 -14.9622
      vertex -64.241 -91.9615 -3.76161
      vertex -64.641 -92.1615 -3.4152
    endloop
  endfacet
  facet normal 0.707107 0.353553 -0.612372
    outer loop
      vertex -64.241 -111.962 -15.3086
      vertex -64.641 -111.762 -15.655
      vertex -64.641 -91.7615 -4.10802
    endloop
  endfacet
  facet normal 0.707107 0.353553 -0.612372
    outer loop
      vertex -64.241 -111.962 -15.3086
      vertex -64.641 -91.7615 -4.10802
      vertex -64.241 -91.9615 -3.76161
    endloop
  endfacet
  facet normal -0.353553 0.707107 0.612372
    outer loop
      vertex -64.641 -91.5615 -3.76161
      vertex -64.841 -91.9615 -3.4152
      vertex -44.841 -91.9615 8.1318
    endloop
  endfacet
  facet normal -0.353553 0.707107 0.612372
    outer loop
      vertex -64.641 -91.5615 -3.76161
      vertex -44.841 -91.9615 8.1318
      vertex -44.641 -91.5615 7.78539
    endloop
  endfacet
  facet normal -0.353553 -0.707107 0.612372
    outer loop
      vertex -64.841 -91.9615 -3.4152
      vertex -64.641 -92.3615 -3.76161
      vertex -44.641 -92.3615 7.78539
    endloop
  endfacet
  facet normal -0.353553 -0.707107 0.612372
    outer loop
      vertex -64.841 -91.9615 -3.4152
      vertex -44.641 -92.3615 7.78539
      vertex -44.841 -91.9615 8.1318
    endloop
  endfacet
  facet normal 0.353553 -0.707107 -0.612372
    outer loop
      vertex -64.641 -92.3615 -3.76161
      vertex -64.441 -91.9615 -4.10802
      vertex -44.441 -91.9615 7.43898
    endloop
  endfacet
  facet normal 0.353553 -0.707107 -0.612372
    outer loop
      vertex -64.641 -92.3615 -3.76161
      vertex -44.441 -91.9615 7.43898
      vertex -44.641 -92.3615 7.78539
    endloop
  endfacet
  facet normal 0.353553 0.707107 -0.612372
    outer loop
      vertex -64.441 -91.9615 -4.10802
      vertex -64.641 -91.5615 -3.76161
      vertex -44.641 -91.5615 7.78539
    endloop
  endfacet
  facet normal 0.353553 0.707107 -0.612372
    outer loop
      vertex -64.441 -91.9615 -4.10802
      vertex -44.641 -91.5615 7.78539
      vertex -44.441 -91.9615 7.43898
    endloop
  endfacet
  facet normal -0.353553 0.612372 -0.707107
    outer loop
      vertex -64.641 -91.9615 -4.16161
      vertex -64.841 -91.6151 -3.76161
      vertex -47.5205 -81.6151 -3.76161
    endloop
  endfacet
  facet normal -0.353553 0.612372 -0.707107
    outer loop
      vertex -64.641 -91.9615 -4.16161
      vertex -47.5205 -81.6151 -3.76161
      vertex -47.3205 -81.9615 -4.16161
    endloop
  endfacet
  facet normal -0.353553 0.612372 0.707107
    outer loop
      vertex -64.841 -91.6151 -3.76161
      vertex -64.641 -91.9615 -3.36161
      vertex -47.3205 -81.9615 -3.36161
    endloop
  endfacet
  facet normal -0.353553 0.612372 0.707107
    outer loop
      vertex -64.841 -91.6151 -3.76161
      vertex -47.3205 -81.9615 -3.36161
      vertex -47.5205 -81.6151 -3.76161
    endloop
  endfacet
  facet normal 0.353553 -0.612372 0.707107
    outer loop
      vertex -64.641 -91.9615 -3.36161
      vertex -64.441 -92.3079 -3.76161
      vertex -47.1205 -82.3079 -3.76161
    endloop
  endfacet
  facet normal 0.353553 -0.612372 0.707107
    outer loop
      vertex -64.641 -91.9615 -3.36161
      vertex -47.1205 -82.3079 -3.76161
      vertex -47.3205 -81.9615 -3.36161
    endloop
  endfacet
  facet normal 0.353553 -0.612372 -0.707107
    outer loop
      vertex -64.441 -92.3079 -3.76161
      vertex -64.641 -91.9615 -4.16161
      vertex -47.3205 -81.9615 -4.16161
    endloop
  endfacet
  facet normal 0.353553 -0.612372 -0.707107
    outer loop
      vertex -64.441 -92.3079 -3.76161
      vertex -47.3205 -81.9615 -4.16161
      vertex -47.1205 -82.3079 -3.76161
    endloop
  endfacet
  facet normal -0.645497 -0.67082 -0.365148
    outer loop
      vertex -64.641 -92.2145 -4.07145
      vertex -65.0062 -92.088 -3.65834
      vertex -75.0062 -74.7675 -17.8005
    endloop
  endfacet
  facet normal -0.645497 -0.67082 -0.365148
    outer loop
      vertex -64.641 -92.2145 -4.07145
      vertex -75.0062 -74.7675 -17.8005
      vertex -74.641 -74.894 -18.2136
    endloop
  endfacet
  facet normal -0.645497 0.223607 0.730297
    outer loop
      vertex -65.0062 -92.088 -3.65834
      vertex -64.641 -91.7085 -3.45178
      vertex -74.641 -74.388 -17.5939
    endloop
  endfacet
  facet normal -0.645497 0.223607 0.730297
    outer loop
      vertex -65.0062 -92.088 -3.65834
      vertex -74.641 -74.388 -17.5939
      vertex -75.0062 -74.7675 -17.8005
    endloop
  endfacet
  facet normal 0.645497 0.67082 0.365148
    outer loop
      vertex -64.641 -91.7085 -3.45178
      vertex -64.2759 -91.835 -3.86489
      vertex -74.2759 -74.5145 -18.007
    endloop
  endfacet
  facet normal 0.645497 0.67082 0.365148
    outer loop
      vertex -64.641 -91.7085 -3.45178
      vertex -74.2759 -74.5145 -18.007
      vertex -74.641 -74.388 -17.5939
    endloop
  endfacet
  facet normal 0.645497 -0.223607 -0.730297
    outer loop
      vertex -64.2759 -91.835 -3.86489
      vertex -64.641 -92.2145 -4.07145
      vertex -74.641 -74.894 -18.2136
    endloop
  endfacet
  facet normal 0.645497 -0.223607 -0.730297
    outer loop
      vertex -64.2759 -91.835 -3.86489
      vertex -74.641 -74.894 -18.2136
      vertex -74.2759 -74.5145 -18.007
    endloop
  endfacet
  facet normal -0.353553 0.707107 0.612372
    outer loop
      vertex -74.641 -74.241 -17.9038
      vertex -74.841 -74.641 -17.5573
      vertex -54.841 -74.641 -6.01033
    endloop
  endfacet
  facet normal -0.353553 0.707107 0.612372
    outer loop
      vertex -74.641 -74.241 -17.9038
      vertex -54.841 -74.641 -6.01033
      vertex -54.641 -74.241 -6.35674
    endloop
  endfacet
  facet normal -0.353553 -0.707107 0.612372
    outer loop
      vertex -74.841 -74.641 -17.5573
      vertex -74.641 -75.041 -17.9038
      vertex -54.641 -75.041 -6.35674
    endloop
  endfacet
  facet normal -0.353553 -0.707107 0.612372
    outer loop
      vertex -74.841 -74.641 -17.5573
      vertex -54.641 -75.041 -6.35674
      vertex -54.841 -74.641 -6.01033
    endloop
  endfacet
  facet normal 0.353553 -0.707107 -0.612372
    outer loop
      vertex -74.641 -75.041 -17.9038
      vertex -74.441 -74.641 -18.2502
      vertex -54.441 -74.641 -6.70316
    endloop
  endfacet
  facet normal 0.353553 -0.707107 -0.612372
    outer loop
      vertex -74.641 -75.041 -17.9038
      vertex -54.441 -74.641 -6.70316
      vertex -54.641 -75.041 -6.35674
    endloop
  endfacet
  facet normal 0.353553 0.707107 -0.612372
    outer loop
      vertex -74.441 -74.641 -18.2502
      vertex -74.641 -74.241 -17.9038
      vertex -54.641 -74.241 -6.35674
    endloop
  endfacet
  facet normal 0.353553 0.707107 -0.612372
    outer loop
      vertex -74.441 -74.641 -18.2502
      vertex -54.641 -74.241 -6.35674
      vertex -54.441 -74.641 -6.70316
    endloop
  endfacet
  facet normal -0.353553 0.612372 -0.707107
    outer loop
      vertex -74.641 -74.641 -18.3038
      vertex -74.841 -74.2946 -17.9038
      vertex -57.5205 -64.2946 -17.9038
    endloop
  endfacet
  facet normal -0.353553 0.612372 -0.707107
    outer loop
      vertex -74.641 -74.641 -18.3038
      vertex -57.5205 -64.2946 -17.9038
      vertex -57.3205 -64.641 -18.3038
    endloop
  endfacet
  facet normal -0.353553 0.612372 0.707107
    outer loop
      vertex -74.841 -74.2946 -17.9038
      vertex -74.641 -74.641 -17.5038
      vertex -57.3205 -64.641 -17.5038
    endloop
  endfacet
  facet normal -0.353553 0.612372 0.707107
    outer loop
      vertex -74.841 -74.2946 -17.9038
      vertex -57.3205 -64.641 -17.5038
      vertex -57.5205 -64.2946 -17.9038
    endloop
  endfacet
  facet normal 0.353553 -0.612372 0.707107
    outer loop
      vertex -74.641 -74.641 -17.5038
      vertex -74.441 -74.9874 -17.9038
      vertex -57.1205 -64.9874 -17.9038
    endloop
  endfacet
  facet normal 0.353553 -0.612372 0.707107
    outer loop
      vertex -74.641 -74.641 -17.5038
      vertex -57.1205 -64.9874 -17.9038
      vertex -57.3205 -64.641 -17.5038
    endloop
  endfacet
  facet normal 0.353553 -0.612372 -0.707107
    outer loop
      vertex -74.441 -74.9874 -17.9038
      vertex -74.641 -74.641 -18.3038
      vertex -57.3205 -64.641 -18.3038
    endloop
  endfacet
  facet normal 0.353553 -0.612372 -0.707107
    outer loop
      vertex -74.441 -74.9874 -17.9038
      vertex -57.3205 -64.641 -18.3038
      vertex -57.1205 -64.9874 -17.9038
    endloop
  endfacet
  facet normal -0.707107 0.353553 -0.612372
    outer loop
      vertex -74.641 -74.441 -18.2502
      vertex -75.041 -74.641 -17.9038
      vertex -75.041 -54.641 -6.35674
    endloop
  endfacet
  facet normal -0.707107 0.353553 -0.612372
    outer loop
      vertex -74.641 -74.441 -18.2502
      vertex -75.041 -54.641 -6.35674
      vertex -74.641 -54.441 -6.70316
    endloop
  endfacet
  facet normal -0.707107 -0.353553 0.612372
    outer loop
      vertex -75.041 -74.641 -17.9038
      vertex -74.641 -74.841 -17.5573
      vertex -74.641 -54.841 -6.01033
    endloop
  endfacet
  facet normal -0.707107 -0.353553 0.612372
    outer loop
      vertex -75.041 -74.641 -17.9038
      vertex -74.641 -54.841 -6.01033
      vertex -75.041 -54.641 -6.35674
    endloop
  endfacet
  facet normal 0.707107 -0.353553 0.612372
    outer loop
      vertex -74.641 -74.841 -17.5573
      vertex -74.241 -74.641 -17.9038
      vertex -74.241 -54.641 -6.35674
    endloop
  endfacet
  facet normal 0.707107 -0.353553 0.612372
    outer loop
      vertex -74.641 -74.841 -17.5573
      vertex -74.241 -54.641 -6.35674
      vertex -74.641 -54.841 -6.01033
    endloop
  endfacet
  facet normal 0.707107 0.353553 -0.612372
    outer loop
      vertex -74.241 -74.641 -17.9038
      vertex -74.641 -74.441 -18.2502
      vertex -74.641 -54.441 -6.70316
    endloop
  endfacet
  facet normal 0.707107 0.353553 -0.612372
    outer loop
      vertex -74.241 -74.641 -17.9038
      vertex -74.641 -54.441 -6.70316
      vertex -74.241 -54.641 -6.35674
    endloop
  endfacet
  facet normal -0.353553 0.707107 0.612372
    outer loop
      vertex -74.641 -54.241 -6.35674
      vertex -74.841 -54.641 -6.01033
      vertex -54.841 -54.641 5.53667
    endloop
  endfacet
  facet normal -0.353553 0.707107 0.612372
    outer loop
      vertex -74.641 -54.241 -6.35674
      vertex -54.841 -54.641 5.53667
      vertex -54.641 -54.241 5.19026
    endloop
  endfacet
  facet normal -0.353553 -0.707107 0.612372
    outer loop
      vertex -74.841 -54.641 -6.01033
      vertex -74.641 -55.041 -6.35674
      vertex -54.641 -55.041 5.19026
    endloop
  endfacet
  facet normal -0.353553 -0.707107 0.612372
    outer loop
      vertex -74.841 -54.641 -6.01033
      vertex -54.641 -55.041 5.19026
      vertex -54.841 -54.641 5.53667
    endloop
  endfacet
  facet normal 0.353553 -0.707107 -0.612372
    outer loop
      vertex -74.641 -55.041 -6.35674
      vertex -74.441 -54.641 -6.70316
      vertex -54.441 -54.641 4.84385
    endloop
  endfacet
  facet normal 0.353553 -0.707107 -0.612372
    outer loop
      vertex -74.641 -55.041 -6.35674
      vertex -54.441 -54.641 4.84385
      vertex -54.641 -55.041 5.19026
    endloop
  endfacet
  facet normal 0.353553 0.707107 -0.612372
    outer loop
      vertex -74.441 -54.641 -6.70316
      vertex -74.641 -54.241 -6.35674
      vertex -54.641 -54.241 5.19026
    endloop
  endfacet
  facet normal 0.353553 0.707107 -0.612372
    outer loop
      vertex -74.441 -54.641 -6.70316
      vertex -54.641 -54.241 5.19026
      vertex -54.441 -54.641 4.84385
    endloop
  endfacet
  facet normal -0.353553 0.612372 -0.707107
    outer loop
      vertex -74.641 -54.641 -6.75674
      vertex -74.841 -54.2946 -6.35674
      vertex -57.5205 -44.2946 -6.35674
    endloop
  endfacet
  facet normal -0.353553 0.612372 -0.707107
    outer loop
      vertex -74.641 -54.641 -6.75674
      vertex -57.5205 -44.2946 -6.35674
      vertex -57.3205 -44.641 -6.75674
    endloop
  endfacet
  facet normal -0.353553 0.612372 0.707107
    outer loop
      vertex -74.841 -54.2946 -6.35674
      vertex -74.641 -54.641 -5.95674
      vertex -57.3205 -44.641 -5.95674
    endloop
  endfacet
  facet normal -0.353553 0.612372 0.707107
    outer loop
      vertex -74.841 -54.2946 -6.35674
      vertex -57.3205 -44.641 -5.95674
      vertex -57.5205 -44.2946 -6.35674
    endloop
  endfacet
  facet normal 0.353553 -0.612372 0.707107
    outer loop
      vertex -74.641 -54.641 -5.95674
      vertex -74.441 -54.9874 -6.35674
      vertex -57.1205 -44.9874 -6.35674
    endloop
  endfacet
  facet normal 0.353553 -0.612372 0.707107
    outer loop
      vertex -74.641 -54.641 -5.95674
      vertex -57.1205 -44.9874 -6.35674
      vertex -57.3205 -44.641 -5.95674
    endloop
  endfacet
  facet normal 0.353553 -0.612372 -0.707107
    outer loop
      vertex -74.441 -54.9874 -6.35674
      vertex -74.641 -54.641 -6.75674
      vertex -57.3205 -44.641 -6.75674
    endloop
  endfacet
  facet normal 0.353553 -0.612372 -0.707107
    outer loop
      vertex -74.441 -54.9874 -6.35674
      vertex -57.3205 -44.641 -6.75674
      vertex -57.1205 -44.9874 -6.35674
    endloop
  endfacet
  facet normal -0.707107 0.353553 -0.612372
    outer loop
      vertex -74.641 -54.441 -6.70316
      vertex -75.041 -54.641 -6.35674
      vertex -75.041 -34.641 5.19026
    endloop
  endfacet
  facet normal -0.707107 0.353553 -0.612372
    outer loop
      vertex -74.641 -54.441 -6.70316
      vertex -75.041 -34.641 5.19026
      vertex -74.641 -34.441 4.84385
    endloop
  endfacet
  facet normal -0.707107 -0.353553 0.612372
    outer loop
      vertex -75.041 -54.641 -6.35674
      vertex -74.641 -54.841 -6.01033
      vertex -74.641 -34.841 5.53667
    endloop
  endfacet
  facet normal -0.707107 -0.353553 0.612372
    outer loop
      vertex -75.041 -54.641 -6.35674
      vertex -74.641 -34.841 5.53667
      vertex -75.041 -34.641 5.19026
    endloop
  endfacet
  facet normal 0.707107 -0.353553 0.612372
    outer loop
      vertex -74.641 -54.841 -6.01033
      vertex -74.241 -54.641 -6.35674
      vertex -74.241 -34.641 5.19026
    endloop
  endfacet
  facet normal 0.707107 -0.353553 0.612372
    outer loop
      vertex -74.641 -54.841 -6.01033
      vertex -74.241 -34.641 5.19026
      vertex -74.641 -34.841 5.53667
    endloop
  endfacet
  facet normal 0.707107 0.353553 -0.612372
    outer loop
      vertex -74.241 -54.641 -6.35674
      vertex -74.641 -54.441 -6.70316
      vertex -74.641 -34.441 4.84385
    endloop
  endfacet
  facet normal 0.707107 0.353553 -0.612372
    outer loop
      vertex -74.241 -54.641 -6.35674
      vertex -74.641 -34.441 4.84385
      vertex -74.241 -34.641 5.19026
    endloop
  endfacet
  facet normal -0.645497 -0.67082 -0.365148
    outer loop
      vertex -74.641 -54.894 -6.66658
      vertex -75.0062 -54.7675 -6.25347
      vertex -85.0062 -37.447 -20.3956
    endloop
  endfacet
  facet normal -0.645497 -0.67082 -0.365148
    outer loop
      vertex -74.641 -54.894 -6.66658
      vertex -85.0062 -37.447 -20.3956
      vertex -84.641 -37.5735 -20.8087
    endloop
  endfacet
  facet normal -0.645497 0.223607 0.730297
    outer loop
      vertex -75.0062 -54.7675 -6.25347
      vertex -74.641 -54.388 -6.04691
      vertex -84.641 -37.0675 -20.189
    endloop
  endfacet
  facet normal -0.645497 0.223607 0.730297
    outer loop
      vertex -75.0062 -54.7675 -6.25347
      vertex -84.641 -37.0675 -20.189
      vertex -85.0062 -37.447 -20.3956
    endloop
  endfacet
  facet normal 0.645497 0.67082 0.365148
    outer loop
      vertex -74.641 -54.388 -6.04691
      vertex -74.2759 -54.5145 -6.46002
      vertex -84.2759 -37.194 -20.6022
    endloop
  endfacet
  facet normal 0.645497 0.67082 0.365148
    outer loop
      vertex -74.641 -54.388 -6.04691
      vertex -84.2759 -37.194 -20.6022
      vertex -84.641 -37.0675 -20.189
    endloop
  endfacet
  facet normal 0.645497 -0.223607 -0.730297
    outer loop
      vertex -74.2759 -54.5145 -6.46002
      vertex -74.641 -54.894 -6.66658
      vertex -84.641 -37.5735 -20.8087
    endloop
  endfacet
  facet normal 0.645497 -0.223607 -0.730297
    outer loop
      vertex -74.2759 -54.5145 -6.46002
      vertex -84.641 -37.5735 -20.8087
      vertex -84.2759 -37.194 -20.6022
    endloop
  endfacet
  facet normal -0.353553 0.707107 0.612372
    outer loop
      vertex -84.641 -36.9205 -20.4989
      vertex -84.841 -37.3205 -20.1525
      vertex -64.841 -37.3205 -8.60546
    endloop
  endfacet
  facet normal -0.353553 0.707107 0.612372
    outer loop
      vertex -84.641 -36.9205 -20.4989
      vertex -64.841 -37.3205 -8.60546
      vertex -64.641 -36.9205 -8.95188
    endloop
  endfacet
  facet normal -0.353553 -0.707107 0.612372
    outer loop
      vertex -84.841 -37.3205 -20.1525
      vertex -84.641 -37.7205 -20.4989
      vertex -64.641 -37.7205 -8.95188
    endloop
  endfacet
  facet normal -0.353553 -0.707107 0.612372
    outer loop
      vertex -84.841 -37.3205 -20.1525
      vertex -64.641 -37.7205 -8.95188
      vertex -64.841 -37.3205 -8.60546
    endloop
  endfacet
  facet normal 0.353553 -0.707107 -0.612372
    outer loop
      vertex -84.641 -37.7205 -20.4989
      vertex -84.441 -37.3205 -20.8453
      vertex -64.441 -37.3205 -9.29829
    endloop
  endfacet
  facet normal 0.353553 -0.707107 -0.612372
    outer loop
      vertex -84.641 -37.7205 -20.4989
      vertex -64.441 -37.3205 -9.29829
      vertex -64.641 -37.7205 -8.95188
    endloop
  endfacet
  facet normal 0.353553 0.707107 -0.612372
    outer loop
      vertex -84.441 -37.3205 -20.8453
      vertex -84.641 -36.9205 -20.4989
      vertex -64.641 -36.9205 -8.95188
    endloop
  endfacet
  facet normal 0.353553 0.707107 -0.612372
    outer loop
      vertex -84.441 -37.3205 -20.8453
      vertex -64.641 -36.9205 -8.95188
      vertex -64.441 -37.3205 -9.29829
    endloop
  endfacet
  facet normal -0.353553 0.612372 -0.707107
    outer loop
      vertex -84.641 -37.3205 -20.8989
      vertex -84.841 -36.9741 -20.4989
      vertex -67.5205 -26.9741 -20.4989
    endloop
  endfacet
  facet normal -0.353553 0.612372 -0.707107
    outer loop
      vertex -84.641 -37.3205 -20.8989
      vertex -67.5205 -26.9741 -20.4989
      vertex -67.3205 -27.3205 -20.8989
    endloop
  endfacet
  facet normal -0.353553 0.612372 0.707107
    outer loop
      vertex -84.841 -36.9741 -20.4989
      vertex -84.641 -37.3205 -20.0989
      vertex -67.3205 -27.3205 -20.0989
    endloop
  endfacet
  facet normal -0.353553 0.612372 0.707107
    outer loop
      vertex -84.841 -36.9741 -20.4989
      vertex -67.3205 -27.3205 -20.0989
      vertex -67.5205 -26.9741 -20.4989
    endloop
  endfacet
  facet normal 0.353553 -0.612372 0.707107
    outer loop
      vertex -84.641 -37.3205 -20.0989
      vertex -84.441 -37.6669 -20.4989
      vertex -67.1205 -27.6669 -20.4989
    endloop
  endfacet
  facet normal 0.353553 -0.612372 0.707107
    outer loop
      vertex -84.641 -37.3205 -20.0989
      vertex -67.1205 -27.6669 -20.4989
      vertex -67.3205 -27.3205 -20.0989
    endloop
  endfacet
  facet normal 0.353553 -0.612372 -0.707107
    outer loop
      vertex -84.441 -37.6669 -20.4989
      vertex -84.641 -37.3205 -20.8989
      vertex -67.3205 -27.3205 -20.8989
    endloop
  endfacet
  facet normal 0.353553 -0.612372 -0.707107
    outer loop
      vertex -84.441 -37.6669 -20.4989
      vertex -67.3205 -27.3205 -20.8989
      vertex -67.1205 -27.6669 -20.4989
    endloop
  endfacet
  facet normal -0.707107 0.353553 -0.612372
    outer loop
      vertex -84.641 -37.1205 -20.8453
      vertex -85.041 -37.3205 -20.4989
      vertex -85.041 -17.3205 -8.95188
    endloop
  endfacet
  facet normal -0.707107 0.353553 -0.612372
    outer loop
      vertex -84.641 -37.1205 -20.8453
      vertex -85.041 -17.3205 -8.95188
      vertex -84.641 -17.1205 -9.29829
    endloop
  endfacet
  facet normal -0.707107 -0.353553 0.612372
    outer loop
      vertex -85.041 -37.3205 -20.4989
      vertex -84.641 -37.5205 -20.1525
      vertex -84.641 -17.5205 -8.60546
    endloop
  endfacet
  facet normal -0.707107 -0.353553 0.612372
    outer loop
      vertex -85.041 -37.3205 -20.4989
      vertex -84.641 -17.5205 -8.60546
      vertex -85.041 -17.3205 -8.95188
    endloop
  endfacet
  facet normal 0.707107 -0.353553 0.612372
    outer loop
      vertex -84.641 -37.5205 -20.1525
      vertex -84.241 -37.3205 -20.4989
      vertex -84.241 -17.3205 -8.95188
    endloop
  endfacet
  facet normal 0.707107 -0.353553 0.612372
    outer loop
      vertex -84.641 -37.5205 -20.1525
      vertex -84.241 -17.3205 -8.95188
      vertex -84.641 -17.5205 -8.60546
    endloop
  endfacet
  facet normal 0.707107 0.353553 -0.612372
    outer loop
      vertex -84.241 -37.3205 -20.4989
      vertex -84.641 -37.1205 -20.8453
      vertex -84.641 -17.1205 -9.29829
    endloop
  endfacet
  facet normal 0.707107 0.353553 -0.612372
    outer loop
      vertex -84.241 -37.3205 -20.4989
      vertex -84.641 -17.1205 -9.29829
      vertex -84.241 -17.3205 -8.95188
    endloop
  endfacet
  facet normal -0.645497 -0.67082 -0.365148
    outer loop
      vertex -74.641 -34.894 4.88042
      vertex -75.0062 -34.7675 5.29354
      vertex -85.0062 -17.447 -8.8486
    endloop
  endfacet
  facet normal -0.645497 -0.67082 -0.365148
    outer loop
      vertex -74.641 -34.894 4.88042
      vertex -85.0062 -17.447 -8.8486
      vertex -84.641 -17.5735 -9.26171
    endloop
  endfacet
  facet normal -0.645497 0.223607 0.730297
    outer loop
      vertex -75.0062 -34.7675 5.29354
      vertex -74.641 -34.388 5.5001
      vertex -84.641 -17.0675 -8.64204
    endloop
  endfacet
  facet normal -0.645497 0.223607 0.730297
    outer loop
      vertex -75.0062 -34.7675 5.29354
      vertex -84.641 -17.0675 -8.64204
      vertex -85.0062 -17.447 -8.8486
    endloop
  endfacet
  facet normal 0.645497 0.67082 0.365148
    outer loop
      vertex -74.641 -34.388 5.5001
      vertex -74.2759 -34.5145 5.08698
      vertex -84.2759 -17.194 -9.05515
    endloop
  endfacet
  facet normal 0.645497 0.67082 0.365148
    outer loop
      vertex -74.641 -34.388 5.5001
      vertex -84.2759 -17.194 -9.05515
      vertex -84.641 -17.0675 -8.64204
    endloop
  endfacet
  facet normal 0.645497 -0.223607 -0.730297
    outer loop
      vertex -74.2759 -34.5145 5.08698
      vertex -74.641 -34.894 4.88042
      vertex -84.641 -17.5735 -9.26171
    endloop
  endfacet
  facet normal 0.645497 -0.223607 -0.730297
    outer loop
      vertex -74.2759 -34.5145 5.08698
      vertex -84.641 -17.5735 -9.26171
      vertex -84.2759 -17.194 -9.05515
    endloop
  endfacet
  facet normal -0.353553 0.707107 0.612372
    outer loop
      vertex -84.641 -16.9205 -8.95188
      vertex -84.841 -17.3205 -8.60546
      vertex -64.841 -17.3205 2.94154
    endloop
  endfacet
  facet normal -0.353553 0.707107 0.612372
    outer loop
      vertex -84.641 -16.9205 -8.95188
      vertex -64.841 -17.3205 2.94154
      vertex -64.641 -16.9205 2.59513
    endloop
  endfacet
  facet normal -0.353553 -0.707107 0.612372
    outer loop
      vertex -84.841 -17.3205 -8.60546
      vertex -84.641 -17.7205 -8.95188
      vertex -64.641 -17.7205 2.59513
    endloop
  endfacet
  facet normal -0.353553 -0.707107 0.612372
    outer loop
      vertex -84.841 -17.3205 -8.60546
      vertex -64.641 -17.7205 2.59513
      vertex -64.841 -17.3205 2.94154
    endloop
  endfacet
  facet normal 0.353553 -0.707107 -0.612372
    outer loop
      vertex -84.641 -17.7205 -8.95188
      vertex -84.441 -17.3205 -9.29829
      vertex -64.441 -17.3205 2.24872
    endloop
  endfacet
  facet normal 0.353553 -0.707107 -0.612372
    outer loop
      vertex -84.641 -17.7205 -8.95188
      vertex -64.441 -17.3205 2.24872
      vertex -64.641 -17.7205 2.59513
    endloop
  endfacet
  facet normal 0.353553 0.707107 -0.612372
    outer loop
      vertex -84.441 -17.3205 -9.29829
      vertex -84.641 -16.9205 -8.95188
      vertex -64.641 -16.9205 2.59513
    endloop
  endfacet
  facet normal 0.353553 0.707107 -0.612372
    outer loop
      vertex -84.441 -17.3205 -9.29829
      vertex -64.641 -16.9205 2.59513
      vertex -64.441 -17.3205 2.24872
    endloop
  endfacet
  facet normal -0.353553 0.612372 -0.707107
    outer loop
      vertex -84.641 -17.3205 -9.35188
      vertex -84.841 -16.9741 -8.95188
      vertex -67.5205 -6.9741 -8.95188
    endloop
  endfacet
  facet normal -0.353553 0.612372 -0.707107
    outer loop
      vertex -84.641 -17.3205 -9.35188
      vertex -67.5205 -6.9741 -8.95188
      vertex -67.3205 -7.32051 -9.35188
    endloop
  endfacet
  facet normal -0.353553 0.612372 0.707107
    outer loop
      vertex -84.841 -16.9741 -8.95188
      vertex -84.641 -17.3205 -8.55188
      vertex -67.3205 -7.32051 -8.55188
    endloop
  endfacet
  facet normal -0.353553 0.612372 0.707107
    outer loop
      vertex -84.841 -16.9741 -8.95188
      vertex -67.3205 -7.32051 -8.55188
      vertex -67.5205 -6.9741 -8.95188
    endloop
  endfacet
  facet normal 0.353553 -0.612372 0.707107
    outer loop
      vertex -84.641 -17.3205 -8.55188
      vertex -84.441 -17.6669 -8.95188
      vertex -67.1205 -7.66692 -8.95188
    endloop
  endfacet
  facet normal 0.353553 -0.612372 0.707107
    outer loop
      vertex -84.641 -17.3205 -8.55188
      vertex -67.1205 -7.66692 -8.95188
      vertex -67.3205 -7.32051 -8.55188
    endloop
  endfacet
  facet normal 0.353553 -0.612372 -0.707107
    outer loop
      vertex -84.441 -17.6669 -8.95188
      vertex -84.641 -17.3205 -9.35188
      vertex -67.3205 -7.32051 -9.35188
    endloop
  endfacet
  facet normal 0.353553 -0.612372 -0.707107
    outer loop
      vertex -84.441 -17.6669 -8.95188
      vertex -67.3205 -7.32051 -9.35188
      vertex -67.1205 -7.66692 -8.95188
    endloop
  endfacet
  facet normal -0.707107 0.353553 -0.612372
    outer loop
      vertex -84.641 -17.1205 -9.29829
      vertex -85.041 -17.3205 -8.95188
      vertex -85.041 2.67949 2.59513
    endloop
  endfacet
  facet normal -0.707107 0.353553 -0.612372
    outer loop
      vertex -84.641 -17.1205 -9.29829
      vertex -85.041 2.67949 2.59513
      vertex -84.641 2.87949 2.24872
    endloop
  endfacet
  facet normal -0.707107 -0.353553 0.612372
    outer loop
      vertex -85.041 -17.3205 -8.95188
      vertex -84.641 -17.5205 -8.60546
      vertex -84.641 2.47949 2.94154
    endloop
  endfacet
  facet normal -0.707107 -0.353553 0.612372
    outer loop
      vertex -85.041 -17.3205 -8.95188
      vertex -84.641 2.47949 2.94154
      vertex -85.041 2.67949 2.59513
    endloop
  endfacet
  facet normal 0.707107 -0.353553 0.612372
    outer loop
      vertex -84.641 -17.5205 -8.60546
      vertex -84.241 -17.3205 -8.95188
      vertex -84.241 2.67949 2.59513
    endloop
  endfacet
  facet normal 0.707107 -0.353553 0.612372
    outer loop
      vertex -84.641 -17.5205 -8.60546
      vertex -84.241 2.67949 2.59513
      vertex -84.641 2.47949 2.94154
    endloop
  endfacet
  facet normal 0.707107 0.353553 -0.612372
    outer loop
      vertex -84.241 -17.3205 -8.95188
      vertex -84.641 -17.1205 -9.29829
      vertex -84.641 2.87949 2.24872
    endloop
  endfacet
  facet normal 0.707107 0.353553 -0.612372
    outer loop
      vertex -84.241 -17.3205 -8.95188
      vertex -84.641 2.87949 2.24872
      vertex -84.241 2.67949 2.59513
    endloop
  endfacet
  facet normal -0.645497 -0.67082 -0.365148
    outer loop
      vertex -84.641 -17.5735 -9.26171
      vertex -85.0062 -17.447 -8.8486
      vertex -95.0062 -0.126491 -22.9907
    endloop
  endfacet
  facet normal -0.645497 -0.67082 -0.365148
    outer loop
      vertex -84.641 -17.5735 -9.26171
      vertex -95.0062 -0.126491 -22.9907
      vertex -94.641 -0.252982 -23.4038
    endloop
  endfacet
  facet normal -0.645497 0.223607 0.730297
    outer loop
      vertex -85.0062 -17.447 -8.8486
      vertex -84.641 -17.0675 -8.64204
      vertex -94.641 0.252982 -22.7842
    endloop
  endfacet
  facet normal -0.645497 0.223607 0.730297
    outer loop
      vertex -85.0062 -17.447 -8.8486
      vertex -94.641 0.252982 -22.7842
      vertex -95.0062 -0.126491 -22.9907
    endloop
  endfacet
  facet normal 0.645497 0.67082 0.365148
    outer loop
      vertex -84.641 -17.0675 -8.64204
      vertex -84.2759 -17.194 -9.05515
      vertex -94.2759 0.126491 -23.1973
    endloop
  endfacet
  facet normal 0.645497 0.67082 0.365148
    outer loop
      vertex -84.641 -17.0675 -8.64204
      vertex -94.2759 0.126491 -23.1973
      vertex -94.641 0.252982 -22.7842
    endloop
  endfacet
  facet normal 0.645497 -0.223607 -0.730297
    outer loop
      vertex -84.2759 -17.194 -9.05515
      vertex -84.641 -17.5735 -9.26171
      vertex -94.641 -0.252982 -23.4038
    endloop
  endfacet
  facet normal 0.645497 -0.223607 -0.730297
    outer loop
      vertex -84.2759 -17.194 -9.05515
      vertex -94.641 -0.252982 -23.4038
      vertex -94.2759 0.126491 -23.1973
    endloop
  endfacet
  facet normal -0.353553 0.707107 0.612372
    outer loop
      vertex -94.641 0.4 -23.094
      vertex -94.841 2.44929e-17 -22.7476
      vertex -74.841 2.44929e-17 -11.2006
    endloop
  endfacet
  facet normal -0.353553 0.707107 0.612372
    outer loop
      vertex -94.641 0.4 -23.094
      vertex -74.841 2.44929e-17 -11.2006
      vertex -74.641 0.4 -11.547
    endloop
  endfacet
  facet normal -0.353553 -0.707107 0.612372
    outer loop
      vertex -94.841 2.44929e-17 -22.7476
      vertex -94.641 -0.4 -23.094
      vertex -74.641 -0.4 -11.547
    endloop
  endfacet
  facet normal -0.353553 -0.707107 0.612372
    outer loop
      vertex -94.841 2.44929e-17 -22.7476
      vertex -74.641 -0.4 -11.547
      vertex -74.841 2.44929e-17 -11.2006
    endloop
  endfacet
  facet normal 0.353553 -0.707107 -0.612372
    outer loop
      vertex -94.641 -0.4 -23.094
      vertex -94.441 -7.34788e-17 -23.4404
      vertex -74.441 -7.34788e-17 -11.8934
    endloop
  endfacet
  facet normal 0.353553 -0.707107 -0.612372
    outer loop
      vertex -94.641 -0.4 -23.094
      vertex -74.441 -7.34788e-17 -11.8934
      vertex -74.641 -0.4 -11.547
    endloop
  endfacet
  facet normal 0.353553 0.707107 -0.612372
    outer loop
      vertex -94.441 -7.34788e-17 -23.4404
      vertex -94.641 0.4 -23.094
      vertex -74.641 0.4 -11.547
    endloop
  endfacet
  facet normal 0.353553 0.707107 -0.612372
    outer loop
      vertex -94.441 -7.34788e-17 -23.4404
      vertex -74.641 0.4 -11.547
      vertex -74.441 -7.34788e-17 -11.8934
    endloop
  endfacet
  facet normal -0.353553 0.612372 -0.707107
    outer loop
      vertex -94.641 0 -23.494
      vertex -94.841 0.34641 -23.094
      vertex -77.5205 10.3464 -23.094
    endloop
  endfacet
  facet normal -0.353553 0.612372 -0.707107
    outer loop
      vertex -94.641 0 -23.494
      vertex -77.5205 10.3464 -23.094
      vertex -77.3205 10 -23.494
    endloop
  endfacet
  facet normal -0.353553 0.612372 0.707107
    outer loop
      vertex -94.841 0.34641 -23.094
      vertex -94.641 4.2423e-17 -22.694
      vertex -77.3205 10 -22.694
    endloop
  endfacet
  facet normal -0.353553 0.612372 0.707107
    outer loop
      vertex -94.841 0.34641 -23.094
      vertex -77.3205 10 -22.694
      vertex -77.5205 10.3464 -23.094
    endloop
  endfacet
  facet normal 0.353553 -0.612372 0.707107
    outer loop
      vertex -94.641 4.2423e-17 -22.694
      vertex -94.441 -0.34641 -23.094
      vertex -77.1205 9.65359 -23.094
    endloop
  endfacet
  facet normal 0.353553 -0.612372 0.707107
    outer loop
      vertex -94.641 4.2423e-17 -22.694
      vertex -77.1205 9.65359 -23.094
      vertex -77.3205 10 -22.694
    endloop
  endfacet
  facet normal 0.353553 -0.612372 -0.707107
    outer loop
      vertex -94.441 -0.34641 -23.094
      vertex -94.641 0 -23.494
      vertex -77.3205 10 -23.494
    endloop
  endfacet
  facet normal 0.353553 -0.612372 -0.707107
    outer loop
      vertex -94.441 -0.34641 -23.094
      vertex -77.3205 10 -23.494
      vertex -77.1205 9.65359 -23.094
    endloop
  endfacet
  facet normal -0.707107 0.353553 -0.612372
    outer loop
      vertex -94.641 0.2 -23.4404
      vertex -95.041 1.22465e-17 -23.094
      vertex -95.041 20 -11.547
    endloop
  endfacet
  facet normal -0.707107 0.353553 -0.612372
    outer loop
      vertex -94.641 0.2 -23.4404
      vertex -95.041 20 -11.547
      vertex -94.641 20.2 -11.8934
    endloop
  endfacet
  facet normal -0.707107 -0.353553 0.612372
    outer loop
      vertex -95.041 1.22465e-17 -23.094
      vertex -94.641 -0.2 -22.7476
      vertex -94.641 19.8 -11.2006
    endloop
  endfacet
  facet normal -0.707107 -0.353553 0.612372
    outer loop
      vertex -95.041 1.22465e-17 -23.094
      vertex -94.641 19.8 -11.2006
      vertex -95.041 20 -11.547
    endloop
  endfacet
  facet normal 0.707107 -0.353553 0.612372
    outer loop
      vertex -94.641 -0.2 -22.7476
      vertex -94.241 -3.67394e-17 -23.094
      vertex -94.241 20 -11.547
    endloop
  endfacet
  facet normal 0.707107 -0.353553 0.612372
    outer loop
      vertex -94.641 -0.2 -22.7476
      vertex -94.241 20 -11.547
      vertex -94.641 19.8 -11.2006
    endloop
  endfacet
  facet normal 0.707107 0.353553 -0.612372
    outer loop
      vertex -94.241 -3.67394e-17 -23.094
      vertex -94.641 0.2 -23.4404
      vertex -94.641 20.2 -11.8934
    endloop
  endfacet
  facet normal 0.707107 0.353553 -0.612372
    outer loop
      vertex -94.241 -3.67394e-17 -23.094
      vertex -94.641 20.2 -11.8934
      vertex -94.241 20 -11.547
    endloop
  endfacet
  facet normal -0.353553 0.707107 0.612372
    outer loop
      vertex -84.641 3.07949 2.59513
      vertex -84.841 2.67949 2.94154
      vertex -64.841 2.67949 14.4885
    endloop
  endfacet
  facet normal -0.353553 0.707107 0.612372
    outer loop
      vertex -84.641 3.07949 2.59513
      vertex -64.841 2.67949 14.4885
      vertex -64.641 3.07949 14.1421
    endloop
  endfacet
  facet normal -0.353553 -0.707107 0.612372
    outer loop
      vertex -84.841 2.67949 2.94154
      vertex -84.641 2.27949 2.59513
      vertex -64.641 2.27949 14.1421
    endloop
  endfacet
  facet normal -0.353553 -0.707107 0.612372
    outer loop
      vertex -84.841 2.67949 2.94154
      vertex -64.641 2.27949 14.1421
      vertex -64.841 2.67949 14.4885
    endloop
  endfacet
  facet normal 0.353553 -0.707107 -0.612372
    outer loop
      vertex -84.641 2.27949 2.59513
      vertex -84.441 2.67949 2.24872
      vertex -64.441 2.67949 13.7957
    endloop
  endfacet
  facet normal 0.353553 -0.707107 -0.612372
    outer loop
      vertex -84.641 2.27949 2.59513
      vertex -64.441 2.67949 13.7957
      vertex -64.641 2.27949 14.1421
    endloop
  endfacet
  facet normal 0.353553 0.707107 -0.612372
    outer loop
      vertex -84.441 2.67949 2.24872
      vertex -84.641 3.07949 2.59513
      vertex -64.641 3.07949 14.1421
    endloop
  endfacet
  facet normal 0.353553 0.707107 -0.612372
    outer loop
      vertex -84.441 2.67949 2.24872
      vertex -64.641 3.07949 14.1421
      vertex -64.441 2.67949 13.7957
    endloop
  endfacet
  facet normal -0.645497 -0.67082 -0.365148
    outer loop
      vertex -84.641 2.42651 2.28529
      vertex -85.0062 2.553 2.69841
      vertex -95.0062 19.8735 -11.4437
    endloop
  endfacet
  facet normal -0.645497 -0.67082 -0.365148
    outer loop
      vertex -84.641 2.42651 2.28529
      vertex -95.0062 19.8735 -11.4437
      vertex -94.641 19.747 -11.8568
    endloop
  endfacet
  facet normal -0.645497 0.223607 0.730297
    outer loop
      vertex -85.0062 2.553 2.69841
      vertex -84.641 2.93247 2.90497
      vertex -94.641 20.253 -11.2372
    endloop
  endfacet
  facet normal -0.645497 0.223607 0.730297
    outer loop
      vertex -85.0062 2.553 2.69841
      vertex -94.641 20.253 -11.2372
      vertex -95.0062 19.8735 -11.4437
    endloop
  endfacet
  facet normal 0.645497 0.67082 0.365148
    outer loop
      vertex -84.641 2.93247 2.90497
      vertex -84.2759 2.80598 2.49185
      vertex -94.2759 20.1265 -11.6503
    endloop
  endfacet
  facet normal 0.645497 0.67082 0.365148
    outer loop
      vertex -84.641 2.93247 2.90497
      vertex -94.2759 20.1265 -11.6503
      vertex -94.641 20.253 -11.2372
    endloop
  endfacet
  facet normal 0.645497 -0.223607 -0.730297
    outer loop
      vertex -84.2759 2.80598 2.49185
      vertex -84.641 2.42651 2.28529
      vertex -94.641 19.747 -11.8568
    endloop
  endfacet
  facet normal 0.645497 -0.223607 -0.730297
    outer loop
      vertex -84.2759 2.80598 2.49185
      vertex -94.641 19.747 -11.8568
      vertex -94.2759 20.1265 -11.6503
    endloop
  endfacet
  facet normal -0.353553 0.707107 0.612372
    outer loop
      vertex -94.641 20.4 -11.547
      vertex -94.841 20 -11.2006
      vertex -74.841 20 0.34641
    endloop
  endfacet
  facet normal -0.353553 0.707107 0.612372
    outer loop
      vertex -94.641 20.4 -11.547
      vertex -74.841 20 0.34641
      vertex -74.641 20.4 0
    endloop
  endfacet
  facet normal -0.353553 -0.707107 0.612372
    outer loop
      vertex -94.841 20 -11.2006
      vertex -94.641 19.6 -11.547
      vertex -74.641 19.6 4.2423e-17
    endloop
  endfacet
  facet normal -0.353553 -0.707107 0.612372
    outer loop
      vertex -94.841 20 -11.2006
      vertex -74.641 19.6 4.2423e-17
      vertex -74.841 20 0.34641
    endloop
  endfacet
  facet normal 0.353553 -0.707107 -0.612372
    outer loop
      vertex -94.641 19.6 -11.547
      vertex -94.441 20 -11.8934
      vertex -74.441 20 -0.34641
    endloop
  endfacet
  facet normal 0.353553 -0.707107 -0.612372
    outer loop
      vertex -94.641 19.6 -11.547
      vertex -74.441 20 -0.34641
      vertex -74.641 19.6 4.2423e-17
    endloop
  endfacet
  facet normal 0.353553 0.707107 -0.612372
    outer loop
      vertex -94.441 20 -11.8934
      vertex -94.641 20.4 -11.547
      vertex -74.641 20.4 0
    endloop
  endfacet
  facet normal 0.353553 0.707107 -0.612372
    outer loop
      vertex -94.441 20 -11.8934
      vertex -74.641 20.4 0
      vertex -74.441 20 -0.34641
    endloop
  endfacet
  facet normal -0.353553 0.612372 -0.707107
    outer loop
      vertex -94.641 20 -11.947
      vertex -94.841 20.3464 -11.547
      vertex -77.5205 30.3464 -11.547
    endloop
  endfacet
  facet normal -0.353553 0.612372 -0.707107
    outer loop
      vertex -94.641 20 -11.947
      vertex -77.5205 30.3464 -11.547
      vertex -77.3205 30 -11.947
    endloop
  endfacet
  facet normal -0.353553 0.612372 0.707107
    outer loop
      vertex -94.841 20.3464 -11.547
      vertex -94.641 20 -11.147
      vertex -77.3205 30 -11.147
    endloop
  endfacet
  facet normal -0.353553 0.612372 0.707107
    outer loop
      vertex -94.841 20.3464 -11.547
      vertex -77.3205 30 -11.147
      vertex -77.5205 30.3464 -11.547
    endloop
  endfacet
  facet normal 0.353553 -0.612372 0.707107
    outer loop
      vertex -94.641 20 -11.147
      vertex -94.441 19.6536 -11.547
      vertex -77.1205 29.6536 -11.547
    endloop
  endfacet
  facet normal 0.353553 -0.612372 0.707107
    outer loop
      vertex -94.641 20 -11.147
      vertex -77.1205 29.6536 -11.547
      vertex -77.3205 30 -11.147
    endloop
  endfacet
  facet normal 0.353553 -0.612372 -0.707107
    outer loop
      vertex -94.441 19.6536 -11.547
      vertex -94.641 20 -11.947
      vertex -77.3205 30 -11.947
    endloop
  endfacet
  facet normal 0.353553 -0.612372 -0.707107
    outer loop
      vertex -94.441 19.6536 -11.547
      vertex -77.3205 30 -11.947
      vertex -77.1205 29.6536 -11.547
    endloop
  endfacet
  facet normal -0.707107 0.353553 -0.612372
    outer loop
      vertex -94.641 20.2 -11.8934
      vertex -95.041 20 -11.547
      vertex -95.041 40 -2.12115e-17
    endloop
  endfacet
  facet normal -0.707107 0.353553 -0.612372
    outer loop
      vertex -94.641 20.2 -11.8934
      vertex -95.041 40 -2.12115e-17
      vertex -94.641 40.2 -0.34641
    endloop
  endfacet
  facet normal -0.707107 -0.353553 0.612372
    outer loop
      vertex -95.041 20 -11.547
      vertex -94.641 19.8 -11.2006
      vertex -94.641 39.8 0.34641
    endloop
  endfacet
  facet normal -0.707107 -0.353553 0.612372
    outer loop
      vertex -95.041 20 -11.547
      vertex -94.641 39.8 0.34641
      vertex -95.041 40 -2.12115e-17
    endloop
  endfacet
  facet normal 0.707107 -0.353553 0.612372
    outer loop
      vertex -94.641 19.8 -11.2006
      vertex -94.241 20 -11.547
      vertex -94.241 40 6.36345e-17
    endloop
  endfacet
  facet normal 0.707107 -0.353553 0.612372
    outer loop
      vertex -94.641 19.8 -11.2006
      vertex -94.241 40 6.36345e-17
      vertex -94.641 39.8 0.34641
    endloop
  endfacet
  facet normal 0.707107 0.353553 -0.612372
    outer loop
      vertex -94.241 20 -11.547
      vertex -94.641 20.2 -11.8934
      vertex -94.641 40.2 -0.34641
    endloop
  endfacet
  facet normal 0.707107 0.353553 -0.612372
    outer loop
      vertex -94.241 20 -11.547
      vertex -94.641 40.2 -0.34641
      vertex -94.241 40 6.36345e-17
    endloop
  endfacet
  facet normal -0.353553 0.707107 0.612372
    outer loop
      vertex -94.641 40.4 0
      vertex -94.841 40 0.34641
      vertex -74.841 40 11.8934
    endloop
  endfacet
  facet normal -0.353553 0.707107 0.612372
    outer loop
      vertex -94.641 40.4 0
      vertex -74.841 40 11.8934
      vertex -74.641 40.4 11.547
    endloop
  endfacet
  facet normal -0.353553 -0.707107 0.612372
    outer loop
      vertex -94.841 40 0.34641
      vertex -94.641 39.6 4.2423e-17
      vertex -74.641 39.6 11.547
    endloop
  endfacet
  facet normal -0.353553 -0.707107 0.612372
    outer loop
      vertex -94.841 40 0.34641
      vertex -74.641 39.6 11.547
      vertex -74.841 40 11.8934
    endloop
  endfacet
  facet normal 0.353553 -0.707107 -0.612372
    outer loop
      vertex -94.641 39.6 4.2423e-17
      vertex -94.441 40 -0.34641
      vertex -74.441 40 11.2006
    endloop
  endfacet
  facet normal 0.353553 -0.707107 -0.612372
    outer loop
      vertex -94.641 39.6 4.2423e-17
      vertex -74.441 40 11.2006
      vertex -74.641 39.6 11.547
    endloop
  endfacet
  facet normal 0.353553 0.707107 -0.612372
    outer loop
      vertex -94.441 40 -0.34641
      vertex -94.641 40.4 0
      vertex -74.641 40.4 11.547
    endloop
  endfacet
  facet normal 0.353553 0.707107 -0.612372
    outer loop
      vertex -94.441 40 -0.34641
      vertex -74.641 40.4 11.547
      vertex -74.441 40 11.2006
    endloop
  endfacet
  facet normal -0.353553 0.612372 -0.707107
    outer loop
      vertex -94.641 40 -0.4
      vertex -94.841 40.3464 -2.44929e-17
      vertex -77.5205 50.3464 -2.44929e-17
    endloop
  endfacet
  facet normal -0.353553 0.612372 -0.707107
    outer loop
      vertex -94.641 40 -0.4
      vertex -77.5205 50.3464 -2.44929e-17
      vertex -77.3205 50 -0.4
    endloop
  endfacet
  facet normal -0.353553 0.612372 0.707107
    outer loop
      vertex -94.841 40.3464 -2.44929e-17
      vertex -94.641 40 0.4
      vertex -77.3205 50 0.4
    endloop
  endfacet
  facet normal -0.353553 0.612372 0.707107
    outer loop
      vertex -94.841 40.3464 -2.44929e-17
      vertex -77.3205 50 0.4
      vertex -77.5205 50.3464 -2.44929e-17
    endloop
  endfacet
  facet normal 0.353553 -0.612372 0.707107
    outer loop
      vertex -94.641 40 0.4
      vertex -94.441 39.6536 7.34788e-17
      vertex -77.1205 49.6536 7.34788e-17
    endloop
  endfacet
  facet normal 0.353553 -0.612372 0.707107
    outer loop
      vertex -94.641 40 0.4
      vertex -77.1205 49.6536 7.34788e-17
      vertex -77.3205 50 0.4
    endloop
  endfacet
  facet normal 0.353553 -0.612372 -0.707107
    outer loop
      vertex -94.441 39.6536 7.34788e-17
      vertex -94.641 40 -0.4
      vertex -77.3205 50 -0.4
    endloop
  endfacet
  facet normal 0.353553 -0.612372 -0.707107
    outer loop
      vertex -94.441 39.6536 7.34788e-17
      vertex -77.3205 50 -0.4
      vertex -77.1205 49.6536 7.34788e-17
    endloop
  endfacet
  facet normal -0.645497 -0.67082 -0.365148
    outer loop
      vertex -94.641 39.747 -0.309839
      vertex -95.0062 39.8735 0.10328
      vertex -105.006 57.194 -14.0389
    endloop
  endfacet
  facet normal -0.645497 -0.67082 -0.365148
    outer loop
      vertex -94.641 39.747 -0.309839
      vertex -105.006 57.194 -14.0389
      vertex -104.641 57.0675 -14.452
    endloop
  endfacet
  facet normal -0.645497 0.223607 0.730297
    outer loop
      vertex -95.0062 39.8735 0.10328
      vertex -94.641 40.253 0.309839
      vertex -104.641 57.5735 -13.8323
    endloop
  endfacet
  facet normal -0.645497 0.223607 0.730297
    outer loop
      vertex -95.0062 39.8735 0.10328
      vertex -104.641 57.5735 -13.8323
      vertex -105.006 57.194 -14.0389
    endloop
  endfacet
  facet normal 0.645497 0.67082 0.365148
    outer loop
      vertex -94.641 40.253 0.309839
      vertex -94.2759 40.1265 -0.10328
      vertex -104.276 57.447 -14.2454
    endloop
  endfacet
  facet normal 0.645497 0.67082 0.365148
    outer loop
      vertex -94.641 40.253 0.309839
      vertex -104.276 57.447 -14.2454
      vertex -104.641 57.5735 -13.8323
    endloop
  endfacet
  facet normal 0.645497 -0.223607 -0.730297
    outer loop
      vertex -94.2759 40.1265 -0.10328
      vertex -94.641 39.747 -0.309839
      vertex -104.641 57.0675 -14.452
    endloop
  endfacet
  facet normal 0.645497 -0.223607 -0.730297
    outer loop
      vertex -94.2759 40.1265 -0.10328
      vertex -104.641 57.0675 -14.452
      vertex -104.276 57.447 -14.2454
    endloop
  endfacet
  facet normal -0.353553 0.707107 0.612372
    outer loop
      vertex -104.641 57.7205 -14.1421
      vertex -104.841 57.3205 -13.7957
      vertex -84.841 57.3205 -2.24872
    endloop
  endfacet
  facet normal -0.353553 0.707107 0.612372
    outer loop
      vertex -104.641 57.7205 -14.1421
      vertex -84.841 57.3205 -2.24872
      vertex -84.641 57.7205 -2.59513
    endloop
  endfacet
  facet normal -0.353553 -0.707107 0.612372
    outer loop
      vertex -104.841 57.3205 -13.7957
      vertex -104.641 56.9205 -14.1421
      vertex -84.641 56.9205 -2.59513
    endloop
  endfacet
  facet normal -0.353553 -0.707107 0.612372
    outer loop
      vertex -104.841 57.3205 -13.7957
      vertex -84.641 56.9205 -2.59513
      vertex -84.841 57.3205 -2.24872
    endloop
  endfacet
  facet normal 0.353553 -0.707107 -0.612372
    outer loop
      vertex -104.641 56.9205 -14.1421
      vertex -104.441 57.3205 -14.4885
      vertex -84.441 57.3205 -2.94154
    endloop
  endfacet
  facet normal 0.353553 -0.707107 -0.612372
    outer loop
      vertex -104.641 56.9205 -14.1421
      vertex -84.441 57.3205 -2.94154
      vertex -84.641 56.9205 -2.59513
    endloop
  endfacet
  facet normal 0.353553 0.707107 -0.612372
    outer loop
      vertex -104.441 57.3205 -14.4885
      vertex -104.641 57.7205 -14.1421
      vertex -84.641 57.7205 -2.59513
    endloop
  endfacet
  facet normal 0.353553 0.707107 -0.612372
    outer loop
      vertex -104.441 57.3205 -14.4885
      vertex -84.641 57.7205 -2.59513
      vertex -84.441 57.3205 -2.94154
    endloop
  endfacet
  facet normal -0.353553 0.612372 -0.707107
    outer loop
      vertex -104.641 57.3205 -14.5421
      vertex -104.841 57.6669 -14.1421
      vertex -87.5205 67.6669 -14.1421
    endloop
  endfacet
  facet normal -0.353553 0.612372 -0.707107
    outer loop
      vertex -104.641 57.3205 -14.5421
      vertex -87.5205 67.6669 -14.1421
      vertex -87.3205 67.3205 -14.5421
    endloop
  endfacet
  facet normal -0.353553 0.612372 0.707107
    outer loop
      vertex -104.841 57.6669 -14.1421
      vertex -104.641 57.3205 -13.7421
      vertex -87.3205 67.3205 -13.7421
    endloop
  endfacet
  facet normal -0.353553 0.612372 0.707107
    outer loop
      vertex -104.841 57.6669 -14.1421
      vertex -87.3205 67.3205 -13.7421
      vertex -87.5205 67.6669 -14.1421
    endloop
  endfacet
  facet normal 0.353553 -0.612372 0.707107
    outer loop
      vertex -104.641 57.3205 -13.7421
      vertex -104.441 56.9741 -14.1421
      vertex -87.1205 66.9741 -14.1421
    endloop
  endfacet
  facet normal 0.353553 -0.612372 0.707107
    outer loop
      vertex -104.641 57.3205 -13.7421
      vertex -87.1205 66.9741 -14.1421
      vertex -87.3205 67.3205 -13.7421
    endloop
  endfacet
  facet normal 0.353553 -0.612372 -0.707107
    outer loop
      vertex -104.441 56.9741 -14.1421
      vertex -104.641 57.3205 -14.5421
      vertex -87.3205 67.3205 -14.5421
    endloop
  endfacet
  facet normal 0.353553 -0.612372 -0.707107
    outer loop
      vertex -104.441 56.9741 -14.1421
      vertex -87.3205 67.3205 -14.5421
      vertex -87.1205 66.9741 -14.1421
    endloop
  endfacet
  facet normal -0.707107 0.353553 -0.612372
    outer loop
      vertex -104.641 57.5205 -14.4885
      vertex -105.041 57.3205 -14.1421
      vertex -105.041 77.3205 -2.59513
    endloop
  endfacet
  facet normal -0.707107 0.353553 -0.612372
    outer loop
      vertex -104.641 57.5205 -14.4885
      vertex -105.041 77.3205 -2.59513
      vertex -104.641 77.5205 -2.94154
    endloop
  endfacet
  facet normal -0.707107 -0.353553 0.612372
    outer loop
      vertex -105.041 57.3205 -14.1421
      vertex -104.641 57.1205 -13.7957
      vertex -104.641 77.1205 -2.24872
    endloop
  endfacet
  facet normal -0.707107 -0.353553 0.612372
    outer loop
      vertex -105.041 57.3205 -14.1421
      vertex -104.641 77.1205 -2.24872
      vertex -105.041 77.3205 -2.59513
    endloop
  endfacet
  facet normal 0.707107 -0.353553 0.612372
    outer loop
      vertex -104.641 57.1205 -13.7957
      vertex -104.241 57.3205 -14.1421
      vertex -104.241 77.3205 -2.59513
    endloop
  endfacet
  facet normal 0.707107 -0.353553 0.612372
    outer loop
      vertex -104.641 57.1205 -13.7957
      vertex -104.241 77.3205 -2.59513
      vertex -104.641 77.1205 -2.24872
    endloop
  endfacet
  facet normal 0.707107 0.353553 -0.612372
    outer loop
      vertex -104.241 57.3205 -14.1421
      vertex -104.641 57.5205 -14.4885
      vertex -104.641 77.5205 -2.94154
    endloop
  endfacet
  facet normal 0.707107 0.353553 -0.612372
    outer loop
      vertex -104.241 57.3205 -14.1421
      vertex -104.641 77.5205 -2.94154
      vertex -104.241 77.3205 -2.59513
    endloop
  endfacet
  facet normal -0.353553 0.707107 0.612372
    outer loop
      vertex -47.3205 -121.562 -26.8556
      vertex -47.5205 -121.962 -26.5092
      vertex -27.5205 -121.962 -14.9622
    endloop
  endfacet
  facet normal -0.353553 0.707107 0.612372
    outer loop
      vertex -47.3205 -121.562 -26.8556
      vertex -27.5205 -121.962 -14.9622
      vertex -27.3205 -121.562 -15.3086
    endloop
  endfacet
  facet normal -0.353553 -0.707107 0.612372
    outer loop
      vertex -47.5205 -121.962 -26.5092
      vertex -47.3205 -122.362 -26.8556
      vertex -27.3205 -122.362 -15.3086
    endloop
  endfacet
  facet normal -0.353553 -0.707107 0.612372
    outer loop
      vertex -47.5205 -121.962 -26.5092
      vertex -27.3205 -122.362 -15.3086
      vertex -27.5205 -121.962 -14.9622
    endloop
  endfacet
  facet normal 0.353553 -0.707107 -0.612372
    outer loop
      vertex -47.3205 -122.362 -26.8556
      vertex -47.1205 -121.962 -27.202
      vertex -27.1205 -121.962 -15.655
    endloop
  endfacet
  facet normal 0.353553 -0.707107 -0.612372
    outer loop
      vertex -47.3205 -122.362 -26.8556
      vertex -27.1205 -121.962 -15.655
      vertex -27.3205 -122.362 -15.3086
    endloop
  endfacet
  facet normal 0.353553 0.707107 -0.612372
    outer loop
      vertex -47.1205 -121.962 -27.202
      vertex -47.3205 -121.562 -26.8556
      vertex -27.3205 -121.562 -15.3086
    endloop
  endfacet
  facet normal 0.353553 0.707107 -0.612372
    outer loop
      vertex -47.1205 -121.962 -27.202
      vertex -27.3205 -121.562 -15.3086
      vertex -27.1205 -121.962 -15.655
    endloop
  endfacet
  facet normal -0.353553 0.612372 -0.707107
    outer loop
      vertex -47.3205 -121.962 -27.2556
      vertex -47.5205 -121.615 -26.8556
      vertex -30.2 -111.615 -26.8556
    endloop
  endfacet
  facet normal -0.353553 0.612372 -0.707107
    outer loop
      vertex -47.3205 -121.962 -27.2556
      vertex -30.2 -111.615 -26.8556
      vertex -30 -111.962 -27.2556
    endloop
  endfacet
  facet normal -0.353553 0.612372 0.707107
    outer loop
      vertex -47.5205 -121.615 -26.8556
      vertex -47.3205 -121.962 -26.4556
      vertex -30 -111.962 -26.4556
    endloop
  endfacet
  facet normal -0.353553 0.612372 0.707107
    outer loop
      vertex -47.5205 -121.615 -26.8556
      vertex -30 -111.962 -26.4556
      vertex -30.2 -111.615 -26.8556
    endloop
  endfacet
  facet normal 0.353553 -0.612372 0.707107
    outer loop
      vertex -47.3205 -121.962 -26.4556
      vertex -47.1205 -122.308 -26.8556
      vertex -29.8 -112.308 -26.8556
    endloop
  endfacet
  facet normal 0.353553 -0.612372 0.707107
    outer loop
      vertex -47.3205 -121.962 -26.4556
      vertex -29.8 -112.308 -26.8556
      vertex -30 -111.962 -26.4556
    endloop
  endfacet
  facet normal 0.353553 -0.612372 -0.707107
    outer loop
      vertex -47.1205 -122.308 -26.8556
      vertex -47.3205 -121.962 -27.2556
      vertex -30 -111.962 -27.2556
    endloop
  endfacet
  facet normal 0.353553 -0.612372 -0.707107
    outer loop
      vertex -47.1205 -122.308 -26.8556
      vertex -30 -111.962 -27.2556
      vertex -29.8 -112.308 -26.8556
    endloop
  endfacet
  facet normal -0.707107 0.353553 -0.612372
    outer loop
      vertex -47.3205 -121.762 -27.202
      vertex -47.7205 -121.962 -26.8556
      vertex -47.7205 -101.962 -15.3086
    endloop
  endfacet
  facet normal -0.707107 0.353553 -0.612372
    outer loop
      vertex -47.3205 -121.762 -27.202
      vertex -47.7205 -101.962 -15.3086
      vertex -47.3205 -101.762 -15.655
    endloop
  endfacet
  facet normal -0.707107 -0.353553 0.612372
    outer loop
      vertex -47.7205 -121.962 -26.8556
      vertex -47.3205 -122.162 -26.5092
      vertex -47.3205 -102.162 -14.9622
    endloop
  endfacet
  facet normal -0.707107 -0.353553 0.612372
    outer loop
      vertex -47.7205 -121.962 -26.8556
      vertex -47.3205 -102.162 -14.9622
      vertex -47.7205 -101.962 -15.3086
    endloop
  endfacet
  facet normal 0.707107 -0.353553 0.612372
    outer loop
      vertex -47.3205 -122.162 -26.5092
      vertex -46.9205 -121.962 -26.8556
      vertex -46.9205 -101.962 -15.3086
    endloop
  endfacet
  facet normal 0.707107 -0.353553 0.612372
    outer loop
      vertex -47.3205 -122.162 -26.5092
      vertex -46.9205 -101.962 -15.3086
      vertex -47.3205 -102.162 -14.9622
    endloop
  endfacet
  facet normal 0.707107 0.353553 -0.612372
    outer loop
      vertex -46.9205 -121.962 -26.8556
      vertex -47.3205 -121.762 -27.202
      vertex -47.3205 -101.762 -15.655
    endloop
  endfacet
  facet normal 0.707107 0.353553 -0.612372
    outer loop
      vertex -46.9205 -121.962 -26.8556
      vertex -47.3205 -101.762 -15.655
      vertex -46.9205 -101.962 -15.3086
    endloop
  endfacet
  facet normal -0.353553 0.707107 0.612372
    outer loop
      vertex -47.3205 -101.562 -15.3086
      vertex -47.5205 -101.962 -14.9622
      vertex -27.5205 -101.962 -3.4152
    endloop
  endfacet
  facet normal -0.353553 0.707107 0.612372
    outer loop
      vertex -47.3205 -101.562 -15.3086
      vertex -27.5205 -101.962 -3.4152
      vertex -27.3205 -101.562 -3.76161
    endloop
  endfacet
  facet normal -0.353553 -0.707107 0.612372
    outer loop
      vertex -47.5205 -101.962 -14.9622
      vertex -47.3205 -102.362 -15.3086
      vertex -27.3205 -102.362 -3.76161
    endloop
  endfacet
  facet normal -0.353553 -0.707107 0.612372
    outer loop
      vertex -47.5205 -101.962 -14.9622
      vertex -27.3205 -102.362 -3.76161
      vertex -27.5205 -101.962 -3.4152
    endloop
  endfacet
  facet normal 0.353553 -0.707107 -0.612372
    outer loop
      vertex -47.3205 -102.362 -15.3086
      vertex -47.1205 -101.962 -15.655
      vertex -27.1205 -101.962 -4.10802
    endloop
  endfacet
  facet normal 0.353553 -0.707107 -0.612372
    outer loop
      vertex -47.3205 -102.362 -15.3086
      vertex -27.1205 -101.962 -4.10802
      vertex -27.3205 -102.362 -3.76161
    endloop
  endfacet
  facet normal 0.353553 0.707107 -0.612372
    outer loop
      vertex -47.1205 -101.962 -15.655
      vertex -47.3205 -101.562 -15.3086
      vertex -27.3205 -101.562 -3.76161
    endloop
  endfacet
  facet normal 0.353553 0.707107 -0.612372
    outer loop
      vertex -47.1205 -101.962 -15.655
      vertex -27.3205 -101.562 -3.76161
      vertex -27.1205 -101.962 -4.10802
    endloop
  endfacet
  facet normal -0.353553 0.612372 -0.707107
    outer loop
      vertex -47.3205 -101.962 -15.7086
      vertex -47.5205 -101.615 -15.3086
      vertex -30.2 -91.6151 -15.3086
    endloop
  endfacet
  facet normal -0.353553 0.612372 -0.707107
    outer loop
      vertex -47.3205 -101.962 -15.7086
      vertex -30.2 -91.6151 -15.3086
      vertex -30 -91.9615 -15.7086
    endloop
  endfacet
  facet normal -0.353553 0.612372 0.707107
    outer loop
      vertex -47.5205 -101.615 -15.3086
      vertex -47.3205 -101.962 -14.9086
      vertex -30 -91.9615 -14.9086
    endloop
  endfacet
  facet normal -0.353553 0.612372 0.707107
    outer loop
      vertex -47.5205 -101.615 -15.3086
      vertex -30 -91.9615 -14.9086
      vertex -30.2 -91.6151 -15.3086
    endloop
  endfacet
  facet normal 0.353553 -0.612372 0.707107
    outer loop
      vertex -47.3205 -101.962 -14.9086
      vertex -47.1205 -102.308 -15.3086
      vertex -29.8 -92.3079 -15.3086
    endloop
  endfacet
  facet normal 0.353553 -0.612372 0.707107
    outer loop
      vertex -47.3205 -101.962 -14.9086
      vertex -29.8 -92.3079 -15.3086
      vertex -30 -91.9615 -14.9086
    endloop
  endfacet
  facet normal 0.353553 -0.612372 -0.707107
    outer loop
      vertex -47.1205 -102.308 -15.3086
      vertex -47.3205 -101.962 -15.7086
      vertex -30 -91.9615 -15.7086
    endloop
  endfacet
  facet normal 0.353553 -0.612372 -0.707107
    outer loop
      vertex -47.1205 -102.308 -15.3086
      vertex -30 -91.9615 -15.7086
      vertex -29.8 -92.3079 -15.3086
    endloop
  endfacet
  facet normal -0.707107 0.353553 -0.612372
    outer loop
      vertex -47.3205 -101.762 -15.655
      vertex -47.7205 -101.962 -15.3086
      vertex -47.7205 -81.9615 -3.76161
    endloop
  endfacet
  facet normal -0.707107 0.353553 -0.612372
    outer loop
      vertex -47.3205 -101.762 -15.655
      vertex -47.7205 -81.9615 -3.76161
      vertex -47.3205 -81.7615 -4.10802
    endloop
  endfacet
  facet normal -0.707107 -0.353553 0.612372
    outer loop
      vertex -47.7205 -101.962 -15.3086
      vertex -47.3205 -102.162 -14.9622
      vertex -47.3205 -82.1615 -3.4152
    endloop
  endfacet
  facet normal -0.707107 -0.353553 0.612372
    outer loop
      vertex -47.7205 -101.962 -15.3086
      vertex -47.3205 -82.1615 -3.4152
      vertex -47.7205 -81.9615 -3.76161
    endloop
  endfacet
  facet normal 0.707107 -0.353553 0.612372
    outer loop
      vertex -47.3205 -102.162 -14.9622
      vertex -46.9205 -101.962 -15.3086
      vertex -46.9205 -81.9615 -3.76161
    endloop
  endfacet
  facet normal 0.707107 -0.353553 0.612372
    outer loop
      vertex -47.3205 -102.162 -14.9622
      vertex -46.9205 -81.9615 -3.76161
      vertex -47.3205 -82.1615 -3.4152
    endloop
  endfacet
  facet normal 0.707107 0.353553 -0.612372
    outer loop
      vertex -46.9205 -101.962 -15.3086
      vertex -47.3205 -101.762 -15.655
      vertex -47.3205 -81.7615 -4.10802
    endloop
  endfacet
  facet normal 0.707107 0.353553 -0.612372
    outer loop
      vertex -46.9205 -101.962 -15.3086
      vertex -47.3205 -81.7615 -4.10802
      vertex -46.9205 -81.9615 -3.76161
    endloop
  endfacet
  facet normal -0.645497 -0.67082 -0.365148
    outer loop
      vertex -47.3205 -102.215 -15.6185
      vertex -47.6857 -102.088 -15.2053
      vertex -57.6857 -84.7675 -29.3475
    endloop
  endfacet
  facet normal -0.645497 -0.67082 -0.365148
    outer loop
      vertex -47.3205 -102.215 -15.6185
      vertex -57.6857 -84.7675 -29.3475
      vertex -57.3205 -84.894 -29.7606
    endloop
  endfacet
  facet normal -0.645497 0.223607 0.730297
    outer loop
      vertex -47.6857 -102.088 -15.2053
      vertex -47.3205 -101.709 -14.9988
      vertex -57.3205 -84.388 -29.1409
    endloop
  endfacet
  facet normal -0.645497 0.223607 0.730297
    outer loop
      vertex -47.6857 -102.088 -15.2053
      vertex -57.3205 -84.388 -29.1409
      vertex -57.6857 -84.7675 -29.3475
    endloop
  endfacet
  facet normal 0.645497 0.67082 0.365148
    outer loop
      vertex -47.3205 -101.709 -14.9988
      vertex -46.9554 -101.835 -15.4119
      vertex -56.9554 -84.5145 -29.554
    endloop
  endfacet
  facet normal 0.645497 0.67082 0.365148
    outer loop
      vertex -47.3205 -101.709 -14.9988
      vertex -56.9554 -84.5145 -29.554
      vertex -57.3205 -84.388 -29.1409
    endloop
  endfacet
  facet normal 0.645497 -0.223607 -0.730297
    outer loop
      vertex -46.9554 -101.835 -15.4119
      vertex -47.3205 -102.215 -15.6185
      vertex -57.3205 -84.894 -29.7606
    endloop
  endfacet
  facet normal 0.645497 -0.223607 -0.730297
    outer loop
      vertex -46.9554 -101.835 -15.4119
      vertex -57.3205 -84.894 -29.7606
      vertex -56.9554 -84.5145 -29.554
    endloop
  endfacet
  facet normal -0.353553 0.707107 0.612372
    outer loop
      vertex -57.3205 -84.241 -29.4508
      vertex -57.5205 -84.641 -29.1043
      vertex -37.5205 -84.641 -17.5573
    endloop
  endfacet
  facet normal -0.353553 0.707107 0.612372
    outer loop
      vertex -57.3205 -84.241 -29.4508
      vertex -37.5205 -84.641 -17.5573
      vertex -37.3205 -84.241 -17.9038
    endloop
  endfacet
  facet normal -0.353553 -0.707107 0.612372
    outer loop
      vertex -57.5205 -84.641 -29.1043
      vertex -57.3205 -85.041 -29.4508
      vertex -37.3205 -85.041 -17.9038
    endloop
  endfacet
  facet normal -0.353553 -0.707107 0.612372
    outer loop
      vertex -57.5205 -84.641 -29.1043
      vertex -37.3205 -85.041 -17.9038
      vertex -37.5205 -84.641 -17.5573
    endloop
  endfacet
  facet normal 0.353553 -0.707107 -0.612372
    outer loop
      vertex -57.3205 -85.041 -29.4508
      vertex -57.1205 -84.641 -29.7972
      vertex -37.1205 -84.641 -18.2502
    endloop
  endfacet
  facet normal 0.353553 -0.707107 -0.612372
    outer loop
      vertex -57.3205 -85.041 -29.4508
      vertex -37.1205 -84.641 -18.2502
      vertex -37.3205 -85.041 -17.9038
    endloop
  endfacet
  facet normal 0.353553 0.707107 -0.612372
    outer loop
      vertex -57.1205 -84.641 -29.7972
      vertex -57.3205 -84.241 -29.4508
      vertex -37.3205 -84.241 -17.9038
    endloop
  endfacet
  facet normal 0.353553 0.707107 -0.612372
    outer loop
      vertex -57.1205 -84.641 -29.7972
      vertex -37.3205 -84.241 -17.9038
      vertex -37.1205 -84.641 -18.2502
    endloop
  endfacet
  facet normal -0.353553 0.612372 -0.707107
    outer loop
      vertex -57.3205 -84.641 -29.8508
      vertex -57.5205 -84.2946 -29.4508
      vertex -40.2 -74.2946 -29.4508
    endloop
  endfacet
  facet normal -0.353553 0.612372 -0.707107
    outer loop
      vertex -57.3205 -84.641 -29.8508
      vertex -40.2 -74.2946 -29.4508
      vertex -40 -74.641 -29.8508
    endloop
  endfacet
  facet normal -0.353553 0.612372 0.707107
    outer loop
      vertex -57.5205 -84.2946 -29.4508
      vertex -57.3205 -84.641 -29.0508
      vertex -40 -74.641 -29.0508
    endloop
  endfacet
  facet normal -0.353553 0.612372 0.707107
    outer loop
      vertex -57.5205 -84.2946 -29.4508
      vertex -40 -74.641 -29.0508
      vertex -40.2 -74.2946 -29.4508
    endloop
  endfacet
  facet normal 0.353553 -0.612372 0.707107
    outer loop
      vertex -57.3205 -84.641 -29.0508
      vertex -57.1205 -84.9874 -29.4508
      vertex -39.8 -74.9874 -29.4508
    endloop
  endfacet
  facet normal 0.353553 -0.612372 0.707107
    outer loop
      vertex -57.3205 -84.641 -29.0508
      vertex -39.8 -74.9874 -29.4508
      vertex -40 -74.641 -29.0508
    endloop
  endfacet
  facet normal 0.353553 -0.612372 -0.707107
    outer loop
      vertex -57.1205 -84.9874 -29.4508
      vertex -57.3205 -84.641 -29.8508
      vertex -40 -74.641 -29.8508
    endloop
  endfacet
  facet normal 0.353553 -0.612372 -0.707107
    outer loop
      vertex -57.1205 -84.9874 -29.4508
      vertex -40 -74.641 -29.8508
      vertex -39.8 -74.9874 -29.4508
    endloop
  endfacet
  facet normal -0.707107 0.353553 -0.612372
    outer loop
      vertex -57.3205 -84.441 -29.7972
      vertex -57.7205 -84.641 -29.4508
      vertex -57.7205 -64.641 -17.9038
    endloop
  endfacet
  facet normal -0.707107 0.353553 -0.612372
    outer loop
      vertex -57.3205 -84.441 -29.7972
      vertex -57.7205 -64.641 -17.9038
      vertex -57.3205 -64.441 -18.2502
    endloop
  endfacet
  facet normal -0.707107 -0.353553 0.612372
    outer loop
      vertex -57.7205 -84.641 -29.4508
      vertex -57.3205 -84.841 -29.1043
      vertex -57.3205 -64.841 -17.5573
    endloop
  endfacet
  facet normal -0.707107 -0.353553 0.612372
    outer loop
      vertex -57.7205 -84.641 -29.4508
      vertex -57.3205 -64.841 -17.5573
      vertex -57.7205 -64.641 -17.9038
    endloop
  endfacet
  facet normal 0.707107 -0.353553 0.612372
    outer loop
      vertex -57.3205 -84.841 -29.1043
      vertex -56.9205 -84.641 -29.4508
      vertex -56.9205 -64.641 -17.9038
    endloop
  endfacet
  facet normal 0.707107 -0.353553 0.612372
    outer loop
      vertex -57.3205 -84.841 -29.1043
      vertex -56.9205 -64.641 -17.9038
      vertex -57.3205 -64.841 -17.5573
    endloop
  endfacet
  facet normal 0.707107 0.353553 -0.612372
    outer loop
      vertex -56.9205 -84.641 -29.4508
      vertex -57.3205 -84.441 -29.7972
      vertex -57.3205 -64.441 -18.2502
    endloop
  endfacet
  facet normal 0.707107 0.353553 -0.612372
    outer loop
      vertex -56.9205 -84.641 -29.4508
      vertex -57.3205 -64.441 -18.2502
      vertex -56.9205 -64.641 -17.9038
    endloop
  endfacet
  facet normal -0.645497 -0.67082 -0.365148
    outer loop
      vertex -47.3205 -82.2145 -4.07145
      vertex -47.6857 -82.088 -3.65834
      vertex -57.6857 -64.7675 -17.8005
    endloop
  endfacet
  facet normal -0.645497 -0.67082 -0.365148
    outer loop
      vertex -47.3205 -82.2145 -4.07145
      vertex -57.6857 -64.7675 -17.8005
      vertex -57.3205 -64.894 -18.2136
    endloop
  endfacet
  facet normal -0.645497 0.223607 0.730297
    outer loop
      vertex -47.6857 -82.088 -3.65834
      vertex -47.3205 -81.7085 -3.45178
      vertex -57.3205 -64.388 -17.5939
    endloop
  endfacet
  facet normal -0.645497 0.223607 0.730297
    outer loop
      vertex -47.6857 -82.088 -3.65834
      vertex -57.3205 -64.388 -17.5939
      vertex -57.6857 -64.7675 -17.8005
    endloop
  endfacet
  facet normal 0.645497 0.67082 0.365148
    outer loop
      vertex -47.3205 -81.7085 -3.45178
      vertex -46.9554 -81.835 -3.86489
      vertex -56.9554 -64.5145 -18.007
    endloop
  endfacet
  facet normal 0.645497 0.67082 0.365148
    outer loop
      vertex -47.3205 -81.7085 -3.45178
      vertex -56.9554 -64.5145 -18.007
      vertex -57.3205 -64.388 -17.5939
    endloop
  endfacet
  facet normal 0.645497 -0.223607 -0.730297
    outer loop
      vertex -46.9554 -81.835 -3.86489
      vertex -47.3205 -82.2145 -4.07145
      vertex -57.3205 -64.894 -18.2136
    endloop
  endfacet
  facet normal 0.645497 -0.223607 -0.730297
    outer loop
      vertex -46.9554 -81.835 -3.86489
      vertex -57.3205 -64.894 -18.2136
      vertex -56.9554 -64.5145 -18.007
    endloop
  endfacet
  facet normal -0.353553 0.707107 0.612372
    outer loop
      vertex -57.3205 -64.241 -17.9038
      vertex -57.5205 -64.641 -17.5573
      vertex -37.5205 -64.641 -6.01033
    endloop
  endfacet
  facet normal -0.353553 0.707107 0.612372
    outer loop
      vertex -57.3205 -64.241 -17.9038
      vertex -37.5205 -64.641 -6.01033
      vertex -37.3205 -64.241 -6.35674
    endloop
  endfacet
  facet normal -0.353553 -0.707107 0.612372
    outer loop
      vertex -57.5205 -64.641 -17.5573
      vertex -57.3205 -65.041 -17.9038
      vertex -37.3205 -65.041 -6.35674
    endloop
  endfacet
  facet normal -0.353553 -0.707107 0.612372
    outer loop
      vertex -57.5205 -64.641 -17.5573
      vertex -37.3205 -65.041 -6.35674
      vertex -37.5205 -64.641 -6.01033
    endloop
  endfacet
  facet normal 0.353553 -0.707107 -0.612372
    outer loop
      vertex -57.3205 -65.041 -17.9038
      vertex -57.1205 -64.641 -18.2502
      vertex -37.1205 -64.641 -6.70316
    endloop
  endfacet
  facet normal 0.353553 -0.707107 -0.612372
    outer loop
      vertex -57.3205 -65.041 -17.9038
      vertex -37.1205 -64.641 -6.70316
      vertex -37.3205 -65.041 -6.35674
    endloop
  endfacet
  facet normal 0.353553 0.707107 -0.612372
    outer loop
      vertex -57.1205 -64.641 -18.2502
      vertex -57.3205 -64.241 -17.9038
      vertex -37.3205 -64.241 -6.35674
    endloop
  endfacet
  facet normal 0.353553 0.707107 -0.612372
    outer loop
      vertex -57.1205 -64.641 -18.2502
      vertex -37.3205 -64.241 -6.35674
      vertex -37.1205 -64.641 -6.70316
    endloop
  endfacet
  facet normal -0.353553 0.612372 -0.707107
    outer loop
      vertex -57.3205 -64.641 -18.3038
      vertex -57.5205 -64.2946 -17.9038
      vertex -40.2 -54.2946 -17.9038
    endloop
  endfacet
  facet normal -0.353553 0.612372 -0.707107
    outer loop
      vertex -57.3205 -64.641 -18.3038
      vertex -40.2 -54.2946 -17.9038
      vertex -40 -54.641 -18.3038
    endloop
  endfacet
  facet normal -0.353553 0.612372 0.707107
    outer loop
      vertex -57.5205 -64.2946 -17.9038
      vertex -57.3205 -64.641 -17.5038
      vertex -40 -54.641 -17.5038
    endloop
  endfacet
  facet normal -0.353553 0.612372 0.707107
    outer loop
      vertex -57.5205 -64.2946 -17.9038
      vertex -40 -54.641 -17.5038
      vertex -40.2 -54.2946 -17.9038
    endloop
  endfacet
  facet normal 0.353553 -0.612372 0.707107
    outer loop
      vertex -57.3205 -64.641 -17.5038
      vertex -57.1205 -64.9874 -17.9038
      vertex -39.8 -54.9874 -17.9038
    endloop
  endfacet
  facet normal 0.353553 -0.612372 0.707107
    outer loop
      vertex -57.3205 -64.641 -17.5038
      vertex -39.8 -54.9874 -17.9038
      vertex -40 -54.641 -17.5038
    endloop
  endfacet
  facet normal 0.353553 -0.612372 -0.707107
    outer loop
      vertex -57.1205 -64.9874 -17.9038
      vertex -57.3205 -64.641 -18.3038
      vertex -40 -54.641 -18.3038
    endloop
  endfacet
  facet normal 0.353553 -0.612372 -0.707107
    outer loop
      vertex -57.1205 -64.9874 -17.9038
      vertex -40 -54.641 -18.3038
      vertex -39.8 -54.9874 -17.9038
    endloop
  endfacet
  facet normal -0.707107 0.353553 -0.612372
    outer loop
      vertex -57.3205 -64.441 -18.2502
      vertex -57.7205 -64.641 -17.9038
      vertex -57.7205 -44.641 -6.35674
    endloop
  endfacet
  facet normal -0.707107 0.353553 -0.612372
    outer loop
      vertex -57.3205 -64.441 -18.2502
      vertex -57.7205 -44.641 -6.35674
      vertex -57.3205 -44.441 -6.70316
    endloop
  endfacet
  facet normal -0.707107 -0.353553 0.612372
    outer loop
      vertex -57.7205 -64.641 -17.9038
      vertex -57.3205 -64.841 -17.5573
      vertex -57.3205 -44.841 -6.01033
    endloop
  endfacet
  facet normal -0.707107 -0.353553 0.612372
    outer loop
      vertex -57.7205 -64.641 -17.9038
      vertex -57.3205 -44.841 -6.01033
      vertex -57.7205 -44.641 -6.35674
    endloop
  endfacet
  facet normal 0.707107 -0.353553 0.612372
    outer loop
      vertex -57.3205 -64.841 -17.5573
      vertex -56.9205 -64.641 -17.9038
      vertex -56.9205 -44.641 -6.35674
    endloop
  endfacet
  facet normal 0.707107 -0.353553 0.612372
    outer loop
      vertex -57.3205 -64.841 -17.5573
      vertex -56.9205 -44.641 -6.35674
      vertex -57.3205 -44.841 -6.01033
    endloop
  endfacet
  facet normal 0.707107 0.353553 -0.612372
    outer loop
      vertex -56.9205 -64.641 -17.9038
      vertex -57.3205 -64.441 -18.2502
      vertex -57.3205 -44.441 -6.70316
    endloop
  endfacet
  facet normal 0.707107 0.353553 -0.612372
    outer loop
      vertex -56.9205 -64.641 -17.9038
      vertex -57.3205 -44.441 -6.70316
      vertex -56.9205 -44.641 -6.35674
    endloop
  endfacet
  facet normal -0.645497 -0.67082 -0.365148
    outer loop
      vertex -57.3205 -64.894 -18.2136
      vertex -57.6857 -64.7675 -17.8005
      vertex -67.6857 -47.447 -31.9426
    endloop
  endfacet
  facet normal -0.645497 -0.67082 -0.365148
    outer loop
      vertex -57.3205 -64.894 -18.2136
      vertex -67.6857 -47.447 -31.9426
      vertex -67.3205 -47.5735 -32.3557
    endloop
  endfacet
  facet normal -0.645497 0.223607 0.730297
    outer loop
      vertex -57.6857 -64.7675 -17.8005
      vertex -57.3205 -64.388 -17.5939
      vertex -67.3205 -47.0675 -31.736
    endloop
  endfacet
  facet normal -0.645497 0.223607 0.730297
    outer loop
      vertex -57.6857 -64.7675 -17.8005
      vertex -67.3205 -47.0675 -31.736
      vertex -67.6857 -47.447 -31.9426
    endloop
  endfacet
  facet normal 0.645497 0.67082 0.365148
    outer loop
      vertex -57.3205 -64.388 -17.5939
      vertex -56.9554 -64.5145 -18.007
      vertex -66.9554 -47.194 -32.1492
    endloop
  endfacet
  facet normal 0.645497 0.67082 0.365148
    outer loop
      vertex -57.3205 -64.388 -17.5939
      vertex -66.9554 -47.194 -32.1492
      vertex -67.3205 -47.0675 -31.736
    endloop
  endfacet
  facet normal 0.645497 -0.223607 -0.730297
    outer loop
      vertex -56.9554 -64.5145 -18.007
      vertex -57.3205 -64.894 -18.2136
      vertex -67.3205 -47.5735 -32.3557
    endloop
  endfacet
  facet normal 0.645497 -0.223607 -0.730297
    outer loop
      vertex -56.9554 -64.5145 -18.007
      vertex -67.3205 -47.5735 -32.3557
      vertex -66.9554 -47.194 -32.1492
    endloop
  endfacet
  facet normal -0.353553 0.707107 0.612372
    outer loop
      vertex -67.3205 -46.9205 -32.0459
      vertex -67.5205 -47.3205 -31.6995
      vertex -47.5205 -47.3205 -20.1525
    endloop
  endfacet
  facet normal -0.353553 0.707107 0.612372
    outer loop
      vertex -67.3205 -46.9205 -32.0459
      vertex -47.5205 -47.3205 -20.1525
      vertex -47.3205 -46.9205 -20.4989
    endloop
  endfacet
  facet normal -0.353553 -0.707107 0.612372
    outer loop
      vertex -67.5205 -47.3205 -31.6995
      vertex -67.3205 -47.7205 -32.0459
      vertex -47.3205 -47.7205 -20.4989
    endloop
  endfacet
  facet normal -0.353553 -0.707107 0.612372
    outer loop
      vertex -67.5205 -47.3205 -31.6995
      vertex -47.3205 -47.7205 -20.4989
      vertex -47.5205 -47.3205 -20.1525
    endloop
  endfacet
  facet normal 0.353553 -0.707107 -0.612372
    outer loop
      vertex -67.3205 -47.7205 -32.0459
      vertex -67.1205 -47.3205 -32.3923
      vertex -47.1205 -47.3205 -20.8453
    endloop
  endfacet
  facet normal 0.353553 -0.707107 -0.612372
    outer loop
      vertex -67.3205 -47.7205 -32.0459
      vertex -47.1205 -47.3205 -20.8453
      vertex -47.3205 -47.7205 -20.4989
    endloop
  endfacet
  facet normal 0.353553 0.707107 -0.612372
    outer loop
      vertex -67.1205 -47.3205 -32.3923
      vertex -67.3205 -46.9205 -32.0459
      vertex -47.3205 -46.9205 -20.4989
    endloop
  endfacet
  facet normal 0.353553 0.707107 -0.612372
    outer loop
      vertex -67.1205 -47.3205 -32.3923
      vertex -47.3205 -46.9205 -20.4989
      vertex -47.1205 -47.3205 -20.8453
    endloop
  endfacet
  facet normal -0.353553 0.612372 -0.707107
    outer loop
      vertex -67.3205 -47.3205 -32.4459
      vertex -67.5205 -46.9741 -32.0459
      vertex -50.2 -36.9741 -32.0459
    endloop
  endfacet
  facet normal -0.353553 0.612372 -0.707107
    outer loop
      vertex -67.3205 -47.3205 -32.4459
      vertex -50.2 -36.9741 -32.0459
      vertex -50 -37.3205 -32.4459
    endloop
  endfacet
  facet normal -0.353553 0.612372 0.707107
    outer loop
      vertex -67.5205 -46.9741 -32.0459
      vertex -67.3205 -47.3205 -31.6459
      vertex -50 -37.3205 -31.6459
    endloop
  endfacet
  facet normal -0.353553 0.612372 0.707107
    outer loop
      vertex -67.5205 -46.9741 -32.0459
      vertex -50 -37.3205 -31.6459
      vertex -50.2 -36.9741 -32.0459
    endloop
  endfacet
  facet normal 0.353553 -0.612372 0.707107
    outer loop
      vertex -67.3205 -47.3205 -31.6459
      vertex -67.1205 -47.6669 -32.0459
      vertex -49.8 -37.6669 -32.0459
    endloop
  endfacet
  facet normal 0.353553 -0.612372 0.707107
    outer loop
      vertex -67.3205 -47.3205 -31.6459
      vertex -49.8 -37.6669 -32.0459
      vertex -50 -37.3205 -31.6459
    endloop
  endfacet
  facet normal 0.353553 -0.612372 -0.707107
    outer loop
      vertex -67.1205 -47.6669 -32.0459
      vertex -67.3205 -47.3205 -32.4459
      vertex -50 -37.3205 -32.4459
    endloop
  endfacet
  facet normal 0.353553 -0.612372 -0.707107
    outer loop
      vertex -67.1205 -47.6669 -32.0459
      vertex -50 -37.3205 -32.4459
      vertex -49.8 -37.6669 -32.0459
    endloop
  endfacet
  facet normal -0.707107 0.353553 -0.612372
    outer loop
      vertex -67.3205 -47.1205 -32.3923
      vertex -67.7205 -47.3205 -32.0459
      vertex -67.7205 -27.3205 -20.4989
    endloop
  endfacet
  facet normal -0.707107 0.353553 -0.612372
    outer loop
      vertex -67.3205 -47.1205 -32.3923
      vertex -67.7205 -27.3205 -20.4989
      vertex -67.3205 -27.1205 -20.8453
    endloop
  endfacet
  facet normal -0.707107 -0.353553 0.612372
    outer loop
      vertex -67.7205 -47.3205 -32.0459
      vertex -67.3205 -47.5205 -31.6995
      vertex -67.3205 -27.5205 -20.1525
    endloop
  endfacet
  facet normal -0.707107 -0.353553 0.612372
    outer loop
      vertex -67.7205 -47.3205 -32.0459
      vertex -67.3205 -27.5205 -20.1525
      vertex -67.7205 -27.3205 -20.4989
    endloop
  endfacet
  facet normal 0.707107 -0.353553 0.612372
    outer loop
      vertex -67.3205 -47.5205 -31.6995
      vertex -66.9205 -47.3205 -32.0459
      vertex -66.9205 -27.3205 -20.4989
    endloop
  endfacet
  facet normal 0.707107 -0.353553 0.612372
    outer loop
      vertex -67.3205 -47.5205 -31.6995
      vertex -66.9205 -27.3205 -20.4989
      vertex -67.3205 -27.5205 -20.1525
    endloop
  endfacet
  facet normal 0.707107 0.353553 -0.612372
    outer loop
      vertex -66.9205 -47.3205 -32.0459
      vertex -67.3205 -47.1205 -32.3923
      vertex -67.3205 -27.1205 -20.8453
    endloop
  endfacet
  facet normal 0.707107 0.353553 -0.612372
    outer loop
      vertex -66.9205 -47.3205 -32.0459
      vertex -67.3205 -27.1205 -20.8453
      vertex -66.9205 -27.3205 -20.4989
    endloop
  endfacet
  facet normal -0.353553 0.707107 0.612372
    outer loop
      vertex -57.3205 -44.241 -6.35674
      vertex -57.5205 -44.641 -6.01033
      vertex -37.5205 -44.641 5.53667
    endloop
  endfacet
  facet normal -0.353553 0.707107 0.612372
    outer loop
      vertex -57.3205 -44.241 -6.35674
      vertex -37.5205 -44.641 5.53667
      vertex -37.3205 -44.241 5.19026
    endloop
  endfacet
  facet normal -0.353553 -0.707107 0.612372
    outer loop
      vertex -57.5205 -44.641 -6.01033
      vertex -57.3205 -45.041 -6.35674
      vertex -37.3205 -45.041 5.19026
    endloop
  endfacet
  facet normal -0.353553 -0.707107 0.612372
    outer loop
      vertex -57.5205 -44.641 -6.01033
      vertex -37.3205 -45.041 5.19026
      vertex -37.5205 -44.641 5.53667
    endloop
  endfacet
  facet normal 0.353553 -0.707107 -0.612372
    outer loop
      vertex -57.3205 -45.041 -6.35674
      vertex -57.1205 -44.641 -6.70316
      vertex -37.1205 -44.641 4.84385
    endloop
  endfacet
  facet normal 0.353553 -0.707107 -0.612372
    outer loop
      vertex -57.3205 -45.041 -6.35674
      vertex -37.1205 -44.641 4.84385
      vertex -37.3205 -45.041 5.19026
    endloop
  endfacet
  facet normal 0.353553 0.707107 -0.612372
    outer loop
      vertex -57.1205 -44.641 -6.70316
      vertex -57.3205 -44.241 -6.35674
      vertex -37.3205 -44.241 5.19026
    endloop
  endfacet
  facet normal 0.353553 0.707107 -0.612372
    outer loop
      vertex -57.1205 -44.641 -6.70316
      vertex -37.3205 -44.241 5.19026
      vertex -37.1205 -44.641 4.84385
    endloop
  endfacet
  facet normal -0.645497 -0.67082 -0.365148
    outer loop
      vertex -57.3205 -44.894 -6.66658
      vertex -57.6857 -44.7675 -6.25347
      vertex -67.6857 -27.447 -20.3956
    endloop
  endfacet
  facet normal -0.645497 -0.67082 -0.365148
    outer loop
      vertex -57.3205 -44.894 -6.66658
      vertex -67.6857 -27.447 -20.3956
      vertex -67.3205 -27.5735 -20.8087
    endloop
  endfacet
  facet normal -0.645497 0.223607 0.730297
    outer loop
      vertex -57.6857 -44.7675 -6.25347
      vertex -57.3205 -44.388 -6.04691
      vertex -67.3205 -27.0675 -20.189
    endloop
  endfacet
  facet normal -0.645497 0.223607 0.730297
    outer loop
      vertex -57.6857 -44.7675 -6.25347
      vertex -67.3205 -27.0675 -20.189
      vertex -67.6857 -27.447 -20.3956
    endloop
  endfacet
  facet normal 0.645497 0.67082 0.365148
    outer loop
      vertex -57.3205 -44.388 -6.04691
      vertex -56.9554 -44.5145 -6.46002
      vertex -66.9554 -27.194 -20.6022
    endloop
  endfacet
  facet normal 0.645497 0.67082 0.365148
    outer loop
      vertex -57.3205 -44.388 -6.04691
      vertex -66.9554 -27.194 -20.6022
      vertex -67.3205 -27.0675 -20.189
    endloop
  endfacet
  facet normal 0.645497 -0.223607 -0.730297
    outer loop
      vertex -56.9554 -44.5145 -6.46002
      vertex -57.3205 -44.894 -6.66658
      vertex -67.3205 -27.5735 -20.8087
    endloop
  endfacet
  facet normal 0.645497 -0.223607 -0.730297
    outer loop
      vertex -56.9554 -44.5145 -6.46002
      vertex -67.3205 -27.5735 -20.8087
      vertex -66.9554 -27.194 -20.6022
    endloop
  endfacet
  facet normal -0.353553 0.707107 0.612372
    outer loop
      vertex -67.3205 -26.9205 -20.4989
      vertex -67.5205 -27.3205 -20.1525
      vertex -47.5205 -27.3205 -8.60546
    endloop
  endfacet
  facet normal -0.353553 0.707107 0.612372
    outer loop
      vertex -67.3205 -26.9205 -20.4989
      vertex -47.5205 -27.3205 -8.60546
      vertex -47.3205 -26.9205 -8.95188
    endloop
  endfacet
  facet normal -0.353553 -0.707107 0.612372
    outer loop
      vertex -67.5205 -27.3205 -20.1525
      vertex -67.3205 -27.7205 -20.4989
      vertex -47.3205 -27.7205 -8.95188
    endloop
  endfacet
  facet normal -0.353553 -0.707107 0.612372
    outer loop
      vertex -67.5205 -27.3205 -20.1525
      vertex -47.3205 -27.7205 -8.95188
      vertex -47.5205 -27.3205 -8.60546
    endloop
  endfacet
  facet normal 0.353553 -0.707107 -0.612372
    outer loop
      vertex -67.3205 -27.7205 -20.4989
      vertex -67.1205 -27.3205 -20.8453
      vertex -47.1205 -27.3205 -9.29829
    endloop
  endfacet
  facet normal 0.353553 -0.707107 -0.612372
    outer loop
      vertex -67.3205 -27.7205 -20.4989
      vertex -47.1205 -27.3205 -9.29829
      vertex -47.3205 -27.7205 -8.95188
    endloop
  endfacet
  facet normal 0.353553 0.707107 -0.612372
    outer loop
      vertex -67.1205 -27.3205 -20.8453
      vertex -67.3205 -26.9205 -20.4989
      vertex -47.3205 -26.9205 -8.95188
    endloop
  endfacet
  facet normal 0.353553 0.707107 -0.612372
    outer loop
      vertex -67.1205 -27.3205 -20.8453
      vertex -47.3205 -26.9205 -8.95188
      vertex -47.1205 -27.3205 -9.29829
    endloop
  endfacet
  facet normal -0.353553 0.612372 -0.707107
    outer loop
      vertex -67.3205 -27.3205 -20.8989
      vertex -67.5205 -26.9741 -20.4989
      vertex -50.2 -16.9741 -20.4989
    endloop
  endfacet
  facet normal -0.353553 0.612372 -0.707107
    outer loop
      vertex -67.3205 -27.3205 -20.8989
      vertex -50.2 -16.9741 -20.4989
      vertex -50 -17.3205 -20.8989
    endloop
  endfacet
  facet normal -0.353553 0.612372 0.707107
    outer loop
      vertex -67.5205 -26.9741 -20.4989
      vertex -67.3205 -27.3205 -20.0989
      vertex -50 -17.3205 -20.0989
    endloop
  endfacet
  facet normal -0.353553 0.612372 0.707107
    outer loop
      vertex -67.5205 -26.9741 -20.4989
      vertex -50 -17.3205 -20.0989
      vertex -50.2 -16.9741 -20.4989
    endloop
  endfacet
  facet normal 0.353553 -0.612372 0.707107
    outer loop
      vertex -67.3205 -27.3205 -20.0989
      vertex -67.1205 -27.6669 -20.4989
      vertex -49.8 -17.6669 -20.4989
    endloop
  endfacet
  facet normal 0.353553 -0.612372 0.707107
    outer loop
      vertex -67.3205 -27.3205 -20.0989
      vertex -49.8 -17.6669 -20.4989
      vertex -50 -17.3205 -20.0989
    endloop
  endfacet
  facet normal 0.353553 -0.612372 -0.707107
    outer loop
      vertex -67.1205 -27.6669 -20.4989
      vertex -67.3205 -27.3205 -20.8989
      vertex -50 -17.3205 -20.8989
    endloop
  endfacet
  facet normal 0.353553 -0.612372 -0.707107
    outer loop
      vertex -67.1205 -27.6669 -20.4989
      vertex -50 -17.3205 -20.8989
      vertex -49.8 -17.6669 -20.4989
    endloop
  endfacet
  facet normal -0.707107 0.353553 -0.612372
    outer loop
      vertex -67.3205 -27.1205 -20.8453
      vertex -67.7205 -27.3205 -20.4989
      vertex -67.7205 -7.32051 -8.95188
    endloop
  endfacet
  facet normal -0.707107 0.353553 -0.612372
    outer loop
      vertex -67.3205 -27.1205 -20.8453
      vertex -67.7205 -7.32051 -8.95188
      vertex -67.3205 -7.12051 -9.29829
    endloop
  endfacet
  facet normal -0.707107 -0.353553 0.612372
    outer loop
      vertex -67.7205 -27.3205 -20.4989
      vertex -67.3205 -27.5205 -20.1525
      vertex -67.3205 -7.52051 -8.60546
    endloop
  endfacet
  facet normal -0.707107 -0.353553 0.612372
    outer loop
      vertex -67.7205 -27.3205 -20.4989
      vertex -67.3205 -7.52051 -8.60546
      vertex -67.7205 -7.32051 -8.95188
    endloop
  endfacet
  facet normal 0.707107 -0.353553 0.612372
    outer loop
      vertex -67.3205 -27.5205 -20.1525
      vertex -66.9205 -27.3205 -20.4989
      vertex -66.9205 -7.32051 -8.95188
    endloop
  endfacet
  facet normal 0.707107 -0.353553 0.612372
    outer loop
      vertex -67.3205 -27.5205 -20.1525
      vertex -66.9205 -7.32051 -8.95188
      vertex -67.3205 -7.52051 -8.60546
    endloop
  endfacet
  facet normal 0.707107 0.353553 -0.612372
    outer loop
      vertex -66.9205 -27.3205 -20.4989
      vertex -67.3205 -27.1205 -20.8453
      vertex -67.3205 -7.12051 -9.29829
    endloop
  endfacet
  facet normal 0.707107 0.353553 -0.612372
    outer loop
      vertex -66.9205 -27.3205 -20.4989
      vertex -67.3205 -7.12051 -9.29829
      vertex -66.9205 -7.32051 -8.95188
    endloop
  endfacet
  facet normal -0.353553 0.707107 0.612372
    outer loop
      vertex -67.3205 -6.92051 -8.95188
      vertex -67.5205 -7.32051 -8.60546
      vertex -47.5205 -7.32051 2.94154
    endloop
  endfacet
  facet normal -0.353553 0.707107 0.612372
    outer loop
      vertex -67.3205 -6.92051 -8.95188
      vertex -47.5205 -7.32051 2.94154
      vertex -47.3205 -6.92051 2.59513
    endloop
  endfacet
  facet normal -0.353553 -0.707107 0.612372
    outer loop
      vertex -67.5205 -7.32051 -8.60546
      vertex -67.3205 -7.72051 -8.95188
      vertex -47.3205 -7.72051 2.59513
    endloop
  endfacet
  facet normal -0.353553 -0.707107 0.612372
    outer loop
      vertex -67.5205 -7.32051 -8.60546
      vertex -47.3205 -7.72051 2.59513
      vertex -47.5205 -7.32051 2.94154
    endloop
  endfacet
  facet normal 0.353553 -0.707107 -0.612372
    outer loop
      vertex -67.3205 -7.72051 -8.95188
      vertex -67.1205 -7.32051 -9.29829
      vertex -47.1205 -7.32051 2.24872
    endloop
  endfacet
  facet normal 0.353553 -0.707107 -0.612372
    outer loop
      vertex -67.3205 -7.72051 -8.95188
      vertex -47.1205 -7.32051 2.24872
      vertex -47.3205 -7.72051 2.59513
    endloop
  endfacet
  facet normal 0.353553 0.707107 -0.612372
    outer loop
      vertex -67.1205 -7.32051 -9.29829
      vertex -67.3205 -6.92051 -8.95188
      vertex -47.3205 -6.92051 2.59513
    endloop
  endfacet
  facet normal 0.353553 0.707107 -0.612372
    outer loop
      vertex -67.1205 -7.32051 -9.29829
      vertex -47.3205 -6.92051 2.59513
      vertex -47.1205 -7.32051 2.24872
    endloop
  endfacet
  facet normal -0.353553 0.612372 -0.707107
    outer loop
      vertex -67.3205 -7.32051 -9.35188
      vertex -67.5205 -6.9741 -8.95188
      vertex -50.2 3.0259 -8.95188
    endloop
  endfacet
  facet normal -0.353553 0.612372 -0.707107
    outer loop
      vertex -67.3205 -7.32051 -9.35188
      vertex -50.2 3.0259 -8.95188
      vertex -50 2.67949 -9.35188
    endloop
  endfacet
  facet normal -0.353553 0.612372 0.707107
    outer loop
      vertex -67.5205 -6.9741 -8.95188
      vertex -67.3205 -7.32051 -8.55188
      vertex -50 2.67949 -8.55188
    endloop
  endfacet
  facet normal -0.353553 0.612372 0.707107
    outer loop
      vertex -67.5205 -6.9741 -8.95188
      vertex -50 2.67949 -8.55188
      vertex -50.2 3.0259 -8.95188
    endloop
  endfacet
  facet normal 0.353553 -0.612372 0.707107
    outer loop
      vertex -67.3205 -7.32051 -8.55188
      vertex -67.1205 -7.66692 -8.95188
      vertex -49.8 2.33308 -8.95188
    endloop
  endfacet
  facet normal 0.353553 -0.612372 0.707107
    outer loop
      vertex -67.3205 -7.32051 -8.55188
      vertex -49.8 2.33308 -8.95188
      vertex -50 2.67949 -8.55188
    endloop
  endfacet
  facet normal 0.353553 -0.612372 -0.707107
    outer loop
      vertex -67.1205 -7.66692 -8.95188
      vertex -67.3205 -7.32051 -9.35188
      vertex -50 2.67949 -9.35188
    endloop
  endfacet
  facet normal 0.353553 -0.612372 -0.707107
    outer loop
      vertex -67.1205 -7.66692 -8.95188
      vertex -50 2.67949 -9.35188
      vertex -49.8 2.33308 -8.95188
    endloop
  endfacet
  facet normal -0.645497 -0.67082 -0.365148
    outer loop
      vertex -67.3205 -7.57349 -9.26171
      vertex -67.6857 -7.447 -8.8486
      vertex -77.6857 9.87351 -22.9907
    endloop
  endfacet
  facet normal -0.645497 -0.67082 -0.365148
    outer loop
      vertex -67.3205 -7.57349 -9.26171
      vertex -77.6857 9.87351 -22.9907
      vertex -77.3205 9.74702 -23.4038
    endloop
  endfacet
  facet normal -0.645497 0.223607 0.730297
    outer loop
      vertex -67.6857 -7.447 -8.8486
      vertex -67.3205 -7.06753 -8.64204
      vertex -77.3205 10.253 -22.7842
    endloop
  endfacet
  facet normal -0.645497 0.223607 0.730297
    outer loop
      vertex -67.6857 -7.447 -8.8486
      vertex -77.3205 10.253 -22.7842
      vertex -77.6857 9.87351 -22.9907
    endloop
  endfacet
  facet normal 0.645497 0.67082 0.365148
    outer loop
      vertex -67.3205 -7.06753 -8.64204
      vertex -66.9554 -7.19402 -9.05515
      vertex -76.9554 10.1265 -23.1973
    endloop
  endfacet
  facet normal 0.645497 0.67082 0.365148
    outer loop
      vertex -67.3205 -7.06753 -8.64204
      vertex -76.9554 10.1265 -23.1973
      vertex -77.3205 10.253 -22.7842
    endloop
  endfacet
  facet normal 0.645497 -0.223607 -0.730297
    outer loop
      vertex -66.9554 -7.19402 -9.05515
      vertex -67.3205 -7.57349 -9.26171
      vertex -77.3205 9.74702 -23.4038
    endloop
  endfacet
  facet normal 0.645497 -0.223607 -0.730297
    outer loop
      vertex -66.9554 -7.19402 -9.05515
      vertex -77.3205 9.74702 -23.4038
      vertex -76.9554 10.1265 -23.1973
    endloop
  endfacet
  facet normal -0.353553 0.707107 0.612372
    outer loop
      vertex -77.3205 10.4 -23.094
      vertex -77.5205 10 -22.7476
      vertex -57.5205 10 -11.2006
    endloop
  endfacet
  facet normal -0.353553 0.707107 0.612372
    outer loop
      vertex -77.3205 10.4 -23.094
      vertex -57.5205 10 -11.2006
      vertex -57.3205 10.4 -11.547
    endloop
  endfacet
  facet normal -0.353553 -0.707107 0.612372
    outer loop
      vertex -77.5205 10 -22.7476
      vertex -77.3205 9.6 -23.094
      vertex -57.3205 9.6 -11.547
    endloop
  endfacet
  facet normal -0.353553 -0.707107 0.612372
    outer loop
      vertex -77.5205 10 -22.7476
      vertex -57.3205 9.6 -11.547
      vertex -57.5205 10 -11.2006
    endloop
  endfacet
  facet normal 0.353553 -0.707107 -0.612372
    outer loop
      vertex -77.3205 9.6 -23.094
      vertex -77.1205 10 -23.4404
      vertex -57.1205 10 -11.8934
    endloop
  endfacet
  facet normal 0.353553 -0.707107 -0.612372
    outer loop
      vertex -77.3205 9.6 -23.094
      vertex -57.1205 10 -11.8934
      vertex -57.3205 9.6 -11.547
    endloop
  endfacet
  facet normal 0.353553 0.707107 -0.612372
    outer loop
      vertex -77.1205 10 -23.4404
      vertex -77.3205 10.4 -23.094
      vertex -57.3205 10.4 -11.547
    endloop
  endfacet
  facet normal 0.353553 0.707107 -0.612372
    outer loop
      vertex -77.1205 10 -23.4404
      vertex -57.3205 10.4 -11.547
      vertex -57.1205 10 -11.8934
    endloop
  endfacet
  facet normal -0.353553 0.612372 -0.707107
    outer loop
      vertex -77.3205 10 -23.494
      vertex -77.5205 10.3464 -23.094
      vertex -60.2 20.3464 -23.094
    endloop
  endfacet
  facet normal -0.353553 0.612372 -0.707107
    outer loop
      vertex -77.3205 10 -23.494
      vertex -60.2 20.3464 -23.094
      vertex -60 20 -23.494
    endloop
  endfacet
  facet normal -0.353553 0.612372 0.707107
    outer loop
      vertex -77.5205 10.3464 -23.094
      vertex -77.3205 10 -22.694
      vertex -60 20 -22.694
    endloop
  endfacet
  facet normal -0.353553 0.612372 0.707107
    outer loop
      vertex -77.5205 10.3464 -23.094
      vertex -60 20 -22.694
      vertex -60.2 20.3464 -23.094
    endloop
  endfacet
  facet normal 0.353553 -0.612372 0.707107
    outer loop
      vertex -77.3205 10 -22.694
      vertex -77.1205 9.65359 -23.094
      vertex -59.8 19.6536 -23.094
    endloop
  endfacet
  facet normal 0.353553 -0.612372 0.707107
    outer loop
      vertex -77.3205 10 -22.694
      vertex -59.8 19.6536 -23.094
      vertex -60 20 -22.694
    endloop
  endfacet
  facet normal 0.353553 -0.612372 -0.707107
    outer loop
      vertex -77.1205 9.65359 -23.094
      vertex -77.3205 10 -23.494
      vertex -60 20 -23.494
    endloop
  endfacet
  facet normal 0.353553 -0.612372 -0.707107
    outer loop
      vertex -77.1205 9.65359 -23.094
      vertex -60 20 -23.494
      vertex -59.8 19.6536 -23.094
    endloop
  endfacet
  facet normal -0.707107 0.353553 -0.612372
    outer loop
      vertex -77.3205 10.2 -23.4404
      vertex -77.7205 10 -23.094
      vertex -77.7205 30 -11.547
    endloop
  endfacet
  facet normal -0.707107 0.353553 -0.612372
    outer loop
      vertex -77.3205 10.2 -23.4404
      vertex -77.7205 30 -11.547
      vertex -77.3205 30.2 -11.8934
    endloop
  endfacet
  facet normal -0.707107 -0.353553 0.612372
    outer loop
      vertex -77.7205 10 -23.094
      vertex -77.3205 9.8 -22.7476
      vertex -77.3205 29.8 -11.2006
    endloop
  endfacet
  facet normal -0.707107 -0.353553 0.612372
    outer loop
      vertex -77.7205 10 -23.094
      vertex -77.3205 29.8 -11.2006
      vertex -77.7205 30 -11.547
    endloop
  endfacet
  facet normal 0.707107 -0.353553 0.612372
    outer loop
      vertex -77.3205 9.8 -22.7476
      vertex -76.9205 10 -23.094
      vertex -76.9205 30 -11.547
    endloop
  endfacet
  facet normal 0.707107 -0.353553 0.612372
    outer loop
      vertex -77.3205 9.8 -22.7476
      vertex -76.9205 30 -11.547
      vertex -77.3205 29.8 -11.2006
    endloop
  endfacet
  facet normal 0.707107 0.353553 -0.612372
    outer loop
      vertex -76.9205 10 -23.094
      vertex -77.3205 10.2 -23.4404
      vertex -77.3205 30.2 -11.8934
    endloop
  endfacet
  facet normal 0.707107 0.353553 -0.612372
    outer loop
      vertex -76.9205 10 -23.094
      vertex -77.3205 30.2 -11.8934
      vertex -76.9205 30 -11.547
    endloop
  endfacet
  facet normal -0.353553 0.707107 0.612372
    outer loop
      vertex -77.3205 30.4 -11.547
      vertex -77.5205 30 -11.2006
      vertex -57.5205 30 0.34641
    endloop
  endfacet
  facet normal -0.353553 0.707107 0.612372
    outer loop
      vertex -77.3205 30.4 -11.547
      vertex -57.5205 30 0.34641
      vertex -57.3205 30.4 0
    endloop
  endfacet
  facet normal -0.353553 -0.707107 0.612372
    outer loop
      vertex -77.5205 30 -11.2006
      vertex -77.3205 29.6 -11.547
      vertex -57.3205 29.6 4.2423e-17
    endloop
  endfacet
  facet normal -0.353553 -0.707107 0.612372
    outer loop
      vertex -77.5205 30 -11.2006
      vertex -57.3205 29.6 4.2423e-17
      vertex -57.5205 30 0.34641
    endloop
  endfacet
  facet normal 0.353553 -0.707107 -0.612372
    outer loop
      vertex -77.3205 29.6 -11.547
      vertex -77.1205 30 -11.8934
      vertex -57.1205 30 -0.34641
    endloop
  endfacet
  facet normal 0.353553 -0.707107 -0.612372
    outer loop
      vertex -77.3205 29.6 -11.547
      vertex -57.1205 30 -0.34641
      vertex -57.3205 29.6 4.2423e-17
    endloop
  endfacet
  facet normal 0.353553 0.707107 -0.612372
    outer loop
      vertex -77.1205 30 -11.8934
      vertex -77.3205 30.4 -11.547
      vertex -57.3205 30.4 0
    endloop
  endfacet
  facet normal 0.353553 0.707107 -0.612372
    outer loop
      vertex -77.1205 30 -11.8934
      vertex -57.3205 30.4 0
      vertex -57.1205 30 -0.34641
    endloop
  endfacet
  facet normal -0.353553 0.612372 -0.707107
    outer loop
      vertex -77.3205 30 -11.947
      vertex -77.5205 30.3464 -11.547
      vertex -60.2 40.3464 -11.547
    endloop
  endfacet
  facet normal -0.353553 0.612372 -0.707107
    outer loop
      vertex -77.3205 30 -11.947
      vertex -60.2 40.3464 -11.547
      vertex -60 40 -11.947
    endloop
  endfacet
  facet normal -0.353553 0.612372 0.707107
    outer loop
      vertex -77.5205 30.3464 -11.547
      vertex -77.3205 30 -11.147
      vertex -60 40 -11.147
    endloop
  endfacet
  facet normal -0.353553 0.612372 0.707107
    outer loop
      vertex -77.5205 30.3464 -11.547
      vertex -60 40 -11.147
      vertex -60.2 40.3464 -11.547
    endloop
  endfacet
  facet normal 0.353553 -0.612372 0.707107
    outer loop
      vertex -77.3205 30 -11.147
      vertex -77.1205 29.6536 -11.547
      vertex -59.8 39.6536 -11.547
    endloop
  endfacet
  facet normal 0.353553 -0.612372 0.707107
    outer loop
      vertex -77.3205 30 -11.147
      vertex -59.8 39.6536 -11.547
      vertex -60 40 -11.147
    endloop
  endfacet
  facet normal 0.353553 -0.612372 -0.707107
    outer loop
      vertex -77.1205 29.6536 -11.547
      vertex -77.3205 30 -11.947
      vertex -60 40 -11.947
    endloop
  endfacet
  facet normal 0.353553 -0.612372 -0.707107
    outer loop
      vertex -77.1205 29.6536 -11.547
      vertex -60 40 -11.947
      vertex -59.8 39.6536 -11.547
    endloop
  endfacet
  facet normal -0.707107 0.353553 -0.612372
    outer loop
      vertex -77.3205 30.2 -11.8934
      vertex -77.7205 30 -11.547
      vertex -77.7205 50 -2.12115e-17
    endloop
  endfacet
  facet normal -0.707107 0.353553 -0.612372
    outer loop
      vertex -77.3205 30.2 -11.8934
      vertex -77.7205 50 -2.12115e-17
      vertex -77.3205 50.2 -0.34641
    endloop
  endfacet
  facet normal -0.707107 -0.353553 0.612372
    outer loop
      vertex -77.7205 30 -11.547
      vertex -77.3205 29.8 -11.2006
      vertex -77.3205 49.8 0.34641
    endloop
  endfacet
  facet normal -0.707107 -0.353553 0.612372
    outer loop
      vertex -77.7205 30 -11.547
      vertex -77.3205 49.8 0.34641
      vertex -77.7205 50 -2.12115e-17
    endloop
  endfacet
  facet normal 0.707107 -0.353553 0.612372
    outer loop
      vertex -77.3205 29.8 -11.2006
      vertex -76.9205 30 -11.547
      vertex -76.9205 50 6.36345e-17
    endloop
  endfacet
  facet normal 0.707107 -0.353553 0.612372
    outer loop
      vertex -77.3205 29.8 -11.2006
      vertex -76.9205 50 6.36345e-17
      vertex -77.3205 49.8 0.34641
    endloop
  endfacet
  facet normal 0.707107 0.353553 -0.612372
    outer loop
      vertex -76.9205 30 -11.547
      vertex -77.3205 30.2 -11.8934
      vertex -77.3205 50.2 -0.34641
    endloop
  endfacet
  facet normal 0.707107 0.353553 -0.612372
    outer loop
      vertex -76.9205 30 -11.547
      vertex -77.3205 50.2 -0.34641
      vertex -76.9205 50 6.36345e-17
    endloop
  endfacet
  facet normal -0.645497 -0.67082 -0.365148
    outer loop
      vertex -77.3205 29.747 -11.8568
      vertex -77.6857 29.8735 -11.4437
      vertex -87.6857 47.194 -25.5859
    endloop
  endfacet
  facet normal -0.645497 -0.67082 -0.365148
    outer loop
      vertex -77.3205 29.747 -11.8568
      vertex -87.6857 47.194 -25.5859
      vertex -87.3205 47.0675 -25.999
    endloop
  endfacet
  facet normal -0.645497 0.223607 0.730297
    outer loop
      vertex -77.6857 29.8735 -11.4437
      vertex -77.3205 30.253 -11.2372
      vertex -87.3205 47.5735 -25.3793
    endloop
  endfacet
  facet normal -0.645497 0.223607 0.730297
    outer loop
      vertex -77.6857 29.8735 -11.4437
      vertex -87.3205 47.5735 -25.3793
      vertex -87.6857 47.194 -25.5859
    endloop
  endfacet
  facet normal 0.645497 0.67082 0.365148
    outer loop
      vertex -77.3205 30.253 -11.2372
      vertex -76.9554 30.1265 -11.6503
      vertex -86.9554 47.447 -25.7924
    endloop
  endfacet
  facet normal 0.645497 0.67082 0.365148
    outer loop
      vertex -77.3205 30.253 -11.2372
      vertex -86.9554 47.447 -25.7924
      vertex -87.3205 47.5735 -25.3793
    endloop
  endfacet
  facet normal 0.645497 -0.223607 -0.730297
    outer loop
      vertex -76.9554 30.1265 -11.6503
      vertex -77.3205 29.747 -11.8568
      vertex -87.3205 47.0675 -25.999
    endloop
  endfacet
  facet normal 0.645497 -0.223607 -0.730297
    outer loop
      vertex -76.9554 30.1265 -11.6503
      vertex -87.3205 47.0675 -25.999
      vertex -86.9554 47.447 -25.7924
    endloop
  endfacet
  facet normal -0.353553 0.707107 0.612372
    outer loop
      vertex -87.3205 47.7205 -25.6891
      vertex -87.5205 47.3205 -25.3427
      vertex -67.5205 47.3205 -13.7957
    endloop
  endfacet
  facet normal -0.353553 0.707107 0.612372
    outer loop
      vertex -87.3205 47.7205 -25.6891
      vertex -67.5205 47.3205 -13.7957
      vertex -67.3205 47.7205 -14.1421
    endloop
  endfacet
  facet normal -0.353553 -0.707107 0.612372
    outer loop
      vertex -87.5205 47.3205 -25.3427
      vertex -87.3205 46.9205 -25.6891
      vertex -67.3205 46.9205 -14.1421
    endloop
  endfacet
  facet normal -0.353553 -0.707107 0.612372
    outer loop
      vertex -87.5205 47.3205 -25.3427
      vertex -67.3205 46.9205 -14.1421
      vertex -67.5205 47.3205 -13.7957
    endloop
  endfacet
  facet normal 0.353553 -0.707107 -0.612372
    outer loop
      vertex -87.3205 46.9205 -25.6891
      vertex -87.1205 47.3205 -26.0356
      vertex -67.1205 47.3205 -14.4885
    endloop
  endfacet
  facet normal 0.353553 -0.707107 -0.612372
    outer loop
      vertex -87.3205 46.9205 -25.6891
      vertex -67.1205 47.3205 -14.4885
      vertex -67.3205 46.9205 -14.1421
    endloop
  endfacet
  facet normal 0.353553 0.707107 -0.612372
    outer loop
      vertex -87.1205 47.3205 -26.0356
      vertex -87.3205 47.7205 -25.6891
      vertex -67.3205 47.7205 -14.1421
    endloop
  endfacet
  facet normal 0.353553 0.707107 -0.612372
    outer loop
      vertex -87.1205 47.3205 -26.0356
      vertex -67.3205 47.7205 -14.1421
      vertex -67.1205 47.3205 -14.4885
    endloop
  endfacet
  facet normal -0.353553 0.612372 -0.707107
    outer loop
      vertex -87.3205 47.3205 -26.0891
      vertex -87.5205 47.6669 -25.6891
      vertex -70.2 57.6669 -25.6891
    endloop
  endfacet
  facet normal -0.353553 0.612372 -0.707107
    outer loop
      vertex -87.3205 47.3205 -26.0891
      vertex -70.2 57.6669 -25.6891
      vertex -70 57.3205 -26.0891
    endloop
  endfacet
  facet normal -0.353553 0.612372 0.707107
    outer loop
      vertex -87.5205 47.6669 -25.6891
      vertex -87.3205 47.3205 -25.2891
      vertex -70 57.3205 -25.2891
    endloop
  endfacet
  facet normal -0.353553 0.612372 0.707107
    outer loop
      vertex -87.5205 47.6669 -25.6891
      vertex -70 57.3205 -25.2891
      vertex -70.2 57.6669 -25.6891
    endloop
  endfacet
  facet normal 0.353553 -0.612372 0.707107
    outer loop
      vertex -87.3205 47.3205 -25.2891
      vertex -87.1205 46.9741 -25.6891
      vertex -69.8 56.9741 -25.6891
    endloop
  endfacet
  facet normal 0.353553 -0.612372 0.707107
    outer loop
      vertex -87.3205 47.3205 -25.2891
      vertex -69.8 56.9741 -25.6891
      vertex -70 57.3205 -25.2891
    endloop
  endfacet
  facet normal 0.353553 -0.612372 -0.707107
    outer loop
      vertex -87.1205 46.9741 -25.6891
      vertex -87.3205 47.3205 -26.0891
      vertex -70 57.3205 -26.0891
    endloop
  endfacet
  facet normal 0.353553 -0.612372 -0.707107
    outer loop
      vertex -87.1205 46.9741 -25.6891
      vertex -70 57.3205 -26.0891
      vertex -69.8 56.9741 -25.6891
    endloop
  endfacet
  facet normal -0.707107 0.353553 -0.612372
    outer loop
      vertex -87.3205 47.5205 -26.0356
      vertex -87.7205 47.3205 -25.6891
      vertex -87.7205 67.3205 -14.1421
    endloop
  endfacet
  facet normal -0.707107 0.353553 -0.612372
    outer loop
      vertex -87.3205 47.5205 -26.0356
      vertex -87.7205 67.3205 -14.1421
      vertex -87.3205 67.5205 -14.4885
    endloop
  endfacet
  facet normal -0.707107 -0.353553 0.612372
    outer loop
      vertex -87.7205 47.3205 -25.6891
      vertex -87.3205 47.1205 -25.3427
      vertex -87.3205 67.1205 -13.7957
    endloop
  endfacet
  facet normal -0.707107 -0.353553 0.612372
    outer loop
      vertex -87.7205 47.3205 -25.6891
      vertex -87.3205 67.1205 -13.7957
      vertex -87.7205 67.3205 -14.1421
    endloop
  endfacet
  facet normal 0.707107 -0.353553 0.612372
    outer loop
      vertex -87.3205 47.1205 -25.3427
      vertex -86.9205 47.3205 -25.6891
      vertex -86.9205 67.3205 -14.1421
    endloop
  endfacet
  facet normal 0.707107 -0.353553 0.612372
    outer loop
      vertex -87.3205 47.1205 -25.3427
      vertex -86.9205 67.3205 -14.1421
      vertex -87.3205 67.1205 -13.7957
    endloop
  endfacet
  facet normal 0.707107 0.353553 -0.612372
    outer loop
      vertex -86.9205 47.3205 -25.6891
      vertex -87.3205 47.5205 -26.0356
      vertex -87.3205 67.5205 -14.4885
    endloop
  endfacet
  facet normal 0.707107 0.353553 -0.612372
    outer loop
      vertex -86.9205 47.3205 -25.6891
      vertex -87.3205 67.5205 -14.4885
      vertex -86.9205 67.3205 -14.1421
    endloop
  endfacet
  facet normal -0.645497 -0.67082 -0.365148
    outer loop
      vertex -77.3205 49.747 -0.309839
      vertex -77.6857 49.8735 0.10328
      vertex -87.6857 67.194 -14.0389
    endloop
  endfacet
  facet normal -0.645497 -0.67082 -0.365148
    outer loop
      vertex -77.3205 49.747 -0.309839
      vertex -87.6857 67.194 -14.0389
      vertex -87.3205 67.0675 -14.452
    endloop
  endfacet
  facet normal -0.645497 0.223607 0.730297
    outer loop
      vertex -77.6857 49.8735 0.10328
      vertex -77.3205 50.253 0.309839
      vertex -87.3205 67.5735 -13.8323
    endloop
  endfacet
  facet normal -0.645497 0.223607 0.730297
    outer loop
      vertex -77.6857 49.8735 0.10328
      vertex -87.3205 67.5735 -13.8323
      vertex -87.6857 67.194 -14.0389
    endloop
  endfacet
  facet normal 0.645497 0.67082 0.365148
    outer loop
      vertex -77.3205 50.253 0.309839
      vertex -76.9554 50.1265 -0.10328
      vertex -86.9554 67.447 -14.2454
    endloop
  endfacet
  facet normal 0.645497 0.67082 0.365148
    outer loop
      vertex -77.3205 50.253 0.309839
      vertex -86.9554 67.447 -14.2454
      vertex -87.3205 67.5735 -13.8323
    endloop
  endfacet
  facet normal 0.645497 -0.223607 -0.730297
    outer loop
      vertex -76.9554 50.1265 -0.10328
      vertex -77.3205 49.747 -0.309839
      vertex -87.3205 67.0675 -14.452
    endloop
  endfacet
  facet normal 0.645497 -0.223607 -0.730297
    outer loop
      vertex -76.9554 50.1265 -0.10328
      vertex -87.3205 67.0675 -14.452
      vertex -86.9554 67.447 -14.2454
    endloop
  endfacet
  facet normal -0.353553 0.707107 0.612372
    outer loop
      vertex -87.3205 67.7205 -14.1421
      vertex -87.5205 67.3205 -13.7957
      vertex -67.5205 67.3205 -2.24872
    endloop
  endfacet
  facet normal -0.353553 0.707107 0.612372
    outer loop
      vertex -87.3205 67.7205 -14.1421
      vertex -67.5205 67.3205 -2.24872
      vertex -67.3205 67.7205 -2.59513
    endloop
  endfacet
  facet normal -0.353553 -0.707107 0.612372
    outer loop
      vertex -87.5205 67.3205 -13.7957
      vertex -87.3205 66.9205 -14.1421
      vertex -67.3205 66.9205 -2.59513
    endloop
  endfacet
  facet normal -0.353553 -0.707107 0.612372
    outer loop
      vertex -87.5205 67.3205 -13.7957
      vertex -67.3205 66.9205 -2.59513
      vertex -67.5205 67.3205 -2.24872
    endloop
  endfacet
  facet normal 0.353553 -0.707107 -0.612372
    outer loop
      vertex -87.3205 66.9205 -14.1421
      vertex -87.1205 67.3205 -14.4885
      vertex -67.1205 67.3205 -2.94154
    endloop
  endfacet
  facet normal 0.353553 -0.707107 -0.612372
    outer loop
      vertex -87.3205 66.9205 -14.1421
      vertex -67.1205 67.3205 -2.94154
      vertex -67.3205 66.9205 -2.59513
    endloop
  endfacet
  facet normal 0.353553 0.707107 -0.612372
    outer loop
      vertex -87.1205 67.3205 -14.4885
      vertex -87.3205 67.7205 -14.1421
      vertex -67.3205 67.7205 -2.59513
    endloop
  endfacet
  facet normal 0.353553 0.707107 -0.612372
    outer loop
      vertex -87.1205 67.3205 -14.4885
      vertex -67.3205 67.7205 -2.59513
      vertex -67.1205 67.3205 -2.94154
    endloop
  endfacet
  facet normal -0.353553 0.612372 -0.707107
    outer loop
      vertex -87.3205 67.3205 -14.5421
      vertex -87.5205 67.6669 -14.1421
      vertex -70.2 77.6669 -14.1421
    endloop
  endfacet
  facet normal -0.353553 0.612372 -0.707107
    outer loop
      vertex -87.3205 67.3205 -14.5421
      vertex -70.2 77.6669 -14.1421
      vertex -70 77.3205 -14.5421
    endloop
  endfacet
  facet normal -0.353553 0.612372 0.707107
    outer loop
      vertex -87.5205 67.6669 -14.1421
      vertex -87.3205 67.3205 -13.7421
      vertex -70 77.3205 -13.7421
    endloop
  endfacet
  facet normal -0.353553 0.612372 0.707107
    outer loop
      vertex -87.5205 67.6669 -14.1421
      vertex -70 77.3205 -13.7421
      vertex -70.2 77.6669 -14.1421
    endloop
  endfacet
  facet normal 0.353553 -0.612372 0.707107
    outer loop
      vertex -87.3205 67.3205 -13.7421
      vertex -87.1205 66.9741 -14.1421
      vertex -69.8 76.9741 -14.1421
    endloop
  endfacet
  facet normal 0.353553 -0.612372 0.707107
    outer loop
      vertex -87.3205 67.3205 -13.7421
      vertex -69.8 76.9741 -14.1421
      vertex -70 77.3205 -13.7421
    endloop
  endfacet
  facet normal 0.353553 -0.612372 -0.707107
    outer loop
      vertex -87.1205 66.9741 -14.1421
      vertex -87.3205 67.3205 -14.5421
      vertex -70 77.3205 -14.5421
    endloop
  endfacet
  facet normal 0.353553 -0.612372 -0.707107
    outer loop
      vertex -87.1205 66.9741 -14.1421
      vertex -70 77.3205 -14.5421
      vertex -69.8 76.9741 -14.1421
    endloop
  endfacet
  facet normal -0.707107 0.353553 -0.612372
    outer loop
      vertex -87.3205 67.5205 -14.4885
      vertex -87.7205 67.3205 -14.1421
      vertex -87.7205 87.3205 -2.59513
    endloop
  endfacet
  facet normal -0.707107 0.353553 -0.612372
    outer loop
      vertex -87.3205 67.5205 -14.4885
      vertex -87.7205 87.3205 -2.59513
      vertex -87.3205 87.5205 -2.94154
    endloop
  endfacet
  facet normal -0.707107 -0.353553 0.612372
    outer loop
      vertex -87.7205 67.3205 -14.1421
      vertex -87.3205 67.1205 -13.7957
      vertex -87.3205 87.1205 -2.24872
    endloop
  endfacet
  facet normal -0.707107 -0.353553 0.612372
    outer loop
      vertex -87.7205 67.3205 -14.1421
      vertex -87.3205 87.1205 -2.24872
      vertex -87.7205 87.3205 -2.59513
    endloop
  endfacet
  facet normal 0.707107 -0.353553 0.612372
    outer loop
      vertex -87.3205 67.1205 -13.7957
      vertex -86.9205 67.3205 -14.1421
      vertex -86.9205 87.3205 -2.59513
    endloop
  endfacet
  facet normal 0.707107 -0.353553 0.612372
    outer loop
      vertex -87.3205 67.1205 -13.7957
      vertex -86.9205 87.3205 -2.59513
      vertex -87.3205 87.1205 -2.24872
    endloop
  endfacet
  facet normal 0.707107 0.353553 -0.612372
    outer loop
      vertex -86.9205 67.3205 -14.1421
      vertex -87.3205 67.5205 -14.4885
      vertex -87.3205 87.5205 -2.94154
    endloop
  endfacet
  facet normal 0.707107 0.353553 -0.612372
    outer loop
      vertex -86.9205 67.3205 -14.1421
      vertex -87.3205 87.5205 -2.94154
      vertex -86.9205 87.3205 -2.59513
    endloop
  endfacet
  facet normal -0.645497 -0.67082 -0.365148
    outer loop
      vertex -87.3205 67.0675 -14.452
      vertex -87.6857 67.194 -14.0389
      vertex -97.6857 84.5145 -28.181
    endloop
  endfacet
  facet normal -0.645497 -0.67082 -0.365148
    outer loop
      vertex -87.3205 67.0675 -14.452
      vertex -97.6857 84.5145 -28.181
      vertex -97.3205 84.388 -28.5941
    endloop
  endfacet
  facet normal -0.645497 0.223607 0.730297
    outer loop
      vertex -87.6857 67.194 -14.0389
      vertex -87.3205 67.5735 -13.8323
      vertex -97.3205 84.894 -27.9744
    endloop
  endfacet
  facet normal -0.645497 0.223607 0.730297
    outer loop
      vertex -87.6857 67.194 -14.0389
      vertex -97.3205 84.894 -27.9744
      vertex -97.6857 84.5145 -28.181
    endloop
  endfacet
  facet normal 0.645497 0.67082 0.365148
    outer loop
      vertex -87.3205 67.5735 -13.8323
      vertex -86.9554 67.447 -14.2454
      vertex -96.9554 84.7675 -28.3876
    endloop
  endfacet
  facet normal 0.645497 0.67082 0.365148
    outer loop
      vertex -87.3205 67.5735 -13.8323
      vertex -96.9554 84.7675 -28.3876
      vertex -97.3205 84.894 -27.9744
    endloop
  endfacet
  facet normal 0.645497 -0.223607 -0.730297
    outer loop
      vertex -86.9554 67.447 -14.2454
      vertex -87.3205 67.0675 -14.452
      vertex -97.3205 84.388 -28.5941
    endloop
  endfacet
  facet normal 0.645497 -0.223607 -0.730297
    outer loop
      vertex -86.9554 67.447 -14.2454
      vertex -97.3205 84.388 -28.5941
      vertex -96.9554 84.7675 -28.3876
    endloop
  endfacet
  facet normal -0.353553 0.707107 0.612372
    outer loop
      vertex -97.3205 85.041 -28.2843
      vertex -97.5205 84.641 -27.9379
      vertex -77.5205 84.641 -16.3909
    endloop
  endfacet
  facet normal -0.353553 0.707107 0.612372
    outer loop
      vertex -97.3205 85.041 -28.2843
      vertex -77.5205 84.641 -16.3909
      vertex -77.3205 85.041 -16.7373
    endloop
  endfacet
  facet normal -0.353553 -0.707107 0.612372
    outer loop
      vertex -97.5205 84.641 -27.9379
      vertex -97.3205 84.241 -28.2843
      vertex -77.3205 84.241 -16.7373
    endloop
  endfacet
  facet normal -0.353553 -0.707107 0.612372
    outer loop
      vertex -97.5205 84.641 -27.9379
      vertex -77.3205 84.241 -16.7373
      vertex -77.5205 84.641 -16.3909
    endloop
  endfacet
  facet normal 0.353553 -0.707107 -0.612372
    outer loop
      vertex -97.3205 84.241 -28.2843
      vertex -97.1205 84.641 -28.6307
      vertex -77.1205 84.641 -17.0837
    endloop
  endfacet
  facet normal 0.353553 -0.707107 -0.612372
    outer loop
      vertex -97.3205 84.241 -28.2843
      vertex -77.1205 84.641 -17.0837
      vertex -77.3205 84.241 -16.7373
    endloop
  endfacet
  facet normal 0.353553 0.707107 -0.612372
    outer loop
      vertex -97.1205 84.641 -28.6307
      vertex -97.3205 85.041 -28.2843
      vertex -77.3205 85.041 -16.7373
    endloop
  endfacet
  facet normal 0.353553 0.707107 -0.612372
    outer loop
      vertex -97.1205 84.641 -28.6307
      vertex -77.3205 85.041 -16.7373
      vertex -77.1205 84.641 -17.0837
    endloop
  endfacet
  facet normal -0.353553 0.612372 -0.707107
    outer loop
      vertex -97.3205 84.641 -28.6843
      vertex -97.5205 84.9874 -28.2843
      vertex -80.2 94.9874 -28.2843
    endloop
  endfacet
  facet normal -0.353553 0.612372 -0.707107
    outer loop
      vertex -97.3205 84.641 -28.6843
      vertex -80.2 94.9874 -28.2843
      vertex -80 94.641 -28.6843
    endloop
  endfacet
  facet normal -0.353553 0.612372 0.707107
    outer loop
      vertex -97.5205 84.9874 -28.2843
      vertex -97.3205 84.641 -27.8843
      vertex -80 94.641 -27.8843
    endloop
  endfacet
  facet normal -0.353553 0.612372 0.707107
    outer loop
      vertex -97.5205 84.9874 -28.2843
      vertex -80 94.641 -27.8843
      vertex -80.2 94.9874 -28.2843
    endloop
  endfacet
  facet normal 0.353553 -0.612372 0.707107
    outer loop
      vertex -97.3205 84.641 -27.8843
      vertex -97.1205 84.2946 -28.2843
      vertex -79.8 94.2946 -28.2843
    endloop
  endfacet
  facet normal 0.353553 -0.612372 0.707107
    outer loop
      vertex -97.3205 84.641 -27.8843
      vertex -79.8 94.2946 -28.2843
      vertex -80 94.641 -27.8843
    endloop
  endfacet
  facet normal 0.353553 -0.612372 -0.707107
    outer loop
      vertex -97.1205 84.2946 -28.2843
      vertex -97.3205 84.641 -28.6843
      vertex -80 94.641 -28.6843
    endloop
  endfacet
  facet normal 0.353553 -0.612372 -0.707107
    outer loop
      vertex -97.1205 84.2946 -28.2843
      vertex -80 94.641 -28.6843
      vertex -79.8 94.2946 -28.2843
    endloop
  endfacet
  facet normal -0.707107 0.353553 -0.612372
    outer loop
      vertex -97.3205 84.841 -28.6307
      vertex -97.7205 84.641 -28.2843
      vertex -97.7205 104.641 -16.7373
    endloop
  endfacet
  facet normal -0.707107 0.353553 -0.612372
    outer loop
      vertex -97.3205 84.841 -28.6307
      vertex -97.7205 104.641 -16.7373
      vertex -97.3205 104.841 -17.0837
    endloop
  endfacet
  facet normal -0.707107 -0.353553 0.612372
    outer loop
      vertex -97.7205 84.641 -28.2843
      vertex -97.3205 84.441 -27.9379
      vertex -97.3205 104.441 -16.3909
    endloop
  endfacet
  facet normal -0.707107 -0.353553 0.612372
    outer loop
      vertex -97.7205 84.641 -28.2843
      vertex -97.3205 104.441 -16.3909
      vertex -97.7205 104.641 -16.7373
    endloop
  endfacet
  facet normal 0.707107 -0.353553 0.612372
    outer loop
      vertex -97.3205 84.441 -27.9379
      vertex -96.9205 84.641 -28.2843
      vertex -96.9205 104.641 -16.7373
    endloop
  endfacet
  facet normal 0.707107 -0.353553 0.612372
    outer loop
      vertex -97.3205 84.441 -27.9379
      vertex -96.9205 104.641 -16.7373
      vertex -97.3205 104.441 -16.3909
    endloop
  endfacet
  facet normal 0.707107 0.353553 -0.612372
    outer loop
      vertex -96.9205 84.641 -28.2843
      vertex -97.3205 84.841 -28.6307
      vertex -97.3205 104.841 -17.0837
    endloop
  endfacet
  facet normal 0.707107 0.353553 -0.612372
    outer loop
      vertex -96.9205 84.641 -28.2843
      vertex -97.3205 104.841 -17.0837
      vertex -96.9205 104.641 -16.7373
    endloop
  endfacet
  facet normal -0.353553 0.707107 0.612372
    outer loop
      vertex -30 -111.562 -26.8556
      vertex -30.2 -111.962 -26.5092
      vertex -10.2 -111.962 -14.9622
    endloop
  endfacet
  facet normal -0.353553 0.707107 0.612372
    outer loop
      vertex -30 -111.562 -26.8556
      vertex -10.2 -111.962 -14.9622
      vertex -10 -111.562 -15.3086
    endloop
  endfacet
  facet normal -0.353553 -0.707107 0.612372
    outer loop
      vertex -30.2 -111.962 -26.5092
      vertex -30 -112.362 -26.8556
      vertex -10 -112.362 -15.3086
    endloop
  endfacet
  facet normal -0.353553 -0.707107 0.612372
    outer loop
      vertex -30.2 -111.962 -26.5092
      vertex -10 -112.362 -15.3086
      vertex -10.2 -111.962 -14.9622
    endloop
  endfacet
  facet normal 0.353553 -0.707107 -0.612372
    outer loop
      vertex -30 -112.362 -26.8556
      vertex -29.8 -111.962 -27.202
      vertex -9.8 -111.962 -15.655
    endloop
  endfacet
  facet normal 0.353553 -0.707107 -0.612372
    outer loop
      vertex -30 -112.362 -26.8556
      vertex -9.8 -111.962 -15.655
      vertex -10 -112.362 -15.3086
    endloop
  endfacet
  facet normal 0.353553 0.707107 -0.612372
    outer loop
      vertex -29.8 -111.962 -27.202
      vertex -30 -111.562 -26.8556
      vertex -10 -111.562 -15.3086
    endloop
  endfacet
  facet normal 0.353553 0.707107 -0.612372
    outer loop
      vertex -29.8 -111.962 -27.202
      vertex -10 -111.562 -15.3086
      vertex -9.8 -111.962 -15.655
    endloop
  endfacet
  facet normal -0.353553 0.612372 -0.707107
    outer loop
      vertex -30 -111.962 -27.2556
      vertex -30.2 -111.615 -26.8556
      vertex -12.8795 -101.615 -26.8556
    endloop
  endfacet
  facet normal -0.353553 0.612372 -0.707107
    outer loop
      vertex -30 -111.962 -27.2556
      vertex -12.8795 -101.615 -26.8556
      vertex -12.6795 -101.962 -27.2556
    endloop
  endfacet
  facet normal -0.353553 0.612372 0.707107
    outer loop
      vertex -30.2 -111.615 -26.8556
      vertex -30 -111.962 -26.4556
      vertex -12.6795 -101.962 -26.4556
    endloop
  endfacet
  facet normal -0.353553 0.612372 0.707107
    outer loop
      vertex -30.2 -111.615 -26.8556
      vertex -12.6795 -101.962 -26.4556
      vertex -12.8795 -101.615 -26.8556
    endloop
  endfacet
  facet normal 0.353553 -0.612372 0.707107
    outer loop
      vertex -30 -111.962 -26.4556
      vertex -29.8 -112.308 -26.8556
      vertex -12.4795 -102.308 -26.8556
    endloop
  endfacet
  facet normal 0.353553 -0.612372 0.707107
    outer loop
      vertex -30 -111.962 -26.4556
      vertex -12.4795 -102.308 -26.8556
      vertex -12.6795 -101.962 -26.4556
    endloop
  endfacet
  facet normal 0.353553 -0.612372 -0.707107
    outer loop
      vertex -29.8 -112.308 -26.8556
      vertex -30 -111.962 -27.2556
      vertex -12.6795 -101.962 -27.2556
    endloop
  endfacet
  facet normal 0.353553 -0.612372 -0.707107
    outer loop
      vertex -29.8 -112.308 -26.8556
      vertex -12.6795 -101.962 -27.2556
      vertex -12.4795 -102.308 -26.8556
    endloop
  endfacet
  facet normal -0.707107 0.353553 -0.612372
    outer loop
      vertex -30 -111.762 -27.202
      vertex -30.4 -111.962 -26.8556
      vertex -30.4 -91.9615 -15.3086
    endloop
  endfacet
  facet normal -0.707107 0.353553 -0.612372
    outer loop
      vertex -30 -111.762 -27.202
      vertex -30.4 -91.9615 -15.3086
      vertex -30 -91.7615 -15.655
    endloop
  endfacet
  facet normal -0.707107 -0.353553 0.612372
    outer loop
      vertex -30.4 -111.962 -26.8556
      vertex -30 -112.162 -26.5092
      vertex -30 -92.1615 -14.9622
    endloop
  endfacet
  facet normal -0.707107 -0.353553 0.612372
    outer loop
      vertex -30.4 -111.962 -26.8556
      vertex -30 -92.1615 -14.9622
      vertex -30.4 -91.9615 -15.3086
    endloop
  endfacet
  facet normal 0.707107 -0.353553 0.612372
    outer loop
      vertex -30 -112.162 -26.5092
      vertex -29.6 -111.962 -26.8556
      vertex -29.6 -91.9615 -15.3086
    endloop
  endfacet
  facet normal 0.707107 -0.353553 0.612372
    outer loop
      vertex -30 -112.162 -26.5092
      vertex -29.6 -91.9615 -15.3086
      vertex -30 -92.1615 -14.9622
    endloop
  endfacet
  facet normal 0.707107 0.353553 -0.612372
    outer loop
      vertex -29.6 -111.962 -26.8556
      vertex -30 -111.762 -27.202
      vertex -30 -91.7615 -15.655
    endloop
  endfacet
  facet normal 0.707107 0.353553 -0.612372
    outer loop
      vertex -29.6 -111.962 -26.8556
      vertex -30 -91.7615 -15.655
      vertex -29.6 -91.9615 -15.3086
    endloop
  endfacet
  facet normal -0.645497 -0.67082 -0.365148
    outer loop
      vertex -30 -112.215 -27.1655
      vertex -30.3651 -112.088 -26.7523
      vertex -40.3651 -94.7675 -40.8945
    endloop
  endfacet
  facet normal -0.645497 -0.67082 -0.365148
    outer loop
      vertex -30 -112.215 -27.1655
      vertex -40.3651 -94.7675 -40.8945
      vertex -40 -94.894 -41.3076
    endloop
  endfacet
  facet normal -0.645497 0.223607 0.730297
    outer loop
      vertex -30.3651 -112.088 -26.7523
      vertex -30 -111.709 -26.5458
      vertex -40 -94.388 -40.6879
    endloop
  endfacet
  facet normal -0.645497 0.223607 0.730297
    outer loop
      vertex -30.3651 -112.088 -26.7523
      vertex -40 -94.388 -40.6879
      vertex -40.3651 -94.7675 -40.8945
    endloop
  endfacet
  facet normal 0.645497 0.67082 0.365148
    outer loop
      vertex -30 -111.709 -26.5458
      vertex -29.6349 -111.835 -26.9589
      vertex -39.6349 -94.5145 -41.101
    endloop
  endfacet
  facet normal 0.645497 0.67082 0.365148
    outer loop
      vertex -30 -111.709 -26.5458
      vertex -39.6349 -94.5145 -41.101
      vertex -40 -94.388 -40.6879
    endloop
  endfacet
  facet normal 0.645497 -0.223607 -0.730297
    outer loop
      vertex -29.6349 -111.835 -26.9589
      vertex -30 -112.215 -27.1655
      vertex -40 -94.894 -41.3076
    endloop
  endfacet
  facet normal 0.645497 -0.223607 -0.730297
    outer loop
      vertex -29.6349 -111.835 -26.9589
      vertex -40 -94.894 -41.3076
      vertex -39.6349 -94.5145 -41.101
    endloop
  endfacet
  facet normal -0.353553 0.707107 0.612372
    outer loop
      vertex -40 -94.241 -40.9978
      vertex -40.2 -94.641 -40.6514
      vertex -20.2 -94.641 -29.1043
    endloop
  endfacet
  facet normal -0.353553 0.707107 0.612372
    outer loop
      vertex -40 -94.241 -40.9978
      vertex -20.2 -94.641 -29.1043
      vertex -20 -94.241 -29.4508
    endloop
  endfacet
  facet normal -0.353553 -0.707107 0.612372
    outer loop
      vertex -40.2 -94.641 -40.6514
      vertex -40 -95.041 -40.9978
      vertex -20 -95.041 -29.4508
    endloop
  endfacet
  facet normal -0.353553 -0.707107 0.612372
    outer loop
      vertex -40.2 -94.641 -40.6514
      vertex -20 -95.041 -29.4508
      vertex -20.2 -94.641 -29.1043
    endloop
  endfacet
  facet normal 0.353553 -0.707107 -0.612372
    outer loop
      vertex -40 -95.041 -40.9978
      vertex -39.8 -94.641 -41.3442
      vertex -19.8 -94.641 -29.7972
    endloop
  endfacet
  facet normal 0.353553 -0.707107 -0.612372
    outer loop
      vertex -40 -95.041 -40.9978
      vertex -19.8 -94.641 -29.7972
      vertex -20 -95.041 -29.4508
    endloop
  endfacet
  facet normal 0.353553 0.707107 -0.612372
    outer loop
      vertex -39.8 -94.641 -41.3442
      vertex -40 -94.241 -40.9978
      vertex -20 -94.241 -29.4508
    endloop
  endfacet
  facet normal 0.353553 0.707107 -0.612372
    outer loop
      vertex -39.8 -94.641 -41.3442
      vertex -20 -94.241 -29.4508
      vertex -19.8 -94.641 -29.7972
    endloop
  endfacet
  facet normal -0.353553 0.612372 -0.707107
    outer loop
      vertex -40 -94.641 -41.3978
      vertex -40.2 -94.2946 -40.9978
      vertex -22.8795 -84.2946 -40.9978
    endloop
  endfacet
  facet normal -0.353553 0.612372 -0.707107
    outer loop
      vertex -40 -94.641 -41.3978
      vertex -22.8795 -84.2946 -40.9978
      vertex -22.6795 -84.641 -41.3978
    endloop
  endfacet
  facet normal -0.353553 0.612372 0.707107
    outer loop
      vertex -40.2 -94.2946 -40.9978
      vertex -40 -94.641 -40.5978
      vertex -22.6795 -84.641 -40.5978
    endloop
  endfacet
  facet normal -0.353553 0.612372 0.707107
    outer loop
      vertex -40.2 -94.2946 -40.9978
      vertex -22.6795 -84.641 -40.5978
      vertex -22.8795 -84.2946 -40.9978
    endloop
  endfacet
  facet normal 0.353553 -0.612372 0.707107
    outer loop
      vertex -40 -94.641 -40.5978
      vertex -39.8 -94.9874 -40.9978
      vertex -22.4795 -84.9874 -40.9978
    endloop
  endfacet
  facet normal 0.353553 -0.612372 0.707107
    outer loop
      vertex -40 -94.641 -40.5978
      vertex -22.4795 -84.9874 -40.9978
      vertex -22.6795 -84.641 -40.5978
    endloop
  endfacet
  facet normal 0.353553 -0.612372 -0.707107
    outer loop
      vertex -39.8 -94.9874 -40.9978
      vertex -40 -94.641 -41.3978
      vertex -22.6795 -84.641 -41.3978
    endloop
  endfacet
  facet normal 0.353553 -0.612372 -0.707107
    outer loop
      vertex -39.8 -94.9874 -40.9978
      vertex -22.6795 -84.641 -41.3978
      vertex -22.4795 -84.9874 -40.9978
    endloop
  endfacet
  facet normal -0.707107 0.353553 -0.612372
    outer loop
      vertex -40 -94.441 -41.3442
      vertex -40.4 -94.641 -40.9978
      vertex -40.4 -74.641 -29.4508
    endloop
  endfacet
  facet normal -0.707107 0.353553 -0.612372
    outer loop
      vertex -40 -94.441 -41.3442
      vertex -40.4 -74.641 -29.4508
      vertex -40 -74.441 -29.7972
    endloop
  endfacet
  facet normal -0.707107 -0.353553 0.612372
    outer loop
      vertex -40.4 -94.641 -40.9978
      vertex -40 -94.841 -40.6514
      vertex -40 -74.841 -29.1043
    endloop
  endfacet
  facet normal -0.707107 -0.353553 0.612372
    outer loop
      vertex -40.4 -94.641 -40.9978
      vertex -40 -74.841 -29.1043
      vertex -40.4 -74.641 -29.4508
    endloop
  endfacet
  facet normal 0.707107 -0.353553 0.612372
    outer loop
      vertex -40 -94.841 -40.6514
      vertex -39.6 -94.641 -40.9978
      vertex -39.6 -74.641 -29.4508
    endloop
  endfacet
  facet normal 0.707107 -0.353553 0.612372
    outer loop
      vertex -40 -94.841 -40.6514
      vertex -39.6 -74.641 -29.4508
      vertex -40 -74.841 -29.1043
    endloop
  endfacet
  facet normal 0.707107 0.353553 -0.612372
    outer loop
      vertex -39.6 -94.641 -40.9978
      vertex -40 -94.441 -41.3442
      vertex -40 -74.441 -29.7972
    endloop
  endfacet
  facet normal 0.707107 0.353553 -0.612372
    outer loop
      vertex -39.6 -94.641 -40.9978
      vertex -40 -74.441 -29.7972
      vertex -39.6 -74.641 -29.4508
    endloop
  endfacet
  facet normal -0.353553 0.707107 0.612372
    outer loop
      vertex -30 -91.5615 -15.3086
      vertex -30.2 -91.9615 -14.9622
      vertex -10.2 -91.9615 -3.4152
    endloop
  endfacet
  facet normal -0.353553 0.707107 0.612372
    outer loop
      vertex -30 -91.5615 -15.3086
      vertex -10.2 -91.9615 -3.4152
      vertex -10 -91.5615 -3.76161
    endloop
  endfacet
  facet normal -0.353553 -0.707107 0.612372
    outer loop
      vertex -30.2 -91.9615 -14.9622
      vertex -30 -92.3615 -15.3086
      vertex -10 -92.3615 -3.76161
    endloop
  endfacet
  facet normal -0.353553 -0.707107 0.612372
    outer loop
      vertex -30.2 -91.9615 -14.9622
      vertex -10 -92.3615 -3.76161
      vertex -10.2 -91.9615 -3.4152
    endloop
  endfacet
  facet normal 0.353553 -0.707107 -0.612372
    outer loop
      vertex -30 -92.3615 -15.3086
      vertex -29.8 -91.9615 -15.655
      vertex -9.8 -91.9615 -4.10802
    endloop
  endfacet
  facet normal 0.353553 -0.707107 -0.612372
    outer loop
      vertex -30 -92.3615 -15.3086
      vertex -9.8 -91.9615 -4.10802
      vertex -10 -92.3615 -3.76161
    endloop
  endfacet
  facet normal 0.353553 0.707107 -0.612372
    outer loop
      vertex -29.8 -91.9615 -15.655
      vertex -30 -91.5615 -15.3086
      vertex -10 -91.5615 -3.76161
    endloop
  endfacet
  facet normal 0.353553 0.707107 -0.612372
    outer loop
      vertex -29.8 -91.9615 -15.655
      vertex -10 -91.5615 -3.76161
      vertex -9.8 -91.9615 -4.10802
    endloop
  endfacet
  facet normal -0.645497 -0.67082 -0.365148
    outer loop
      vertex -30 -92.2145 -15.6185
      vertex -30.3651 -92.088 -15.2053
      vertex -40.3651 -74.7675 -29.3475
    endloop
  endfacet
  facet normal -0.645497 -0.67082 -0.365148
    outer loop
      vertex -30 -92.2145 -15.6185
      vertex -40.3651 -74.7675 -29.3475
      vertex -40 -74.894 -29.7606
    endloop
  endfacet
  facet normal -0.645497 0.223607 0.730297
    outer loop
      vertex -30.3651 -92.088 -15.2053
      vertex -30 -91.7085 -14.9988
      vertex -40 -74.388 -29.1409
    endloop
  endfacet
  facet normal -0.645497 0.223607 0.730297
    outer loop
      vertex -30.3651 -92.088 -15.2053
      vertex -40 -74.388 -29.1409
      vertex -40.3651 -74.7675 -29.3475
    endloop
  endfacet
  facet normal 0.645497 0.67082 0.365148
    outer loop
      vertex -30 -91.7085 -14.9988
      vertex -29.6349 -91.835 -15.4119
      vertex -39.6349 -74.5145 -29.554
    endloop
  endfacet
  facet normal 0.645497 0.67082 0.365148
    outer loop
      vertex -30 -91.7085 -14.9988
      vertex -39.6349 -74.5145 -29.554
      vertex -40 -74.388 -29.1409
    endloop
  endfacet
  facet normal 0.645497 -0.223607 -0.730297
    outer loop
      vertex -29.6349 -91.835 -15.4119
      vertex -30 -92.2145 -15.6185
      vertex -40 -74.894 -29.7606
    endloop
  endfacet
  facet normal 0.645497 -0.223607 -0.730297
    outer loop
      vertex -29.6349 -91.835 -15.4119
      vertex -40 -74.894 -29.7606
      vertex -39.6349 -74.5145 -29.554
    endloop
  endfacet
  facet normal -0.353553 0.707107 0.612372
    outer loop
      vertex -40 -74.241 -29.4508
      vertex -40.2 -74.641 -29.1043
      vertex -20.2 -74.641 -17.5573
    endloop
  endfacet
  facet normal -0.353553 0.707107 0.612372
    outer loop
      vertex -40 -74.241 -29.4508
      vertex -20.2 -74.641 -17.5573
      vertex -20 -74.241 -17.9038
    endloop
  endfacet
  facet normal -0.353553 -0.707107 0.612372
    outer loop
      vertex -40.2 -74.641 -29.1043
      vertex -40 -75.041 -29.4508
      vertex -20 -75.041 -17.9038
    endloop
  endfacet
  facet normal -0.353553 -0.707107 0.612372
    outer loop
      vertex -40.2 -74.641 -29.1043
      vertex -20 -75.041 -17.9038
      vertex -20.2 -74.641 -17.5573
    endloop
  endfacet
  facet normal 0.353553 -0.707107 -0.612372
    outer loop
      vertex -40 -75.041 -29.4508
      vertex -39.8 -74.641 -29.7972
      vertex -19.8 -74.641 -18.2502
    endloop
  endfacet
  facet normal 0.353553 -0.707107 -0.612372
    outer loop
      vertex -40 -75.041 -29.4508
      vertex -19.8 -74.641 -18.2502
      vertex -20 -75.041 -17.9038
    endloop
  endfacet
  facet normal 0.353553 0.707107 -0.612372
    outer loop
      vertex -39.8 -74.641 -29.7972
      vertex -40 -74.241 -29.4508
      vertex -20 -74.241 -17.9038
    endloop
  endfacet
  facet normal 0.353553 0.707107 -0.612372
    outer loop
      vertex -39.8 -74.641 -29.7972
      vertex -20 -74.241 -17.9038
      vertex -19.8 -74.641 -18.2502
    endloop
  endfacet
  facet normal -0.353553 0.612372 -0.707107
    outer loop
      vertex -40 -74.641 -29.8508
      vertex -40.2 -74.2946 -29.4508
      vertex -22.8795 -64.2946 -29.4508
    endloop
  endfacet
  facet normal -0.353553 0.612372 -0.707107
    outer loop
      vertex -40 -74.641 -29.8508
      vertex -22.8795 -64.2946 -29.4508
      vertex -22.6795 -64.641 -29.8508
    endloop
  endfacet
  facet normal -0.353553 0.612372 0.707107
    outer loop
      vertex -40.2 -74.2946 -29.4508
      vertex -40 -74.641 -29.0508
      vertex -22.6795 -64.641 -29.0508
    endloop
  endfacet
  facet normal -0.353553 0.612372 0.707107
    outer loop
      vertex -40.2 -74.2946 -29.4508
      vertex -22.6795 -64.641 -29.0508
      vertex -22.8795 -64.2946 -29.4508
    endloop
  endfacet
  facet normal 0.353553 -0.612372 0.707107
    outer loop
      vertex -40 -74.641 -29.0508
      vertex -39.8 -74.9874 -29.4508
      vertex -22.4795 -64.9874 -29.4508
    endloop
  endfacet
  facet normal 0.353553 -0.612372 0.707107
    outer loop
      vertex -40 -74.641 -29.0508
      vertex -22.4795 -64.9874 -29.4508
      vertex -22.6795 -64.641 -29.0508
    endloop
  endfacet
  facet normal 0.353553 -0.612372 -0.707107
    outer loop
      vertex -39.8 -74.9874 -29.4508
      vertex -40 -74.641 -29.8508
      vertex -22.6795 -64.641 -29.8508
    endloop
  endfacet
  facet normal 0.353553 -0.612372 -0.707107
    outer loop
      vertex -39.8 -74.9874 -29.4508
      vertex -22.6795 -64.641 -29.8508
      vertex -22.4795 -64.9874 -29.4508
    endloop
  endfacet
  facet normal -0.707107 0.353553 -0.612372
    outer loop
      vertex -40 -74.441 -29.7972
      vertex -40.4 -74.641 -29.4508
      vertex -40.4 -54.641 -17.9038
    endloop
  endfacet
  facet normal -0.707107 0.353553 -0.612372
    outer loop
      vertex -40 -74.441 -29.7972
      vertex -40.4 -54.641 -17.9038
      vertex -40 -54.441 -18.2502
    endloop
  endfacet
  facet normal -0.707107 -0.353553 0.612372
    outer loop
      vertex -40.4 -74.641 -29.4508
      vertex -40 -74.841 -29.1043
      vertex -40 -54.841 -17.5573
    endloop
  endfacet
  facet normal -0.707107 -0.353553 0.612372
    outer loop
      vertex -40.4 -74.641 -29.4508
      vertex -40 -54.841 -17.5573
      vertex -40.4 -54.641 -17.9038
    endloop
  endfacet
  facet normal 0.707107 -0.353553 0.612372
    outer loop
      vertex -40 -74.841 -29.1043
      vertex -39.6 -74.641 -29.4508
      vertex -39.6 -54.641 -17.9038
    endloop
  endfacet
  facet normal 0.707107 -0.353553 0.612372
    outer loop
      vertex -40 -74.841 -29.1043
      vertex -39.6 -54.641 -17.9038
      vertex -40 -54.841 -17.5573
    endloop
  endfacet
  facet normal 0.707107 0.353553 -0.612372
    outer loop
      vertex -39.6 -74.641 -29.4508
      vertex -40 -74.441 -29.7972
      vertex -40 -54.441 -18.2502
    endloop
  endfacet
  facet normal 0.707107 0.353553 -0.612372
    outer loop
      vertex -39.6 -74.641 -29.4508
      vertex -40 -54.441 -18.2502
      vertex -39.6 -54.641 -17.9038
    endloop
  endfacet
  facet normal -0.353553 0.707107 0.612372
    outer loop
      vertex -40 -54.241 -17.9038
      vertex -40.2 -54.641 -17.5573
      vertex -20.2 -54.641 -6.01033
    endloop
  endfacet
  facet normal -0.353553 0.707107 0.612372
    outer loop
      vertex -40 -54.241 -17.9038
      vertex -20.2 -54.641 -6.01033
      vertex -20 -54.241 -6.35674
    endloop
  endfacet
  facet normal -0.353553 -0.707107 0.612372
    outer loop
      vertex -40.2 -54.641 -17.5573
      vertex -40 -55.041 -17.9038
      vertex -20 -55.041 -6.35674
    endloop
  endfacet
  facet normal -0.353553 -0.707107 0.612372
    outer loop
      vertex -40.2 -54.641 -17.5573
      vertex -20 -55.041 -6.35674
      vertex -20.2 -54.641 -6.01033
    endloop
  endfacet
  facet normal 0.353553 -0.707107 -0.612372
    outer loop
      vertex -40 -55.041 -17.9038
      vertex -39.8 -54.641 -18.2502
      vertex -19.8 -54.641 -6.70316
    endloop
  endfacet
  facet normal 0.353553 -0.707107 -0.612372
    outer loop
      vertex -40 -55.041 -17.9038
      vertex -19.8 -54.641 -6.70316
      vertex -20 -55.041 -6.35674
    endloop
  endfacet
  facet normal 0.353553 0.707107 -0.612372
    outer loop
      vertex -39.8 -54.641 -18.2502
      vertex -40 -54.241 -17.9038
      vertex -20 -54.241 -6.35674
    endloop
  endfacet
  facet normal 0.353553 0.707107 -0.612372
    outer loop
      vertex -39.8 -54.641 -18.2502
      vertex -20 -54.241 -6.35674
      vertex -19.8 -54.641 -6.70316
    endloop
  endfacet
  facet normal -0.353553 0.612372 -0.707107
    outer loop
      vertex -40 -54.641 -18.3038
      vertex -40.2 -54.2946 -17.9038
      vertex -22.8795 -44.2946 -17.9038
    endloop
  endfacet
  facet normal -0.353553 0.612372 -0.707107
    outer loop
      vertex -40 -54.641 -18.3038
      vertex -22.8795 -44.2946 -17.9038
      vertex -22.6795 -44.641 -18.3038
    endloop
  endfacet
  facet normal -0.353553 0.612372 0.707107
    outer loop
      vertex -40.2 -54.2946 -17.9038
      vertex -40 -54.641 -17.5038
      vertex -22.6795 -44.641 -17.5038
    endloop
  endfacet
  facet normal -0.353553 0.612372 0.707107
    outer loop
      vertex -40.2 -54.2946 -17.9038
      vertex -22.6795 -44.641 -17.5038
      vertex -22.8795 -44.2946 -17.9038
    endloop
  endfacet
  facet normal 0.353553 -0.612372 0.707107
    outer loop
      vertex -40 -54.641 -17.5038
      vertex -39.8 -54.9874 -17.9038
      vertex -22.4795 -44.9874 -17.9038
    endloop
  endfacet
  facet normal 0.353553 -0.612372 0.707107
    outer loop
      vertex -40 -54.641 -17.5038
      vertex -22.4795 -44.9874 -17.9038
      vertex -22.6795 -44.641 -17.5038
    endloop
  endfacet
  facet normal 0.353553 -0.612372 -0.707107
    outer loop
      vertex -39.8 -54.9874 -17.9038
      vertex -40 -54.641 -18.3038
      vertex -22.6795 -44.641 -18.3038
    endloop
  endfacet
  facet normal 0.353553 -0.612372 -0.707107
    outer loop
      vertex -39.8 -54.9874 -17.9038
      vertex -22.6795 -44.641 -18.3038
      vertex -22.4795 -44.9874 -17.9038
    endloop
  endfacet
  facet normal -0.645497 -0.67082 -0.365148
    outer loop
      vertex -40 -54.894 -18.2136
      vertex -40.3651 -54.7675 -17.8005
      vertex -50.3651 -37.447 -31.9426
    endloop
  endfacet
  facet normal -0.645497 -0.67082 -0.365148
    outer loop
      vertex -40 -54.894 -18.2136
      vertex -50.3651 -37.447 -31.9426
      vertex -50 -37.5735 -32.3557
    endloop
  endfacet
  facet normal -0.645497 0.223607 0.730297
    outer loop
      vertex -40.3651 -54.7675 -17.8005
      vertex -40 -54.388 -17.5939
      vertex -50 -37.0675 -31.736
    endloop
  endfacet
  facet normal -0.645497 0.223607 0.730297
    outer loop
      vertex -40.3651 -54.7675 -17.8005
      vertex -50 -37.0675 -31.736
      vertex -50.3651 -37.447 -31.9426
    endloop
  endfacet
  facet normal 0.645497 0.67082 0.365148
    outer loop
      vertex -40 -54.388 -17.5939
      vertex -39.6349 -54.5145 -18.007
      vertex -49.6349 -37.194 -32.1492
    endloop
  endfacet
  facet normal 0.645497 0.67082 0.365148
    outer loop
      vertex -40 -54.388 -17.5939
      vertex -49.6349 -37.194 -32.1492
      vertex -50 -37.0675 -31.736
    endloop
  endfacet
  facet normal 0.645497 -0.223607 -0.730297
    outer loop
      vertex -39.6349 -54.5145 -18.007
      vertex -40 -54.894 -18.2136
      vertex -50 -37.5735 -32.3557
    endloop
  endfacet
  facet normal 0.645497 -0.223607 -0.730297
    outer loop
      vertex -39.6349 -54.5145 -18.007
      vertex -50 -37.5735 -32.3557
      vertex -49.6349 -37.194 -32.1492
    endloop
  endfacet
  facet normal -0.353553 0.707107 0.612372
    outer loop
      vertex -50 -36.9205 -32.0459
      vertex -50.2 -37.3205 -31.6995
      vertex -30.2 -37.3205 -20.1525
    endloop
  endfacet
  facet normal -0.353553 0.707107 0.612372
    outer loop
      vertex -50 -36.9205 -32.0459
      vertex -30.2 -37.3205 -20.1525
      vertex -30 -36.9205 -20.4989
    endloop
  endfacet
  facet normal -0.353553 -0.707107 0.612372
    outer loop
      vertex -50.2 -37.3205 -31.6995
      vertex -50 -37.7205 -32.0459
      vertex -30 -37.7205 -20.4989
    endloop
  endfacet
  facet normal -0.353553 -0.707107 0.612372
    outer loop
      vertex -50.2 -37.3205 -31.6995
      vertex -30 -37.7205 -20.4989
      vertex -30.2 -37.3205 -20.1525
    endloop
  endfacet
  facet normal 0.353553 -0.707107 -0.612372
    outer loop
      vertex -50 -37.7205 -32.0459
      vertex -49.8 -37.3205 -32.3923
      vertex -29.8 -37.3205 -20.8453
    endloop
  endfacet
  facet normal 0.353553 -0.707107 -0.612372
    outer loop
      vertex -50 -37.7205 -32.0459
      vertex -29.8 -37.3205 -20.8453
      vertex -30 -37.7205 -20.4989
    endloop
  endfacet
  facet normal 0.353553 0.707107 -0.612372
    outer loop
      vertex -49.8 -37.3205 -32.3923
      vertex -50 -36.9205 -32.0459
      vertex -30 -36.9205 -20.4989
    endloop
  endfacet
  facet normal 0.353553 0.707107 -0.612372
    outer loop
      vertex -49.8 -37.3205 -32.3923
      vertex -30 -36.9205 -20.4989
      vertex -29.8 -37.3205 -20.8453
    endloop
  endfacet
  facet normal -0.353553 0.612372 -0.707107
    outer loop
      vertex -50 -37.3205 -32.4459
      vertex -50.2 -36.9741 -32.0459
      vertex -32.8795 -26.9741 -32.0459
    endloop
  endfacet
  facet normal -0.353553 0.612372 -0.707107
    outer loop
      vertex -50 -37.3205 -32.4459
      vertex -32.8795 -26.9741 -32.0459
      vertex -32.6795 -27.3205 -32.4459
    endloop
  endfacet
  facet normal -0.353553 0.612372 0.707107
    outer loop
      vertex -50.2 -36.9741 -32.0459
      vertex -50 -37.3205 -31.6459
      vertex -32.6795 -27.3205 -31.6459
    endloop
  endfacet
  facet normal -0.353553 0.612372 0.707107
    outer loop
      vertex -50.2 -36.9741 -32.0459
      vertex -32.6795 -27.3205 -31.6459
      vertex -32.8795 -26.9741 -32.0459
    endloop
  endfacet
  facet normal 0.353553 -0.612372 0.707107
    outer loop
      vertex -50 -37.3205 -31.6459
      vertex -49.8 -37.6669 -32.0459
      vertex -32.4795 -27.6669 -32.0459
    endloop
  endfacet
  facet normal 0.353553 -0.612372 0.707107
    outer loop
      vertex -50 -37.3205 -31.6459
      vertex -32.4795 -27.6669 -32.0459
      vertex -32.6795 -27.3205 -31.6459
    endloop
  endfacet
  facet normal 0.353553 -0.612372 -0.707107
    outer loop
      vertex -49.8 -37.6669 -32.0459
      vertex -50 -37.3205 -32.4459
      vertex -32.6795 -27.3205 -32.4459
    endloop
  endfacet
  facet normal 0.353553 -0.612372 -0.707107
    outer loop
      vertex -49.8 -37.6669 -32.0459
      vertex -32.6795 -27.3205 -32.4459
      vertex -32.4795 -27.6669 -32.0459
    endloop
  endfacet
  facet normal -0.707107 0.353553 -0.612372
    outer loop
      vertex -50 -37.1205 -32.3923
      vertex -50.4 -37.3205 -32.0459
      vertex -50.4 -17.3205 -20.4989
    endloop
  endfacet
  facet normal -0.707107 0.353553 -0.612372
    outer loop
      vertex -50 -37.1205 -32.3923
      vertex -50.4 -17.3205 -20.4989
      vertex -50 -17.1205 -20.8453
    endloop
  endfacet
  facet normal -0.707107 -0.353553 0.612372
    outer loop
      vertex -50.4 -37.3205 -32.0459
      vertex -50 -37.5205 -31.6995
      vertex -50 -17.5205 -20.1525
    endloop
  endfacet
  facet normal -0.707107 -0.353553 0.612372
    outer loop
      vertex -50.4 -37.3205 -32.0459
      vertex -50 -17.5205 -20.1525
      vertex -50.4 -17.3205 -20.4989
    endloop
  endfacet
  facet normal 0.707107 -0.353553 0.612372
    outer loop
      vertex -50 -37.5205 -31.6995
      vertex -49.6 -37.3205 -32.0459
      vertex -49.6 -17.3205 -20.4989
    endloop
  endfacet
  facet normal 0.707107 -0.353553 0.612372
    outer loop
      vertex -50 -37.5205 -31.6995
      vertex -49.6 -17.3205 -20.4989
      vertex -50 -17.5205 -20.1525
    endloop
  endfacet
  facet normal 0.707107 0.353553 -0.612372
    outer loop
      vertex -49.6 -37.3205 -32.0459
      vertex -50 -37.1205 -32.3923
      vertex -50 -17.1205 -20.8453
    endloop
  endfacet
  facet normal 0.707107 0.353553 -0.612372
    outer loop
      vertex -49.6 -37.3205 -32.0459
      vertex -50 -17.1205 -20.8453
      vertex -49.6 -17.3205 -20.4989
    endloop
  endfacet
  facet normal -0.353553 0.707107 0.612372
    outer loop
      vertex -50 -16.9205 -20.4989
      vertex -50.2 -17.3205 -20.1525
      vertex -30.2 -17.3205 -8.60546
    endloop
  endfacet
  facet normal -0.353553 0.707107 0.612372
    outer loop
      vertex -50 -16.9205 -20.4989
      vertex -30.2 -17.3205 -8.60546
      vertex -30 -16.9205 -8.95188
    endloop
  endfacet
  facet normal -0.353553 -0.707107 0.612372
    outer loop
      vertex -50.2 -17.3205 -20.1525
      vertex -50 -17.7205 -20.4989
      vertex -30 -17.7205 -8.95188
    endloop
  endfacet
  facet normal -0.353553 -0.707107 0.612372
    outer loop
      vertex -50.2 -17.3205 -20.1525
      vertex -30 -17.7205 -8.95188
      vertex -30.2 -17.3205 -8.60546
    endloop
  endfacet
  facet normal 0.353553 -0.707107 -0.612372
    outer loop
      vertex -50 -17.7205 -20.4989
      vertex -49.8 -17.3205 -20.8453
      vertex -29.8 -17.3205 -9.29829
    endloop
  endfacet
  facet normal 0.353553 -0.707107 -0.612372
    outer loop
      vertex -50 -17.7205 -20.4989
      vertex -29.8 -17.3205 -9.29829
      vertex -30 -17.7205 -8.95188
    endloop
  endfacet
  facet normal 0.353553 0.707107 -0.612372
    outer loop
      vertex -49.8 -17.3205 -20.8453
      vertex -50 -16.9205 -20.4989
      vertex -30 -16.9205 -8.95188
    endloop
  endfacet
  facet normal 0.353553 0.707107 -0.612372
    outer loop
      vertex -49.8 -17.3205 -20.8453
      vertex -30 -16.9205 -8.95188
      vertex -29.8 -17.3205 -9.29829
    endloop
  endfacet
  facet normal -0.353553 0.612372 -0.707107
    outer loop
      vertex -50 -17.3205 -20.8989
      vertex -50.2 -16.9741 -20.4989
      vertex -32.8795 -6.9741 -20.4989
    endloop
  endfacet
  facet normal -0.353553 0.612372 -0.707107
    outer loop
      vertex -50 -17.3205 -20.8989
      vertex -32.8795 -6.9741 -20.4989
      vertex -32.6795 -7.32051 -20.8989
    endloop
  endfacet
  facet normal -0.353553 0.612372 0.707107
    outer loop
      vertex -50.2 -16.9741 -20.4989
      vertex -50 -17.3205 -20.0989
      vertex -32.6795 -7.32051 -20.0989
    endloop
  endfacet
  facet normal -0.353553 0.612372 0.707107
    outer loop
      vertex -50.2 -16.9741 -20.4989
      vertex -32.6795 -7.32051 -20.0989
      vertex -32.8795 -6.9741 -20.4989
    endloop
  endfacet
  facet normal 0.353553 -0.612372 0.707107
    outer loop
      vertex -50 -17.3205 -20.0989
      vertex -49.8 -17.6669 -20.4989
      vertex -32.4795 -7.66692 -20.4989
    endloop
  endfacet
  facet normal 0.353553 -0.612372 0.707107
    outer loop
      vertex -50 -17.3205 -20.0989
      vertex -32.4795 -7.66692 -20.4989
      vertex -32.6795 -7.32051 -20.0989
    endloop
  endfacet
  facet normal 0.353553 -0.612372 -0.707107
    outer loop
      vertex -49.8 -17.6669 -20.4989
      vertex -50 -17.3205 -20.8989
      vertex -32.6795 -7.32051 -20.8989
    endloop
  endfacet
  facet normal 0.353553 -0.612372 -0.707107
    outer loop
      vertex -49.8 -17.6669 -20.4989
      vertex -32.6795 -7.32051 -20.8989
      vertex -32.4795 -7.66692 -20.4989
    endloop
  endfacet
  facet normal -0.707107 0.353553 -0.612372
    outer loop
      vertex -50 -17.1205 -20.8453
      vertex -50.4 -17.3205 -20.4989
      vertex -50.4 2.67949 -8.95188
    endloop
  endfacet
  facet normal -0.707107 0.353553 -0.612372
    outer loop
      vertex -50 -17.1205 -20.8453
      vertex -50.4 2.67949 -8.95188
      vertex -50 2.87949 -9.29829
    endloop
  endfacet
  facet normal -0.707107 -0.353553 0.612372
    outer loop
      vertex -50.4 -17.3205 -20.4989
      vertex -50 -17.5205 -20.1525
      vertex -50 2.47949 -8.60546
    endloop
  endfacet
  facet normal -0.707107 -0.353553 0.612372
    outer loop
      vertex -50.4 -17.3205 -20.4989
      vertex -50 2.47949 -8.60546
      vertex -50.4 2.67949 -8.95188
    endloop
  endfacet
  facet normal 0.707107 -0.353553 0.612372
    outer loop
      vertex -50 -17.5205 -20.1525
      vertex -49.6 -17.3205 -20.4989
      vertex -49.6 2.67949 -8.95188
    endloop
  endfacet
  facet normal 0.707107 -0.353553 0.612372
    outer loop
      vertex -50 -17.5205 -20.1525
      vertex -49.6 2.67949 -8.95188
      vertex -50 2.47949 -8.60546
    endloop
  endfacet
  facet normal 0.707107 0.353553 -0.612372
    outer loop
      vertex -49.6 -17.3205 -20.4989
      vertex -50 -17.1205 -20.8453
      vertex -50 2.87949 -9.29829
    endloop
  endfacet
  facet normal 0.707107 0.353553 -0.612372
    outer loop
      vertex -49.6 -17.3205 -20.4989
      vertex -50 2.87949 -9.29829
      vertex -49.6 2.67949 -8.95188
    endloop
  endfacet
  facet normal -0.645497 -0.67082 -0.365148
    outer loop
      vertex -50 -17.5735 -20.8087
      vertex -50.3651 -17.447 -20.3956
      vertex -60.3651 -0.126491 -34.5377
    endloop
  endfacet
  facet normal -0.645497 -0.67082 -0.365148
    outer loop
      vertex -50 -17.5735 -20.8087
      vertex -60.3651 -0.126491 -34.5377
      vertex -60 -0.252982 -34.9509
    endloop
  endfacet
  facet normal -0.645497 0.223607 0.730297
    outer loop
      vertex -50.3651 -17.447 -20.3956
      vertex -50 -17.0675 -20.189
      vertex -60 0.252982 -34.3312
    endloop
  endfacet
  facet normal -0.645497 0.223607 0.730297
    outer loop
      vertex -50.3651 -17.447 -20.3956
      vertex -60 0.252982 -34.3312
      vertex -60.3651 -0.126491 -34.5377
    endloop
  endfacet
  facet normal 0.645497 0.67082 0.365148
    outer loop
      vertex -50 -17.0675 -20.189
      vertex -49.6349 -17.194 -20.6022
      vertex -59.6349 0.126491 -34.7443
    endloop
  endfacet
  facet normal 0.645497 0.67082 0.365148
    outer loop
      vertex -50 -17.0675 -20.189
      vertex -59.6349 0.126491 -34.7443
      vertex -60 0.252982 -34.3312
    endloop
  endfacet
  facet normal 0.645497 -0.223607 -0.730297
    outer loop
      vertex -49.6349 -17.194 -20.6022
      vertex -50 -17.5735 -20.8087
      vertex -60 -0.252982 -34.9509
    endloop
  endfacet
  facet normal 0.645497 -0.223607 -0.730297
    outer loop
      vertex -49.6349 -17.194 -20.6022
      vertex -60 -0.252982 -34.9509
      vertex -59.6349 0.126491 -34.7443
    endloop
  endfacet
  facet normal -0.353553 0.707107 0.612372
    outer loop
      vertex -60 0.4 -34.641
      vertex -60.2 2.44929e-17 -34.2946
      vertex -40.2 2.44929e-17 -22.7476
    endloop
  endfacet
  facet normal -0.353553 0.707107 0.612372
    outer loop
      vertex -60 0.4 -34.641
      vertex -40.2 2.44929e-17 -22.7476
      vertex -40 0.4 -23.094
    endloop
  endfacet
  facet normal -0.353553 -0.707107 0.612372
    outer loop
      vertex -60.2 2.44929e-17 -34.2946
      vertex -60 -0.4 -34.641
      vertex -40 -0.4 -23.094
    endloop
  endfacet
  facet normal -0.353553 -0.707107 0.612372
    outer loop
      vertex -60.2 2.44929e-17 -34.2946
      vertex -40 -0.4 -23.094
      vertex -40.2 2.44929e-17 -22.7476
    endloop
  endfacet
  facet normal 0.353553 -0.707107 -0.612372
    outer loop
      vertex -60 -0.4 -34.641
      vertex -59.8 -7.34788e-17 -34.9874
      vertex -39.8 -7.34788e-17 -23.4404
    endloop
  endfacet
  facet normal 0.353553 -0.707107 -0.612372
    outer loop
      vertex -60 -0.4 -34.641
      vertex -39.8 -7.34788e-17 -23.4404
      vertex -40 -0.4 -23.094
    endloop
  endfacet
  facet normal 0.353553 0.707107 -0.612372
    outer loop
      vertex -59.8 -7.34788e-17 -34.9874
      vertex -60 0.4 -34.641
      vertex -40 0.4 -23.094
    endloop
  endfacet
  facet normal 0.353553 0.707107 -0.612372
    outer loop
      vertex -59.8 -7.34788e-17 -34.9874
      vertex -40 0.4 -23.094
      vertex -39.8 -7.34788e-17 -23.4404
    endloop
  endfacet
  facet normal -0.353553 0.612372 -0.707107
    outer loop
      vertex -60 0 -35.041
      vertex -60.2 0.34641 -34.641
      vertex -42.8795 10.3464 -34.641
    endloop
  endfacet
  facet normal -0.353553 0.612372 -0.707107
    outer loop
      vertex -60 0 -35.041
      vertex -42.8795 10.3464 -34.641
      vertex -42.6795 10 -35.041
    endloop
  endfacet
  facet normal -0.353553 0.612372 0.707107
    outer loop
      vertex -60.2 0.34641 -34.641
      vertex -60 4.2423e-17 -34.241
      vertex -42.6795 10 -34.241
    endloop
  endfacet
  facet normal -0.353553 0.612372 0.707107
    outer loop
      vertex -60.2 0.34641 -34.641
      vertex -42.6795 10 -34.241
      vertex -42.8795 10.3464 -34.641
    endloop
  endfacet
  facet normal 0.353553 -0.612372 0.707107
    outer loop
      vertex -60 4.2423e-17 -34.241
      vertex -59.8 -0.34641 -34.641
      vertex -42.4795 9.65359 -34.641
    endloop
  endfacet
  facet normal 0.353553 -0.612372 0.707107
    outer loop
      vertex -60 4.2423e-17 -34.241
      vertex -42.4795 9.65359 -34.641
      vertex -42.6795 10 -34.241
    endloop
  endfacet
  facet normal 0.353553 -0.612372 -0.707107
    outer loop
      vertex -59.8 -0.34641 -34.641
      vertex -60 0 -35.041
      vertex -42.6795 10 -35.041
    endloop
  endfacet
  facet normal 0.353553 -0.612372 -0.707107
    outer loop
      vertex -59.8 -0.34641 -34.641
      vertex -42.6795 10 -35.041
      vertex -42.4795 9.65359 -34.641
    endloop
  endfacet
  facet normal -0.707107 0.353553 -0.612372
    outer loop
      vertex -60 0.2 -34.9874
      vertex -60.4 1.22465e-17 -34.641
      vertex -60.4 20 -23.094
    endloop
  endfacet
  facet normal -0.707107 0.353553 -0.612372
    outer loop
      vertex -60 0.2 -34.9874
      vertex -60.4 20 -23.094
      vertex -60 20.2 -23.4404
    endloop
  endfacet
  facet normal -0.707107 -0.353553 0.612372
    outer loop
      vertex -60.4 1.22465e-17 -34.641
      vertex -60 -0.2 -34.2946
      vertex -60 19.8 -22.7476
    endloop
  endfacet
  facet normal -0.707107 -0.353553 0.612372
    outer loop
      vertex -60.4 1.22465e-17 -34.641
      vertex -60 19.8 -22.7476
      vertex -60.4 20 -23.094
    endloop
  endfacet
  facet normal 0.707107 -0.353553 0.612372
    outer loop
      vertex -60 -0.2 -34.2946
      vertex -59.6 -3.67394e-17 -34.641
      vertex -59.6 20 -23.094
    endloop
  endfacet
  facet normal 0.707107 -0.353553 0.612372
    outer loop
      vertex -60 -0.2 -34.2946
      vertex -59.6 20 -23.094
      vertex -60 19.8 -22.7476
    endloop
  endfacet
  facet normal 0.707107 0.353553 -0.612372
    outer loop
      vertex -59.6 -3.67394e-17 -34.641
      vertex -60 0.2 -34.9874
      vertex -60 20.2 -23.4404
    endloop
  endfacet
  facet normal 0.707107 0.353553 -0.612372
    outer loop
      vertex -59.6 -3.67394e-17 -34.641
      vertex -60 20.2 -23.4404
      vertex -59.6 20 -23.094
    endloop
  endfacet
  facet normal -0.645497 -0.67082 -0.365148
    outer loop
      vertex -50 2.42651 -9.26171
      vertex -50.3651 2.553 -8.8486
      vertex -60.3651 19.8735 -22.9907
    endloop
  endfacet
  facet normal -0.645497 -0.67082 -0.365148
    outer loop
      vertex -50 2.42651 -9.26171
      vertex -60.3651 19.8735 -22.9907
      vertex -60 19.747 -23.4038
    endloop
  endfacet
  facet normal -0.645497 0.223607 0.730297
    outer loop
      vertex -50.3651 2.553 -8.8486
      vertex -50 2.93247 -8.64204
      vertex -60 20.253 -22.7842
    endloop
  endfacet
  facet normal -0.645497 0.223607 0.730297
    outer loop
      vertex -50.3651 2.553 -8.8486
      vertex -60 20.253 -22.7842
      vertex -60.3651 19.8735 -22.9907
    endloop
  endfacet
  facet normal 0.645497 0.67082 0.365148
    outer loop
      vertex -50 2.93247 -8.64204
      vertex -49.6349 2.80598 -9.05515
      vertex -59.6349 20.1265 -23.1973
    endloop
  endfacet
  facet normal 0.645497 0.67082 0.365148
    outer loop
      vertex -50 2.93247 -8.64204
      vertex -59.6349 20.1265 -23.1973
      vertex -60 20.253 -22.7842
    endloop
  endfacet
  facet normal 0.645497 -0.223607 -0.730297
    outer loop
      vertex -49.6349 2.80598 -9.05515
      vertex -50 2.42651 -9.26171
      vertex -60 19.747 -23.4038
    endloop
  endfacet
  facet normal 0.645497 -0.223607 -0.730297
    outer loop
      vertex -49.6349 2.80598 -9.05515
      vertex -60 19.747 -23.4038
      vertex -59.6349 20.1265 -23.1973
    endloop
  endfacet
  facet normal -0.353553 0.707107 0.612372
    outer loop
      vertex -60 20.4 -23.094
      vertex -60.2 20 -22.7476
      vertex -40.2 20 -11.2006
    endloop
  endfacet
  facet normal -0.353553 0.707107 0.612372
    outer loop
      vertex -60 20.4 -23.094
      vertex -40.2 20 -11.2006
      vertex -40 20.4 -11.547
    endloop
  endfacet
  facet normal -0.353553 -0.707107 0.612372
    outer loop
      vertex -60.2 20 -22.7476
      vertex -60 19.6 -23.094
      vertex -40 19.6 -11.547
    endloop
  endfacet
  facet normal -0.353553 -0.707107 0.612372
    outer loop
      vertex -60.2 20 -22.7476
      vertex -40 19.6 -11.547
      vertex -40.2 20 -11.2006
    endloop
  endfacet
  facet normal 0.353553 -0.707107 -0.612372
    outer loop
      vertex -60 19.6 -23.094
      vertex -59.8 20 -23.4404
      vertex -39.8 20 -11.8934
    endloop
  endfacet
  facet normal 0.353553 -0.707107 -0.612372
    outer loop
      vertex -60 19.6 -23.094
      vertex -39.8 20 -11.8934
      vertex -40 19.6 -11.547
    endloop
  endfacet
  facet normal 0.353553 0.707107 -0.612372
    outer loop
      vertex -59.8 20 -23.4404
      vertex -60 20.4 -23.094
      vertex -40 20.4 -11.547
    endloop
  endfacet
  facet normal 0.353553 0.707107 -0.612372
    outer loop
      vertex -59.8 20 -23.4404
      vertex -40 20.4 -11.547
      vertex -39.8 20 -11.8934
    endloop
  endfacet
  facet normal -0.353553 0.612372 -0.707107
    outer loop
      vertex -60 20 -23.494
      vertex -60.2 20.3464 -23.094
      vertex -42.8795 30.3464 -23.094
    endloop
  endfacet
  facet normal -0.353553 0.612372 -0.707107
    outer loop
      vertex -60 20 -23.494
      vertex -42.8795 30.3464 -23.094
      vertex -42.6795 30 -23.494
    endloop
  endfacet
  facet normal -0.353553 0.612372 0.707107
    outer loop
      vertex -60.2 20.3464 -23.094
      vertex -60 20 -22.694
      vertex -42.6795 30 -22.694
    endloop
  endfacet
  facet normal -0.353553 0.612372 0.707107
    outer loop
      vertex -60.2 20.3464 -23.094
      vertex -42.6795 30 -22.694
      vertex -42.8795 30.3464 -23.094
    endloop
  endfacet
  facet normal 0.353553 -0.612372 0.707107
    outer loop
      vertex -60 20 -22.694
      vertex -59.8 19.6536 -23.094
      vertex -42.4795 29.6536 -23.094
    endloop
  endfacet
  facet normal 0.353553 -0.612372 0.707107
    outer loop
      vertex -60 20 -22.694
      vertex -42.4795 29.6536 -23.094
      vertex -42.6795 30 -22.694
    endloop
  endfacet
  facet normal 0.353553 -0.612372 -0.707107
    outer loop
      vertex -59.8 19.6536 -23.094
      vertex -60 20 -23.494
      vertex -42.6795 30 -23.494
    endloop
  endfacet
  facet normal 0.353553 -0.612372 -0.707107
    outer loop
      vertex -59.8 19.6536 -23.094
      vertex -42.6795 30 -23.494
      vertex -42.4795 29.6536 -23.094
    endloop
  endfacet
  facet normal -0.707107 0.353553 -0.612372
    outer loop
      vertex -60 20.2 -23.4404
      vertex -60.4 20 -23.094
      vertex -60.4 40 -11.547
    endloop
  endfacet
  facet normal -0.707107 0.353553 -0.612372
    outer loop
      vertex -60 20.2 -23.4404
      vertex -60.4 40 -11.547
      vertex -60 40.2 -11.8934
    endloop
  endfacet
  facet normal -0.707107 -0.353553 0.612372
    outer loop
      vertex -60.4 20 -23.094
      vertex -60 19.8 -22.7476
      vertex -60 39.8 -11.2006
    endloop
  endfacet
  facet normal -0.707107 -0.353553 0.612372
    outer loop
      vertex -60.4 20 -23.094
      vertex -60 39.8 -11.2006
      vertex -60.4 40 -11.547
    endloop
  endfacet
  facet normal 0.707107 -0.353553 0.612372
    outer loop
      vertex -60 19.8 -22.7476
      vertex -59.6 20 -23.094
      vertex -59.6 40 -11.547
    endloop
  endfacet
  facet normal 0.707107 -0.353553 0.612372
    outer loop
      vertex -60 19.8 -22.7476
      vertex -59.6 40 -11.547
      vertex -60 39.8 -11.2006
    endloop
  endfacet
  facet normal 0.707107 0.353553 -0.612372
    outer loop
      vertex -59.6 20 -23.094
      vertex -60 20.2 -23.4404
      vertex -60 40.2 -11.8934
    endloop
  endfacet
  facet normal 0.707107 0.353553 -0.612372
    outer loop
      vertex -59.6 20 -23.094
      vertex -60 40.2 -11.8934
      vertex -59.6 40 -11.547
    endloop
  endfacet
  facet normal -0.645497 -0.67082 -0.365148
    outer loop
      vertex -60 19.747 -23.4038
      vertex -60.3651 19.8735 -22.9907
      vertex -70.3651 37.194 -37.1329
    endloop
  endfacet
  facet normal -0.645497 -0.67082 -0.365148
    outer loop
      vertex -60 19.747 -23.4038
      vertex -70.3651 37.194 -37.1329
      vertex -70 37.0675 -37.546
    endloop
  endfacet
  facet normal -0.645497 0.223607 0.730297
    outer loop
      vertex -60.3651 19.8735 -22.9907
      vertex -60 20.253 -22.7842
      vertex -70 37.5735 -36.9263
    endloop
  endfacet
  facet normal -0.645497 0.223607 0.730297
    outer loop
      vertex -60.3651 19.8735 -22.9907
      vertex -70 37.5735 -36.9263
      vertex -70.3651 37.194 -37.1329
    endloop
  endfacet
  facet normal 0.645497 0.67082 0.365148
    outer loop
      vertex -60 20.253 -22.7842
      vertex -59.6349 20.1265 -23.1973
      vertex -69.6349 37.447 -37.3394
    endloop
  endfacet
  facet normal 0.645497 0.67082 0.365148
    outer loop
      vertex -60 20.253 -22.7842
      vertex -69.6349 37.447 -37.3394
      vertex -70 37.5735 -36.9263
    endloop
  endfacet
  facet normal 0.645497 -0.223607 -0.730297
    outer loop
      vertex -59.6349 20.1265 -23.1973
      vertex -60 19.747 -23.4038
      vertex -70 37.0675 -37.546
    endloop
  endfacet
  facet normal 0.645497 -0.223607 -0.730297
    outer loop
      vertex -59.6349 20.1265 -23.1973
      vertex -70 37.0675 -37.546
      vertex -69.6349 37.447 -37.3394
    endloop
  endfacet
  facet normal -0.353553 0.707107 0.612372
    outer loop
      vertex -70 37.7205 -37.2361
      vertex -70.2 37.3205 -36.8897
      vertex -50.2 37.3205 -25.3427
    endloop
  endfacet
  facet normal -0.353553 0.707107 0.612372
    outer loop
      vertex -70 37.7205 -37.2361
      vertex -50.2 37.3205 -25.3427
      vertex -50 37.7205 -25.6891
    endloop
  endfacet
  facet normal -0.353553 -0.707107 0.612372
    outer loop
      vertex -70.2 37.3205 -36.8897
      vertex -70 36.9205 -37.2361
      vertex -50 36.9205 -25.6891
    endloop
  endfacet
  facet normal -0.353553 -0.707107 0.612372
    outer loop
      vertex -70.2 37.3205 -36.8897
      vertex -50 36.9205 -25.6891
      vertex -50.2 37.3205 -25.3427
    endloop
  endfacet
  facet normal 0.353553 -0.707107 -0.612372
    outer loop
      vertex -70 36.9205 -37.2361
      vertex -69.8 37.3205 -37.5826
      vertex -49.8 37.3205 -26.0356
    endloop
  endfacet
  facet normal 0.353553 -0.707107 -0.612372
    outer loop
      vertex -70 36.9205 -37.2361
      vertex -49.8 37.3205 -26.0356
      vertex -50 36.9205 -25.6891
    endloop
  endfacet
  facet normal 0.353553 0.707107 -0.612372
    outer loop
      vertex -69.8 37.3205 -37.5826
      vertex -70 37.7205 -37.2361
      vertex -50 37.7205 -25.6891
    endloop
  endfacet
  facet normal 0.353553 0.707107 -0.612372
    outer loop
      vertex -69.8 37.3205 -37.5826
      vertex -50 37.7205 -25.6891
      vertex -49.8 37.3205 -26.0356
    endloop
  endfacet
  facet normal -0.353553 0.612372 -0.707107
    outer loop
      vertex -70 37.3205 -37.6361
      vertex -70.2 37.6669 -37.2361
      vertex -52.8795 47.6669 -37.2361
    endloop
  endfacet
  facet normal -0.353553 0.612372 -0.707107
    outer loop
      vertex -70 37.3205 -37.6361
      vertex -52.8795 47.6669 -37.2361
      vertex -52.6795 47.3205 -37.6361
    endloop
  endfacet
  facet normal -0.353553 0.612372 0.707107
    outer loop
      vertex -70.2 37.6669 -37.2361
      vertex -70 37.3205 -36.8361
      vertex -52.6795 47.3205 -36.8361
    endloop
  endfacet
  facet normal -0.353553 0.612372 0.707107
    outer loop
      vertex -70.2 37.6669 -37.2361
      vertex -52.6795 47.3205 -36.8361
      vertex -52.8795 47.6669 -37.2361
    endloop
  endfacet
  facet normal 0.353553 -0.612372 0.707107
    outer loop
      vertex -70 37.3205 -36.8361
      vertex -69.8 36.9741 -37.2361
      vertex -52.4795 46.9741 -37.2361
    endloop
  endfacet
  facet normal 0.353553 -0.612372 0.707107
    outer loop
      vertex -70 37.3205 -36.8361
      vertex -52.4795 46.9741 -37.2361
      vertex -52.6795 47.3205 -36.8361
    endloop
  endfacet
  facet normal 0.353553 -0.612372 -0.707107
    outer loop
      vertex -69.8 36.9741 -37.2361
      vertex -70 37.3205 -37.6361
      vertex -52.6795 47.3205 -37.6361
    endloop
  endfacet
  facet normal 0.353553 -0.612372 -0.707107
    outer loop
      vertex -69.8 36.9741 -37.2361
      vertex -52.6795 47.3205 -37.6361
      vertex -52.4795 46.9741 -37.2361
    endloop
  endfacet
  facet normal -0.707107 0.353553 -0.612372
    outer loop
      vertex -70 37.5205 -37.5826
      vertex -70.4 37.3205 -37.2361
      vertex -70.4 57.3205 -25.6891
    endloop
  endfacet
  facet normal -0.707107 0.353553 -0.612372
    outer loop
      vertex -70 37.5205 -37.5826
      vertex -70.4 57.3205 -25.6891
      vertex -70 57.5205 -26.0356
    endloop
  endfacet
  facet normal -0.707107 -0.353553 0.612372
    outer loop
      vertex -70.4 37.3205 -37.2361
      vertex -70 37.1205 -36.8897
      vertex -70 57.1205 -25.3427
    endloop
  endfacet
  facet normal -0.707107 -0.353553 0.612372
    outer loop
      vertex -70.4 37.3205 -37.2361
      vertex -70 57.1205 -25.3427
      vertex -70.4 57.3205 -25.6891
    endloop
  endfacet
  facet normal 0.707107 -0.353553 0.612372
    outer loop
      vertex -70 37.1205 -36.8897
      vertex -69.6 37.3205 -37.2361
      vertex -69.6 57.3205 -25.6891
    endloop
  endfacet
  facet normal 0.707107 -0.353553 0.612372
    outer loop
      vertex -70 37.1205 -36.8897
      vertex -69.6 57.3205 -25.6891
      vertex -70 57.1205 -25.3427
    endloop
  endfacet
  facet normal 0.707107 0.353553 -0.612372
    outer loop
      vertex -69.6 37.3205 -37.2361
      vertex -70 37.5205 -37.5826
      vertex -70 57.5205 -26.0356
    endloop
  endfacet
  facet normal 0.707107 0.353553 -0.612372
    outer loop
      vertex -69.6 37.3205 -37.2361
      vertex -70 57.5205 -26.0356
      vertex -69.6 57.3205 -25.6891
    endloop
  endfacet
  facet normal -0.353553 0.707107 0.612372
    outer loop
      vertex -60 40.4 -11.547
      vertex -60.2 40 -11.2006
      vertex -40.2 40 0.34641
    endloop
  endfacet
  facet normal -0.353553 0.707107 0.612372
    outer loop
      vertex -60 40.4 -11.547
      vertex -40.2 40 0.34641
      vertex -40 40.4 0
    endloop
  endfacet
  facet normal -0.353553 -0.707107 0.612372
    outer loop
      vertex -60.2 40 -11.2006
      vertex -60 39.6 -11.547
      vertex -40 39.6 4.2423e-17
    endloop
  endfacet
  facet normal -0.353553 -0.707107 0.612372
    outer loop
      vertex -60.2 40 -11.2006
      vertex -40 39.6 4.2423e-17
      vertex -40.2 40 0.34641
    endloop
  endfacet
  facet normal 0.353553 -0.707107 -0.612372
    outer loop
      vertex -60 39.6 -11.547
      vertex -59.8 40 -11.8934
      vertex -39.8 40 -0.34641
    endloop
  endfacet
  facet normal 0.353553 -0.707107 -0.612372
    outer loop
      vertex -60 39.6 -11.547
      vertex -39.8 40 -0.34641
      vertex -40 39.6 4.2423e-17
    endloop
  endfacet
  facet normal 0.353553 0.707107 -0.612372
    outer loop
      vertex -59.8 40 -11.8934
      vertex -60 40.4 -11.547
      vertex -40 40.4 0
    endloop
  endfacet
  facet normal 0.353553 0.707107 -0.612372
    outer loop
      vertex -59.8 40 -11.8934
      vertex -40 40.4 0
      vertex -39.8 40 -0.34641
    endloop
  endfacet
  facet normal -0.645497 -0.67082 -0.365148
    outer loop
      vertex -60 39.747 -11.8568
      vertex -60.3651 39.8735 -11.4437
      vertex -70.3651 57.194 -25.5859
    endloop
  endfacet
  facet normal -0.645497 -0.67082 -0.365148
    outer loop
      vertex -60 39.747 -11.8568
      vertex -70.3651 57.194 -25.5859
      vertex -70 57.0675 -25.999
    endloop
  endfacet
  facet normal -0.645497 0.223607 0.730297
    outer loop
      vertex -60.3651 39.8735 -11.4437
      vertex -60 40.253 -11.2372
      vertex -70 57.5735 -25.3793
    endloop
  endfacet
  facet normal -0.645497 0.223607 0.730297
    outer loop
      vertex -60.3651 39.8735 -11.4437
      vertex -70 57.5735 -25.3793
      vertex -70.3651 57.194 -25.5859
    endloop
  endfacet
  facet normal 0.645497 0.67082 0.365148
    outer loop
      vertex -60 40.253 -11.2372
      vertex -59.6349 40.1265 -11.6503
      vertex -69.6349 57.447 -25.7924
    endloop
  endfacet
  facet normal 0.645497 0.67082 0.365148
    outer loop
      vertex -60 40.253 -11.2372
      vertex -69.6349 57.447 -25.7924
      vertex -70 57.5735 -25.3793
    endloop
  endfacet
  facet normal 0.645497 -0.223607 -0.730297
    outer loop
      vertex -59.6349 40.1265 -11.6503
      vertex -60 39.747 -11.8568
      vertex -70 57.0675 -25.999
    endloop
  endfacet
  facet normal 0.645497 -0.223607 -0.730297
    outer loop
      vertex -59.6349 40.1265 -11.6503
      vertex -70 57.0675 -25.999
      vertex -69.6349 57.447 -25.7924
    endloop
  endfacet
  facet normal -0.353553 0.707107 0.612372
    outer loop
      vertex -70 57.7205 -25.6891
      vertex -70.2 57.3205 -25.3427
      vertex -50.2 57.3205 -13.7957
    endloop
  endfacet
  facet normal -0.353553 0.707107 0.612372
    outer loop
      vertex -70 57.7205 -25.6891
      vertex -50.2 57.3205 -13.7957
      vertex -50 57.7205 -14.1421
    endloop
  endfacet
  facet normal -0.353553 -0.707107 0.612372
    outer loop
      vertex -70.2 57.3205 -25.3427
      vertex -70 56.9205 -25.6891
      vertex -50 56.9205 -14.1421
    endloop
  endfacet
  facet normal -0.353553 -0.707107 0.612372
    outer loop
      vertex -70.2 57.3205 -25.3427
      vertex -50 56.9205 -14.1421
      vertex -50.2 57.3205 -13.7957
    endloop
  endfacet
  facet normal 0.353553 -0.707107 -0.612372
    outer loop
      vertex -70 56.9205 -25.6891
      vertex -69.8 57.3205 -26.0356
      vertex -49.8 57.3205 -14.4885
    endloop
  endfacet
  facet normal 0.353553 -0.707107 -0.612372
    outer loop
      vertex -70 56.9205 -25.6891
      vertex -49.8 57.3205 -14.4885
      vertex -50 56.9205 -14.1421
    endloop
  endfacet
  facet normal 0.353553 0.707107 -0.612372
    outer loop
      vertex -69.8 57.3205 -26.0356
      vertex -70 57.7205 -25.6891
      vertex -50 57.7205 -14.1421
    endloop
  endfacet
  facet normal 0.353553 0.707107 -0.612372
    outer loop
      vertex -69.8 57.3205 -26.0356
      vertex -50 57.7205 -14.1421
      vertex -49.8 57.3205 -14.4885
    endloop
  endfacet
  facet normal -0.353553 0.612372 -0.707107
    outer loop
      vertex -70 57.3205 -26.0891
      vertex -70.2 57.6669 -25.6891
      vertex -52.8795 67.6669 -25.6891
    endloop
  endfacet
  facet normal -0.353553 0.612372 -0.707107
    outer loop
      vertex -70 57.3205 -26.0891
      vertex -52.8795 67.6669 -25.6891
      vertex -52.6795 67.3205 -26.0891
    endloop
  endfacet
  facet normal -0.353553 0.612372 0.707107
    outer loop
      vertex -70.2 57.6669 -25.6891
      vertex -70 57.3205 -25.2891
      vertex -52.6795 67.3205 -25.2891
    endloop
  endfacet
  facet normal -0.353553 0.612372 0.707107
    outer loop
      vertex -70.2 57.6669 -25.6891
      vertex -52.6795 67.3205 -25.2891
      vertex -52.8795 67.6669 -25.6891
    endloop
  endfacet
  facet normal 0.353553 -0.612372 0.707107
    outer loop
      vertex -70 57.3205 -25.2891
      vertex -69.8 56.9741 -25.6891
      vertex -52.4795 66.9741 -25.6891
    endloop
  endfacet
  facet normal 0.353553 -0.612372 0.707107
    outer loop
      vertex -70 57.3205 -25.2891
      vertex -52.4795 66.9741 -25.6891
      vertex -52.6795 67.3205 -25.2891
    endloop
  endfacet
  facet normal 0.353553 -0.612372 -0.707107
    outer loop
      vertex -69.8 56.9741 -25.6891
      vertex -70 57.3205 -26.0891
      vertex -52.6795 67.3205 -26.0891
    endloop
  endfacet
  facet normal 0.353553 -0.612372 -0.707107
    outer loop
      vertex -69.8 56.9741 -25.6891
      vertex -52.6795 67.3205 -26.0891
      vertex -52.4795 66.9741 -25.6891
    endloop
  endfacet
  facet normal -0.707107 0.353553 -0.612372
    outer loop
      vertex -70 57.5205 -26.0356
      vertex -70.4 57.3205 -25.6891
      vertex -70.4 77.3205 -14.1421
    endloop
  endfacet
  facet normal -0.707107 0.353553 -0.612372
    outer loop
      vertex -70 57.5205 -26.0356
      vertex -70.4 77.3205 -14.1421
      vertex -70 77.5205 -14.4885
    endloop
  endfacet
  facet normal -0.707107 -0.353553 0.612372
    outer loop
      vertex -70.4 57.3205 -25.6891
      vertex -70 57.1205 -25.3427
      vertex -70 77.1205 -13.7957
    endloop
  endfacet
  facet normal -0.707107 -0.353553 0.612372
    outer loop
      vertex -70.4 57.3205 -25.6891
      vertex -70 77.1205 -13.7957
      vertex -70.4 77.3205 -14.1421
    endloop
  endfacet
  facet normal 0.707107 -0.353553 0.612372
    outer loop
      vertex -70 57.1205 -25.3427
      vertex -69.6 57.3205 -25.6891
      vertex -69.6 77.3205 -14.1421
    endloop
  endfacet
  facet normal 0.707107 -0.353553 0.612372
    outer loop
      vertex -70 57.1205 -25.3427
      vertex -69.6 77.3205 -14.1421
      vertex -70 77.1205 -13.7957
    endloop
  endfacet
  facet normal 0.707107 0.353553 -0.612372
    outer loop
      vertex -69.6 57.3205 -25.6891
      vertex -70 57.5205 -26.0356
      vertex -70 77.5205 -14.4885
    endloop
  endfacet
  facet normal 0.707107 0.353553 -0.612372
    outer loop
      vertex -69.6 57.3205 -25.6891
      vertex -70 77.5205 -14.4885
      vertex -69.6 77.3205 -14.1421
    endloop
  endfacet
  facet normal -0.353553 0.707107 0.612372
    outer loop
      vertex -70 77.7205 -14.1421
      vertex -70.2 77.3205 -13.7957
      vertex -50.2 77.3205 -2.24872
    endloop
  endfacet
  facet normal -0.353553 0.707107 0.612372
    outer loop
      vertex -70 77.7205 -14.1421
      vertex -50.2 77.3205 -2.24872
      vertex -50 77.7205 -2.59513
    endloop
  endfacet
  facet normal -0.353553 -0.707107 0.612372
    outer loop
      vertex -70.2 77.3205 -13.7957
      vertex -70 76.9205 -14.1421
      vertex -50 76.9205 -2.59513
    endloop
  endfacet
  facet normal -0.353553 -0.707107 0.612372
    outer loop
      vertex -70.2 77.3205 -13.7957
      vertex -50 76.9205 -2.59513
      vertex -50.2 77.3205 -2.24872
    endloop
  endfacet
  facet normal 0.353553 -0.707107 -0.612372
    outer loop
      vertex -70 76.9205 -14.1421
      vertex -69.8 77.3205 -14.4885
      vertex -49.8 77.3205 -2.94154
    endloop
  endfacet
  facet normal 0.353553 -0.707107 -0.612372
    outer loop
      vertex -70 76.9205 -14.1421
      vertex -49.8 77.3205 -2.94154
      vertex -50 76.9205 -2.59513
    endloop
  endfacet
  facet normal 0.353553 0.707107 -0.612372
    outer loop
      vertex -69.8 77.3205 -14.4885
      vertex -70 77.7205 -14.1421
      vertex -50 77.7205 -2.59513
    endloop
  endfacet
  facet normal 0.353553 0.707107 -0.612372
    outer loop
      vertex -69.8 77.3205 -14.4885
      vertex -50 77.7205 -2.59513
      vertex -49.8 77.3205 -2.94154
    endloop
  endfacet
  facet normal -0.353553 0.612372 -0.707107
    outer loop
      vertex -70 77.3205 -14.5421
      vertex -70.2 77.6669 -14.1421
      vertex -52.8795 87.6669 -14.1421
    endloop
  endfacet
  facet normal -0.353553 0.612372 -0.707107
    outer loop
      vertex -70 77.3205 -14.5421
      vertex -52.8795 87.6669 -14.1421
      vertex -52.6795 87.3205 -14.5421
    endloop
  endfacet
  facet normal -0.353553 0.612372 0.707107
    outer loop
      vertex -70.2 77.6669 -14.1421
      vertex -70 77.3205 -13.7421
      vertex -52.6795 87.3205 -13.7421
    endloop
  endfacet
  facet normal -0.353553 0.612372 0.707107
    outer loop
      vertex -70.2 77.6669 -14.1421
      vertex -52.6795 87.3205 -13.7421
      vertex -52.8795 87.6669 -14.1421
    endloop
  endfacet
  facet normal 0.353553 -0.612372 0.707107
    outer loop
      vertex -70 77.3205 -13.7421
      vertex -69.8 76.9741 -14.1421
      vertex -52.4795 86.9741 -14.1421
    endloop
  endfacet
  facet normal 0.353553 -0.612372 0.707107
    outer loop
      vertex -70 77.3205 -13.7421
      vertex -52.4795 86.9741 -14.1421
      vertex -52.6795 87.3205 -13.7421
    endloop
  endfacet
  facet normal 0.353553 -0.612372 -0.707107
    outer loop
      vertex -69.8 76.9741 -14.1421
      vertex -70 77.3205 -14.5421
      vertex -52.6795 87.3205 -14.5421
    endloop
  endfacet
  facet normal 0.353553 -0.612372 -0.707107
    outer loop
      vertex -69.8 76.9741 -14.1421
      vertex -52.6795 87.3205 -14.5421
      vertex -52.4795 86.9741 -14.1421
    endloop
  endfacet
  facet normal -0.645497 -0.67082 -0.365148
    outer loop
      vertex -70 77.0675 -14.452
      vertex -70.3651 77.194 -14.0389
      vertex -80.3651 94.5145 -28.181
    endloop
  endfacet
  facet normal -0.645497 -0.67082 -0.365148
    outer loop
      vertex -70 77.0675 -14.452
      vertex -80.3651 94.5145 -28.181
      vertex -80 94.388 -28.5941
    endloop
  endfacet
  facet normal -0.645497 0.223607 0.730297
    outer loop
      vertex -70.3651 77.194 -14.0389
      vertex -70 77.5735 -13.8323
      vertex -80 94.894 -27.9744
    endloop
  endfacet
  facet normal -0.645497 0.223607 0.730297
    outer loop
      vertex -70.3651 77.194 -14.0389
      vertex -80 94.894 -27.9744
      vertex -80.3651 94.5145 -28.181
    endloop
  endfacet
  facet normal 0.645497 0.67082 0.365148
    outer loop
      vertex -70 77.5735 -13.8323
      vertex -69.6349 77.447 -14.2454
      vertex -79.6349 94.7675 -28.3876
    endloop
  endfacet
  facet normal 0.645497 0.67082 0.365148
    outer loop
      vertex -70 77.5735 -13.8323
      vertex -79.6349 94.7675 -28.3876
      vertex -80 94.894 -27.9744
    endloop
  endfacet
  facet normal 0.645497 -0.223607 -0.730297
    outer loop
      vertex -69.6349 77.447 -14.2454
      vertex -70 77.0675 -14.452
      vertex -80 94.388 -28.5941
    endloop
  endfacet
  facet normal 0.645497 -0.223607 -0.730297
    outer loop
      vertex -69.6349 77.447 -14.2454
      vertex -80 94.388 -28.5941
      vertex -79.6349 94.7675 -28.3876
    endloop
  endfacet
  facet normal -0.353553 0.707107 0.612372
    outer loop
      vertex -80 95.041 -28.2843
      vertex -80.2 94.641 -27.9379
      vertex -60.2 94.641 -16.3909
    endloop
  endfacet
  facet normal -0.353553 0.707107 0.612372
    outer loop
      vertex -80 95.041 -28.2843
      vertex -60.2 94.641 -16.3909
      vertex -60 95.041 -16.7373
    endloop
  endfacet
  facet normal -0.353553 -0.707107 0.612372
    outer loop
      vertex -80.2 94.641 -27.9379
      vertex -80 94.241 -28.2843
      vertex -60 94.241 -16.7373
    endloop
  endfacet
  facet normal -0.353553 -0.707107 0.612372
    outer loop
      vertex -80.2 94.641 -27.9379
      vertex -60 94.241 -16.7373
      vertex -60.2 94.641 -16.3909
    endloop
  endfacet
  facet normal 0.353553 -0.707107 -0.612372
    outer loop
      vertex -80 94.241 -28.2843
      vertex -79.8 94.641 -28.6307
      vertex -59.8 94.641 -17.0837
    endloop
  endfacet
  facet normal 0.353553 -0.707107 -0.612372
    outer loop
      vertex -80 94.241 -28.2843
      vertex -59.8 94.641 -17.0837
      vertex -60 94.241 -16.7373
    endloop
  endfacet
  facet normal 0.353553 0.707107 -0.612372
    outer loop
      vertex -79.8 94.641 -28.6307
      vertex -80 95.041 -28.2843
      vertex -60 95.041 -16.7373
    endloop
  endfacet
  facet normal 0.353553 0.707107 -0.612372
    outer loop
      vertex -79.8 94.641 -28.6307
      vertex -60 95.041 -16.7373
      vertex -59.8 94.641 -17.0837
    endloop
  endfacet
  facet normal -0.353553 0.612372 -0.707107
    outer loop
      vertex -80 94.641 -28.6843
      vertex -80.2 94.9874 -28.2843
      vertex -62.8795 104.987 -28.2843
    endloop
  endfacet
  facet normal -0.353553 0.612372 -0.707107
    outer loop
      vertex -80 94.641 -28.6843
      vertex -62.8795 104.987 -28.2843
      vertex -62.6795 104.641 -28.6843
    endloop
  endfacet
  facet normal -0.353553 0.612372 0.707107
    outer loop
      vertex -80.2 94.9874 -28.2843
      vertex -80 94.641 -27.8843
      vertex -62.6795 104.641 -27.8843
    endloop
  endfacet
  facet normal -0.353553 0.612372 0.707107
    outer loop
      vertex -80.2 94.9874 -28.2843
      vertex -62.6795 104.641 -27.8843
      vertex -62.8795 104.987 -28.2843
    endloop
  endfacet
  facet normal 0.353553 -0.612372 0.707107
    outer loop
      vertex -80 94.641 -27.8843
      vertex -79.8 94.2946 -28.2843
      vertex -62.4795 104.295 -28.2843
    endloop
  endfacet
  facet normal 0.353553 -0.612372 0.707107
    outer loop
      vertex -80 94.641 -27.8843
      vertex -62.4795 104.295 -28.2843
      vertex -62.6795 104.641 -27.8843
    endloop
  endfacet
  facet normal 0.353553 -0.612372 -0.707107
    outer loop
      vertex -79.8 94.2946 -28.2843
      vertex -80 94.641 -28.6843
      vertex -62.6795 104.641 -28.6843
    endloop
  endfacet
  facet normal 0.353553 -0.612372 -0.707107
    outer loop
      vertex -79.8 94.2946 -28.2843
      vertex -62.6795 104.641 -28.6843
      vertex -62.4795 104.295 -28.2843
    endloop
  endfacet
  facet normal -0.707107 0.353553 -0.612372
    outer loop
      vertex -80 94.841 -28.6307
      vertex -80.4 94.641 -28.2843
      vertex -80.4 114.641 -16.7373
    endloop
  endfacet
  facet normal -0.707107 0.353553 -0.612372
    outer loop
      vertex -80 94.841 -28.6307
      vertex -80.4 114.641 -16.7373
      vertex -80 114.841 -17.0837
    endloop
  endfacet
  facet normal -0.707107 -0.353553 0.612372
    outer loop
      vertex -80.4 94.641 -28.2843
      vertex -80 94.441 -27.9379
      vertex -80 114.441 -16.3909
    endloop
  endfacet
  facet normal -0.707107 -0.353553 0.612372
    outer loop
      vertex -80.4 94.641 -28.2843
      vertex -80 114.441 -16.3909
      vertex -80.4 114.641 -16.7373
    endloop
  endfacet
  facet normal 0.707107 -0.353553 0.612372
    outer loop
      vertex -80 94.441 -27.9379
      vertex -79.6 94.641 -28.2843
      vertex -79.6 114.641 -16.7373
    endloop
  endfacet
  facet normal 0.707107 -0.353553 0.612372
    outer loop
      vertex -80 94.441 -27.9379
      vertex -79.6 114.641 -16.7373
      vertex -80 114.441 -16.3909
    endloop
  endfacet
  facet normal 0.707107 0.353553 -0.612372
    outer loop
      vertex -79.6 94.641 -28.2843
      vertex -80 94.841 -28.6307
      vertex -80 114.841 -17.0837
    endloop
  endfacet
  facet normal 0.707107 0.353553 -0.612372
    outer loop
      vertex -79.6 94.641 -28.2843
      vertex -80 114.841 -17.0837
      vertex -79.6 114.641 -16.7373
    endloop
  endfacet
  facet normal -0.353553 0.707107 0.612372
    outer loop
      vertex -12.6795 -101.562 -26.8556
      vertex -12.8795 -101.962 -26.5092
      vertex 7.12051 -101.962 -14.9622
    endloop
  endfacet
  facet normal -0.353553 0.707107 0.612372
    outer loop
      vertex -12.6795 -101.562 -26.8556
      vertex 7.12051 -101.962 -14.9622
      vertex 7.32051 -101.562 -15.3086
    endloop
  endfacet
  facet normal -0.353553 -0.707107 0.612372
    outer loop
      vertex -12.8795 -101.962 -26.5092
      vertex -12.6795 -102.362 -26.8556
      vertex 7.32051 -102.362 -15.3086
    endloop
  endfacet
  facet normal -0.353553 -0.707107 0.612372
    outer loop
      vertex -12.8795 -101.962 -26.5092
      vertex 7.32051 -102.362 -15.3086
      vertex 7.12051 -101.962 -14.9622
    endloop
  endfacet
  facet normal 0.353553 -0.707107 -0.612372
    outer loop
      vertex -12.6795 -102.362 -26.8556
      vertex -12.4795 -101.962 -27.202
      vertex 7.52051 -101.962 -15.655
    endloop
  endfacet
  facet normal 0.353553 -0.707107 -0.612372
    outer loop
      vertex -12.6795 -102.362 -26.8556
      vertex 7.52051 -101.962 -15.655
      vertex 7.32051 -102.362 -15.3086
    endloop
  endfacet
  facet normal 0.353553 0.707107 -0.612372
    outer loop
      vertex -12.4795 -101.962 -27.202
      vertex -12.6795 -101.562 -26.8556
      vertex 7.32051 -101.562 -15.3086
    endloop
  endfacet
  facet normal 0.353553 0.707107 -0.612372
    outer loop
      vertex -12.4795 -101.962 -27.202
      vertex 7.32051 -101.562 -15.3086
      vertex 7.52051 -101.962 -15.655
    endloop
  endfacet
  facet normal -0.353553 0.612372 -0.707107
    outer loop
      vertex -12.6795 -101.962 -27.2556
      vertex -12.8795 -101.615 -26.8556
      vertex 4.44102 -91.6151 -26.8556
    endloop
  endfacet
  facet normal -0.353553 0.612372 -0.707107
    outer loop
      vertex -12.6795 -101.962 -27.2556
      vertex 4.44102 -91.6151 -26.8556
      vertex 4.64102 -91.9615 -27.2556
    endloop
  endfacet
  facet normal -0.353553 0.612372 0.707107
    outer loop
      vertex -12.8795 -101.615 -26.8556
      vertex -12.6795 -101.962 -26.4556
      vertex 4.64102 -91.9615 -26.4556
    endloop
  endfacet
  facet normal -0.353553 0.612372 0.707107
    outer loop
      vertex -12.8795 -101.615 -26.8556
      vertex 4.64102 -91.9615 -26.4556
      vertex 4.44102 -91.6151 -26.8556
    endloop
  endfacet
  facet normal 0.353553 -0.612372 0.707107
    outer loop
      vertex -12.6795 -101.962 -26.4556
      vertex -12.4795 -102.308 -26.8556
      vertex 4.84102 -92.3079 -26.8556
    endloop
  endfacet
  facet normal 0.353553 -0.612372 0.707107
    outer loop
      vertex -12.6795 -101.962 -26.4556
      vertex 4.84102 -92.3079 -26.8556
      vertex 4.64102 -91.9615 -26.4556
    endloop
  endfacet
  facet normal 0.353553 -0.612372 -0.707107
    outer loop
      vertex -12.4795 -102.308 -26.8556
      vertex -12.6795 -101.962 -27.2556
      vertex 4.64102 -91.9615 -27.2556
    endloop
  endfacet
  facet normal 0.353553 -0.612372 -0.707107
    outer loop
      vertex -12.4795 -102.308 -26.8556
      vertex 4.64102 -91.9615 -27.2556
      vertex 4.84102 -92.3079 -26.8556
    endloop
  endfacet
  facet normal -0.645497 -0.67082 -0.365148
    outer loop
      vertex -12.6795 -102.215 -27.1655
      vertex -13.0446 -102.088 -26.7523
      vertex -23.0446 -84.7675 -40.8945
    endloop
  endfacet
  facet normal -0.645497 -0.67082 -0.365148
    outer loop
      vertex -12.6795 -102.215 -27.1655
      vertex -23.0446 -84.7675 -40.8945
      vertex -22.6795 -84.894 -41.3076
    endloop
  endfacet
  facet normal -0.645497 0.223607 0.730297
    outer loop
      vertex -13.0446 -102.088 -26.7523
      vertex -12.6795 -101.709 -26.5458
      vertex -22.6795 -84.388 -40.6879
    endloop
  endfacet
  facet normal -0.645497 0.223607 0.730297
    outer loop
      vertex -13.0446 -102.088 -26.7523
      vertex -22.6795 -84.388 -40.6879
      vertex -23.0446 -84.7675 -40.8945
    endloop
  endfacet
  facet normal 0.645497 0.67082 0.365148
    outer loop
      vertex -12.6795 -101.709 -26.5458
      vertex -12.3143 -101.835 -26.9589
      vertex -22.3143 -84.5145 -41.101
    endloop
  endfacet
  facet normal 0.645497 0.67082 0.365148
    outer loop
      vertex -12.6795 -101.709 -26.5458
      vertex -22.3143 -84.5145 -41.101
      vertex -22.6795 -84.388 -40.6879
    endloop
  endfacet
  facet normal 0.645497 -0.223607 -0.730297
    outer loop
      vertex -12.3143 -101.835 -26.9589
      vertex -12.6795 -102.215 -27.1655
      vertex -22.6795 -84.894 -41.3076
    endloop
  endfacet
  facet normal 0.645497 -0.223607 -0.730297
    outer loop
      vertex -12.3143 -101.835 -26.9589
      vertex -22.6795 -84.894 -41.3076
      vertex -22.3143 -84.5145 -41.101
    endloop
  endfacet
  facet normal -0.353553 0.707107 0.612372
    outer loop
      vertex -22.6795 -84.241 -40.9978
      vertex -22.8795 -84.641 -40.6514
      vertex -2.87949 -84.641 -29.1043
    endloop
  endfacet
  facet normal -0.353553 0.707107 0.612372
    outer loop
      vertex -22.6795 -84.241 -40.9978
      vertex -2.87949 -84.641 -29.1043
      vertex -2.67949 -84.241 -29.4508
    endloop
  endfacet
  facet normal -0.353553 -0.707107 0.612372
    outer loop
      vertex -22.8795 -84.641 -40.6514
      vertex -22.6795 -85.041 -40.9978
      vertex -2.67949 -85.041 -29.4508
    endloop
  endfacet
  facet normal -0.353553 -0.707107 0.612372
    outer loop
      vertex -22.8795 -84.641 -40.6514
      vertex -2.67949 -85.041 -29.4508
      vertex -2.87949 -84.641 -29.1043
    endloop
  endfacet
  facet normal 0.353553 -0.707107 -0.612372
    outer loop
      vertex -22.6795 -85.041 -40.9978
      vertex -22.4795 -84.641 -41.3442
      vertex -2.47949 -84.641 -29.7972
    endloop
  endfacet
  facet normal 0.353553 -0.707107 -0.612372
    outer loop
      vertex -22.6795 -85.041 -40.9978
      vertex -2.47949 -84.641 -29.7972
      vertex -2.67949 -85.041 -29.4508
    endloop
  endfacet
  facet normal 0.353553 0.707107 -0.612372
    outer loop
      vertex -22.4795 -84.641 -41.3442
      vertex -22.6795 -84.241 -40.9978
      vertex -2.67949 -84.241 -29.4508
    endloop
  endfacet
  facet normal 0.353553 0.707107 -0.612372
    outer loop
      vertex -22.4795 -84.641 -41.3442
      vertex -2.67949 -84.241 -29.4508
      vertex -2.47949 -84.641 -29.7972
    endloop
  endfacet
  facet normal -0.353553 0.612372 -0.707107
    outer loop
      vertex -22.6795 -84.641 -41.3978
      vertex -22.8795 -84.2946 -40.9978
      vertex -5.55898 -74.2946 -40.9978
    endloop
  endfacet
  facet normal -0.353553 0.612372 -0.707107
    outer loop
      vertex -22.6795 -84.641 -41.3978
      vertex -5.55898 -74.2946 -40.9978
      vertex -5.35898 -74.641 -41.3978
    endloop
  endfacet
  facet normal -0.353553 0.612372 0.707107
    outer loop
      vertex -22.8795 -84.2946 -40.9978
      vertex -22.6795 -84.641 -40.5978
      vertex -5.35898 -74.641 -40.5978
    endloop
  endfacet
  facet normal -0.353553 0.612372 0.707107
    outer loop
      vertex -22.8795 -84.2946 -40.9978
      vertex -5.35898 -74.641 -40.5978
      vertex -5.55898 -74.2946 -40.9978
    endloop
  endfacet
  facet normal 0.353553 -0.612372 0.707107
    outer loop
      vertex -22.6795 -84.641 -40.5978
      vertex -22.4795 -84.9874 -40.9978
      vertex -5.15898 -74.9874 -40.9978
    endloop
  endfacet
  facet normal 0.353553 -0.612372 0.707107
    outer loop
      vertex -22.6795 -84.641 -40.5978
      vertex -5.15898 -74.9874 -40.9978
      vertex -5.35898 -74.641 -40.5978
    endloop
  endfacet
  facet normal 0.353553 -0.612372 -0.707107
    outer loop
      vertex -22.4795 -84.9874 -40.9978
      vertex -22.6795 -84.641 -41.3978
      vertex -5.35898 -74.641 -41.3978
    endloop
  endfacet
  facet normal 0.353553 -0.612372 -0.707107
    outer loop
      vertex -22.4795 -84.9874 -40.9978
      vertex -5.35898 -74.641 -41.3978
      vertex -5.15898 -74.9874 -40.9978
    endloop
  endfacet
  facet normal -0.707107 0.353553 -0.612372
    outer loop
      vertex -22.6795 -84.441 -41.3442
      vertex -23.0795 -84.641 -40.9978
      vertex -23.0795 -64.641 -29.4508
    endloop
  endfacet
  facet normal -0.707107 0.353553 -0.612372
    outer loop
      vertex -22.6795 -84.441 -41.3442
      vertex -23.0795 -64.641 -29.4508
      vertex -22.6795 -64.441 -29.7972
    endloop
  endfacet
  facet normal -0.707107 -0.353553 0.612372
    outer loop
      vertex -23.0795 -84.641 -40.9978
      vertex -22.6795 -84.841 -40.6514
      vertex -22.6795 -64.841 -29.1043
    endloop
  endfacet
  facet normal -0.707107 -0.353553 0.612372
    outer loop
      vertex -23.0795 -84.641 -40.9978
      vertex -22.6795 -64.841 -29.1043
      vertex -23.0795 -64.641 -29.4508
    endloop
  endfacet
  facet normal 0.707107 -0.353553 0.612372
    outer loop
      vertex -22.6795 -84.841 -40.6514
      vertex -22.2795 -84.641 -40.9978
      vertex -22.2795 -64.641 -29.4508
    endloop
  endfacet
  facet normal 0.707107 -0.353553 0.612372
    outer loop
      vertex -22.6795 -84.841 -40.6514
      vertex -22.2795 -64.641 -29.4508
      vertex -22.6795 -64.841 -29.1043
    endloop
  endfacet
  facet normal 0.707107 0.353553 -0.612372
    outer loop
      vertex -22.2795 -84.641 -40.9978
      vertex -22.6795 -84.441 -41.3442
      vertex -22.6795 -64.441 -29.7972
    endloop
  endfacet
  facet normal 0.707107 0.353553 -0.612372
    outer loop
      vertex -22.2795 -84.641 -40.9978
      vertex -22.6795 -64.441 -29.7972
      vertex -22.2795 -64.641 -29.4508
    endloop
  endfacet
  facet normal -0.353553 0.707107 0.612372
    outer loop
      vertex -22.6795 -64.241 -29.4508
      vertex -22.8795 -64.641 -29.1043
      vertex -2.87949 -64.641 -17.5573
    endloop
  endfacet
  facet normal -0.353553 0.707107 0.612372
    outer loop
      vertex -22.6795 -64.241 -29.4508
      vertex -2.87949 -64.641 -17.5573
      vertex -2.67949 -64.241 -17.9038
    endloop
  endfacet
  facet normal -0.353553 -0.707107 0.612372
    outer loop
      vertex -22.8795 -64.641 -29.1043
      vertex -22.6795 -65.041 -29.4508
      vertex -2.67949 -65.041 -17.9038
    endloop
  endfacet
  facet normal -0.353553 -0.707107 0.612372
    outer loop
      vertex -22.8795 -64.641 -29.1043
      vertex -2.67949 -65.041 -17.9038
      vertex -2.87949 -64.641 -17.5573
    endloop
  endfacet
  facet normal 0.353553 -0.707107 -0.612372
    outer loop
      vertex -22.6795 -65.041 -29.4508
      vertex -22.4795 -64.641 -29.7972
      vertex -2.47949 -64.641 -18.2502
    endloop
  endfacet
  facet normal 0.353553 -0.707107 -0.612372
    outer loop
      vertex -22.6795 -65.041 -29.4508
      vertex -2.47949 -64.641 -18.2502
      vertex -2.67949 -65.041 -17.9038
    endloop
  endfacet
  facet normal 0.353553 0.707107 -0.612372
    outer loop
      vertex -22.4795 -64.641 -29.7972
      vertex -22.6795 -64.241 -29.4508
      vertex -2.67949 -64.241 -17.9038
    endloop
  endfacet
  facet normal 0.353553 0.707107 -0.612372
    outer loop
      vertex -22.4795 -64.641 -29.7972
      vertex -2.67949 -64.241 -17.9038
      vertex -2.47949 -64.641 -18.2502
    endloop
  endfacet
  facet normal -0.353553 0.612372 -0.707107
    outer loop
      vertex -22.6795 -64.641 -29.8508
      vertex -22.8795 -64.2946 -29.4508
      vertex -5.55898 -54.2946 -29.4508
    endloop
  endfacet
  facet normal -0.353553 0.612372 -0.707107
    outer loop
      vertex -22.6795 -64.641 -29.8508
      vertex -5.55898 -54.2946 -29.4508
      vertex -5.35898 -54.641 -29.8508
    endloop
  endfacet
  facet normal -0.353553 0.612372 0.707107
    outer loop
      vertex -22.8795 -64.2946 -29.4508
      vertex -22.6795 -64.641 -29.0508
      vertex -5.35898 -54.641 -29.0508
    endloop
  endfacet
  facet normal -0.353553 0.612372 0.707107
    outer loop
      vertex -22.8795 -64.2946 -29.4508
      vertex -5.35898 -54.641 -29.0508
      vertex -5.55898 -54.2946 -29.4508
    endloop
  endfacet
  facet normal 0.353553 -0.612372 0.707107
    outer loop
      vertex -22.6795 -64.641 -29.0508
      vertex -22.4795 -64.9874 -29.4508
      vertex -5.15898 -54.9874 -29.4508
    endloop
  endfacet
  facet normal 0.353553 -0.612372 0.707107
    outer loop
      vertex -22.6795 -64.641 -29.0508
      vertex -5.15898 -54.9874 -29.4508
      vertex -5.35898 -54.641 -29.0508
    endloop
  endfacet
  facet normal 0.353553 -0.612372 -0.707107
    outer loop
      vertex -22.4795 -64.9874 -29.4508
      vertex -22.6795 -64.641 -29.8508
      vertex -5.35898 -54.641 -29.8508
    endloop
  endfacet
  facet normal 0.353553 -0.612372 -0.707107
    outer loop
      vertex -22.4795 -64.9874 -29.4508
      vertex -5.35898 -54.641 -29.8508
      vertex -5.15898 -54.9874 -29.4508
    endloop
  endfacet
  facet normal -0.707107 0.353553 -0.612372
    outer loop
      vertex -22.6795 -64.441 -29.7972
      vertex -23.0795 -64.641 -29.4508
      vertex -23.0795 -44.641 -17.9038
    endloop
  endfacet
  facet normal -0.707107 0.353553 -0.612372
    outer loop
      vertex -22.6795 -64.441 -29.7972
      vertex -23.0795 -44.641 -17.9038
      vertex -22.6795 -44.441 -18.2502
    endloop
  endfacet
  facet normal -0.707107 -0.353553 0.612372
    outer loop
      vertex -23.0795 -64.641 -29.4508
      vertex -22.6795 -64.841 -29.1043
      vertex -22.6795 -44.841 -17.5573
    endloop
  endfacet
  facet normal -0.707107 -0.353553 0.612372
    outer loop
      vertex -23.0795 -64.641 -29.4508
      vertex -22.6795 -44.841 -17.5573
      vertex -23.0795 -44.641 -17.9038
    endloop
  endfacet
  facet normal 0.707107 -0.353553 0.612372
    outer loop
      vertex -22.6795 -64.841 -29.1043
      vertex -22.2795 -64.641 -29.4508
      vertex -22.2795 -44.641 -17.9038
    endloop
  endfacet
  facet normal 0.707107 -0.353553 0.612372
    outer loop
      vertex -22.6795 -64.841 -29.1043
      vertex -22.2795 -44.641 -17.9038
      vertex -22.6795 -44.841 -17.5573
    endloop
  endfacet
  facet normal 0.707107 0.353553 -0.612372
    outer loop
      vertex -22.2795 -64.641 -29.4508
      vertex -22.6795 -64.441 -29.7972
      vertex -22.6795 -44.441 -18.2502
    endloop
  endfacet
  facet normal 0.707107 0.353553 -0.612372
    outer loop
      vertex -22.2795 -64.641 -29.4508
      vertex -22.6795 -44.441 -18.2502
      vertex -22.2795 -44.641 -17.9038
    endloop
  endfacet
  facet normal -0.645497 -0.67082 -0.365148
    outer loop
      vertex -22.6795 -64.894 -29.7606
      vertex -23.0446 -64.7675 -29.3475
      vertex -33.0446 -47.447 -43.4896
    endloop
  endfacet
  facet normal -0.645497 -0.67082 -0.365148
    outer loop
      vertex -22.6795 -64.894 -29.7606
      vertex -33.0446 -47.447 -43.4896
      vertex -32.6795 -47.5735 -43.9027
    endloop
  endfacet
  facet normal -0.645497 0.223607 0.730297
    outer loop
      vertex -23.0446 -64.7675 -29.3475
      vertex -22.6795 -64.388 -29.1409
      vertex -32.6795 -47.0675 -43.2831
    endloop
  endfacet
  facet normal -0.645497 0.223607 0.730297
    outer loop
      vertex -23.0446 -64.7675 -29.3475
      vertex -32.6795 -47.0675 -43.2831
      vertex -33.0446 -47.447 -43.4896
    endloop
  endfacet
  facet normal 0.645497 0.67082 0.365148
    outer loop
      vertex -22.6795 -64.388 -29.1409
      vertex -22.3143 -64.5145 -29.554
      vertex -32.3143 -47.194 -43.6962
    endloop
  endfacet
  facet normal 0.645497 0.67082 0.365148
    outer loop
      vertex -22.6795 -64.388 -29.1409
      vertex -32.3143 -47.194 -43.6962
      vertex -32.6795 -47.0675 -43.2831
    endloop
  endfacet
  facet normal 0.645497 -0.223607 -0.730297
    outer loop
      vertex -22.3143 -64.5145 -29.554
      vertex -22.6795 -64.894 -29.7606
      vertex -32.6795 -47.5735 -43.9027
    endloop
  endfacet
  facet normal 0.645497 -0.223607 -0.730297
    outer loop
      vertex -22.3143 -64.5145 -29.554
      vertex -32.6795 -47.5735 -43.9027
      vertex -32.3143 -47.194 -43.6962
    endloop
  endfacet
  facet normal -0.353553 0.707107 0.612372
    outer loop
      vertex -32.6795 -46.9205 -43.5929
      vertex -32.8795 -47.3205 -43.2465
      vertex -12.8795 -47.3205 -31.6995
    endloop
  endfacet
  facet normal -0.353553 0.707107 0.612372
    outer loop
      vertex -32.6795 -46.9205 -43.5929
      vertex -12.8795 -47.3205 -31.6995
      vertex -12.6795 -46.9205 -32.0459
    endloop
  endfacet
  facet normal -0.353553 -0.707107 0.612372
    outer loop
      vertex -32.8795 -47.3205 -43.2465
      vertex -32.6795 -47.7205 -43.5929
      vertex -12.6795 -47.7205 -32.0459
    endloop
  endfacet
  facet normal -0.353553 -0.707107 0.612372
    outer loop
      vertex -32.8795 -47.3205 -43.2465
      vertex -12.6795 -47.7205 -32.0459
      vertex -12.8795 -47.3205 -31.6995
    endloop
  endfacet
  facet normal 0.353553 -0.707107 -0.612372
    outer loop
      vertex -32.6795 -47.7205 -43.5929
      vertex -32.4795 -47.3205 -43.9393
      vertex -12.4795 -47.3205 -32.3923
    endloop
  endfacet
  facet normal 0.353553 -0.707107 -0.612372
    outer loop
      vertex -32.6795 -47.7205 -43.5929
      vertex -12.4795 -47.3205 -32.3923
      vertex -12.6795 -47.7205 -32.0459
    endloop
  endfacet
  facet normal 0.353553 0.707107 -0.612372
    outer loop
      vertex -32.4795 -47.3205 -43.9393
      vertex -32.6795 -46.9205 -43.5929
      vertex -12.6795 -46.9205 -32.0459
    endloop
  endfacet
  facet normal 0.353553 0.707107 -0.612372
    outer loop
      vertex -32.4795 -47.3205 -43.9393
      vertex -12.6795 -46.9205 -32.0459
      vertex -12.4795 -47.3205 -32.3923
    endloop
  endfacet
  facet normal -0.353553 0.612372 -0.707107
    outer loop
      vertex -32.6795 -47.3205 -43.9929
      vertex -32.8795 -46.9741 -43.5929
      vertex -15.559 -36.9741 -43.5929
    endloop
  endfacet
  facet normal -0.353553 0.612372 -0.707107
    outer loop
      vertex -32.6795 -47.3205 -43.9929
      vertex -15.559 -36.9741 -43.5929
      vertex -15.359 -37.3205 -43.9929
    endloop
  endfacet
  facet normal -0.353553 0.612372 0.707107
    outer loop
      vertex -32.8795 -46.9741 -43.5929
      vertex -32.6795 -47.3205 -43.1929
      vertex -15.359 -37.3205 -43.1929
    endloop
  endfacet
  facet normal -0.353553 0.612372 0.707107
    outer loop
      vertex -32.8795 -46.9741 -43.5929
      vertex -15.359 -37.3205 -43.1929
      vertex -15.559 -36.9741 -43.5929
    endloop
  endfacet
  facet normal 0.353553 -0.612372 0.707107
    outer loop
      vertex -32.6795 -47.3205 -43.1929
      vertex -32.4795 -47.6669 -43.5929
      vertex -15.159 -37.6669 -43.5929
    endloop
  endfacet
  facet normal 0.353553 -0.612372 0.707107
    outer loop
      vertex -32.6795 -47.3205 -43.1929
      vertex -15.159 -37.6669 -43.5929
      vertex -15.359 -37.3205 -43.1929
    endloop
  endfacet
  facet normal 0.353553 -0.612372 -0.707107
    outer loop
      vertex -32.4795 -47.6669 -43.5929
      vertex -32.6795 -47.3205 -43.9929
      vertex -15.359 -37.3205 -43.9929
    endloop
  endfacet
  facet normal 0.353553 -0.612372 -0.707107
    outer loop
      vertex -32.4795 -47.6669 -43.5929
      vertex -15.359 -37.3205 -43.9929
      vertex -15.159 -37.6669 -43.5929
    endloop
  endfacet
  facet normal -0.707107 0.353553 -0.612372
    outer loop
      vertex -32.6795 -47.1205 -43.9393
      vertex -33.0795 -47.3205 -43.5929
      vertex -33.0795 -27.3205 -32.0459
    endloop
  endfacet
  facet normal -0.707107 0.353553 -0.612372
    outer loop
      vertex -32.6795 -47.1205 -43.9393
      vertex -33.0795 -27.3205 -32.0459
      vertex -32.6795 -27.1205 -32.3923
    endloop
  endfacet
  facet normal -0.707107 -0.353553 0.612372
    outer loop
      vertex -33.0795 -47.3205 -43.5929
      vertex -32.6795 -47.5205 -43.2465
      vertex -32.6795 -27.5205 -31.6995
    endloop
  endfacet
  facet normal -0.707107 -0.353553 0.612372
    outer loop
      vertex -33.0795 -47.3205 -43.5929
      vertex -32.6795 -27.5205 -31.6995
      vertex -33.0795 -27.3205 -32.0459
    endloop
  endfacet
  facet normal 0.707107 -0.353553 0.612372
    outer loop
      vertex -32.6795 -47.5205 -43.2465
      vertex -32.2795 -47.3205 -43.5929
      vertex -32.2795 -27.3205 -32.0459
    endloop
  endfacet
  facet normal 0.707107 -0.353553 0.612372
    outer loop
      vertex -32.6795 -47.5205 -43.2465
      vertex -32.2795 -27.3205 -32.0459
      vertex -32.6795 -27.5205 -31.6995
    endloop
  endfacet
  facet normal 0.707107 0.353553 -0.612372
    outer loop
      vertex -32.2795 -47.3205 -43.5929
      vertex -32.6795 -47.1205 -43.9393
      vertex -32.6795 -27.1205 -32.3923
    endloop
  endfacet
  facet normal 0.707107 0.353553 -0.612372
    outer loop
      vertex -32.2795 -47.3205 -43.5929
      vertex -32.6795 -27.1205 -32.3923
      vertex -32.2795 -27.3205 -32.0459
    endloop
  endfacet
  facet normal -0.645497 -0.67082 -0.365148
    outer loop
      vertex -22.6795 -44.894 -18.2136
      vertex -23.0446 -44.7675 -17.8005
      vertex -33.0446 -27.447 -31.9426
    endloop
  endfacet
  facet normal -0.645497 -0.67082 -0.365148
    outer loop
      vertex -22.6795 -44.894 -18.2136
      vertex -33.0446 -27.447 -31.9426
      vertex -32.6795 -27.5735 -32.3557
    endloop
  endfacet
  facet normal -0.645497 0.223607 0.730297
    outer loop
      vertex -23.0446 -44.7675 -17.8005
      vertex -22.6795 -44.388 -17.5939
      vertex -32.6795 -27.0675 -31.736
    endloop
  endfacet
  facet normal -0.645497 0.223607 0.730297
    outer loop
      vertex -23.0446 -44.7675 -17.8005
      vertex -32.6795 -27.0675 -31.736
      vertex -33.0446 -27.447 -31.9426
    endloop
  endfacet
  facet normal 0.645497 0.67082 0.365148
    outer loop
      vertex -22.6795 -44.388 -17.5939
      vertex -22.3143 -44.5145 -18.007
      vertex -32.3143 -27.194 -32.1492
    endloop
  endfacet
  facet normal 0.645497 0.67082 0.365148
    outer loop
      vertex -22.6795 -44.388 -17.5939
      vertex -32.3143 -27.194 -32.1492
      vertex -32.6795 -27.0675 -31.736
    endloop
  endfacet
  facet normal 0.645497 -0.223607 -0.730297
    outer loop
      vertex -22.3143 -44.5145 -18.007
      vertex -22.6795 -44.894 -18.2136
      vertex -32.6795 -27.5735 -32.3557
    endloop
  endfacet
  facet normal 0.645497 -0.223607 -0.730297
    outer loop
      vertex -22.3143 -44.5145 -18.007
      vertex -32.6795 -27.5735 -32.3557
      vertex -32.3143 -27.194 -32.1492
    endloop
  endfacet
  facet normal -0.353553 0.707107 0.612372
    outer loop
      vertex -32.6795 -26.9205 -32.0459
      vertex -32.8795 -27.3205 -31.6995
      vertex -12.8795 -27.3205 -20.1525
    endloop
  endfacet
  facet normal -0.353553 0.707107 0.612372
    outer loop
      vertex -32.6795 -26.9205 -32.0459
      vertex -12.8795 -27.3205 -20.1525
      vertex -12.6795 -26.9205 -20.4989
    endloop
  endfacet
  facet normal -0.353553 -0.707107 0.612372
    outer loop
      vertex -32.8795 -27.3205 -31.6995
      vertex -32.6795 -27.7205 -32.0459
      vertex -12.6795 -27.7205 -20.4989
    endloop
  endfacet
  facet normal -0.353553 -0.707107 0.612372
    outer loop
      vertex -32.8795 -27.3205 -31.6995
      vertex -12.6795 -27.7205 -20.4989
      vertex -12.8795 -27.3205 -20.1525
    endloop
  endfacet
  facet normal 0.353553 -0.707107 -0.612372
    outer loop
      vertex -32.6795 -27.7205 -32.0459
      vertex -32.4795 -27.3205 -32.3923
      vertex -12.4795 -27.3205 -20.8453
    endloop
  endfacet
  facet normal 0.353553 -0.707107 -0.612372
    outer loop
      vertex -32.6795 -27.7205 -32.0459
      vertex -12.4795 -27.3205 -20.8453
      vertex -12.6795 -27.7205 -20.4989
    endloop
  endfacet
  facet normal 0.353553 0.707107 -0.612372
    outer loop
      vertex -32.4795 -27.3205 -32.3923
      vertex -32.6795 -26.9205 -32.0459
      vertex -12.6795 -26.9205 -20.4989
    endloop
  endfacet
  facet normal 0.353553 0.707107 -0.612372
    outer loop
      vertex -32.4795 -27.3205 -32.3923
      vertex -12.6795 -26.9205 -20.4989
      vertex -12.4795 -27.3205 -20.8453
    endloop
  endfacet
  facet normal -0.353553 0.612372 -0.707107
    outer loop
      vertex -32.6795 -27.3205 -32.4459
      vertex -32.8795 -26.9741 -32.0459
      vertex -15.559 -16.9741 -32.0459
    endloop
  endfacet
  facet normal -0.353553 0.612372 -0.707107
    outer loop
      vertex -32.6795 -27.3205 -32.4459
      vertex -15.559 -16.9741 -32.0459
      vertex -15.359 -17.3205 -32.4459
    endloop
  endfacet
  facet normal -0.353553 0.612372 0.707107
    outer loop
      vertex -32.8795 -26.9741 -32.0459
      vertex -32.6795 -27.3205 -31.6459
      vertex -15.359 -17.3205 -31.6459
    endloop
  endfacet
  facet normal -0.353553 0.612372 0.707107
    outer loop
      vertex -32.8795 -26.9741 -32.0459
      vertex -15.359 -17.3205 -31.6459
      vertex -15.559 -16.9741 -32.0459
    endloop
  endfacet
  facet normal 0.353553 -0.612372 0.707107
    outer loop
      vertex -32.6795 -27.3205 -31.6459
      vertex -32.4795 -27.6669 -32.0459
      vertex -15.159 -17.6669 -32.0459
    endloop
  endfacet
  facet normal 0.353553 -0.612372 0.707107
    outer loop
      vertex -32.6795 -27.3205 -31.6459
      vertex -15.159 -17.6669 -32.0459
      vertex -15.359 -17.3205 -31.6459
    endloop
  endfacet
  facet normal 0.353553 -0.612372 -0.707107
    outer loop
      vertex -32.4795 -27.6669 -32.0459
      vertex -32.6795 -27.3205 -32.4459
      vertex -15.359 -17.3205 -32.4459
    endloop
  endfacet
  facet normal 0.353553 -0.612372 -0.707107
    outer loop
      vertex -32.4795 -27.6669 -32.0459
      vertex -15.359 -17.3205 -32.4459
      vertex -15.159 -17.6669 -32.0459
    endloop
  endfacet
  facet normal -0.707107 0.353553 -0.612372
    outer loop
      vertex -32.6795 -27.1205 -32.3923
      vertex -33.0795 -27.3205 -32.0459
      vertex -33.0795 -7.32051 -20.4989
    endloop
  endfacet
  facet normal -0.707107 0.353553 -0.612372
    outer loop
      vertex -32.6795 -27.1205 -32.3923
      vertex -33.0795 -7.32051 -20.4989
      vertex -32.6795 -7.12051 -20.8453
    endloop
  endfacet
  facet normal -0.707107 -0.353553 0.612372
    outer loop
      vertex -33.0795 -27.3205 -32.0459
      vertex -32.6795 -27.5205 -31.6995
      vertex -32.6795 -7.52051 -20.1525
    endloop
  endfacet
  facet normal -0.707107 -0.353553 0.612372
    outer loop
      vertex -33.0795 -27.3205 -32.0459
      vertex -32.6795 -7.52051 -20.1525
      vertex -33.0795 -7.32051 -20.4989
    endloop
  endfacet
  facet normal 0.707107 -0.353553 0.612372
    outer loop
      vertex -32.6795 -27.5205 -31.6995
      vertex -32.2795 -27.3205 -32.0459
      vertex -32.2795 -7.32051 -20.4989
    endloop
  endfacet
  facet normal 0.707107 -0.353553 0.612372
    outer loop
      vertex -32.6795 -27.5205 -31.6995
      vertex -32.2795 -7.32051 -20.4989
      vertex -32.6795 -7.52051 -20.1525
    endloop
  endfacet
  facet normal 0.707107 0.353553 -0.612372
    outer loop
      vertex -32.2795 -27.3205 -32.0459
      vertex -32.6795 -27.1205 -32.3923
      vertex -32.6795 -7.12051 -20.8453
    endloop
  endfacet
  facet normal 0.707107 0.353553 -0.612372
    outer loop
      vertex -32.2795 -27.3205 -32.0459
      vertex -32.6795 -7.12051 -20.8453
      vertex -32.2795 -7.32051 -20.4989
    endloop
  endfacet
  facet normal -0.645497 -0.67082 -0.365148
    outer loop
      vertex -32.6795 -27.5735 -32.3557
      vertex -33.0446 -27.447 -31.9426
      vertex -43.0446 -10.1265 -46.0847
    endloop
  endfacet
  facet normal -0.645497 -0.67082 -0.365148
    outer loop
      vertex -32.6795 -27.5735 -32.3557
      vertex -43.0446 -10.1265 -46.0847
      vertex -42.6795 -10.253 -46.4979
    endloop
  endfacet
  facet normal -0.645497 0.223607 0.730297
    outer loop
      vertex -33.0446 -27.447 -31.9426
      vertex -32.6795 -27.0675 -31.736
      vertex -42.6795 -9.74702 -45.8782
    endloop
  endfacet
  facet normal -0.645497 0.223607 0.730297
    outer loop
      vertex -33.0446 -27.447 -31.9426
      vertex -42.6795 -9.74702 -45.8782
      vertex -43.0446 -10.1265 -46.0847
    endloop
  endfacet
  facet normal 0.645497 0.67082 0.365148
    outer loop
      vertex -32.6795 -27.0675 -31.736
      vertex -32.3143 -27.194 -32.1492
      vertex -42.3143 -9.87351 -46.2913
    endloop
  endfacet
  facet normal 0.645497 0.67082 0.365148
    outer loop
      vertex -32.6795 -27.0675 -31.736
      vertex -42.3143 -9.87351 -46.2913
      vertex -42.6795 -9.74702 -45.8782
    endloop
  endfacet
  facet normal 0.645497 -0.223607 -0.730297
    outer loop
      vertex -32.3143 -27.194 -32.1492
      vertex -32.6795 -27.5735 -32.3557
      vertex -42.6795 -10.253 -46.4979
    endloop
  endfacet
  facet normal 0.645497 -0.223607 -0.730297
    outer loop
      vertex -32.3143 -27.194 -32.1492
      vertex -42.6795 -10.253 -46.4979
      vertex -42.3143 -9.87351 -46.2913
    endloop
  endfacet
  facet normal -0.353553 0.707107 0.612372
    outer loop
      vertex -42.6795 -9.6 -46.188
      vertex -42.8795 -10 -45.8416
      vertex -22.8795 -10 -34.2946
    endloop
  endfacet
  facet normal -0.353553 0.707107 0.612372
    outer loop
      vertex -42.6795 -9.6 -46.188
      vertex -22.8795 -10 -34.2946
      vertex -22.6795 -9.6 -34.641
    endloop
  endfacet
  facet normal -0.353553 -0.707107 0.612372
    outer loop
      vertex -42.8795 -10 -45.8416
      vertex -42.6795 -10.4 -46.188
      vertex -22.6795 -10.4 -34.641
    endloop
  endfacet
  facet normal -0.353553 -0.707107 0.612372
    outer loop
      vertex -42.8795 -10 -45.8416
      vertex -22.6795 -10.4 -34.641
      vertex -22.8795 -10 -34.2946
    endloop
  endfacet
  facet normal 0.353553 -0.707107 -0.612372
    outer loop
      vertex -42.6795 -10.4 -46.188
      vertex -42.4795 -10 -46.5344
      vertex -22.4795 -10 -34.9874
    endloop
  endfacet
  facet normal 0.353553 -0.707107 -0.612372
    outer loop
      vertex -42.6795 -10.4 -46.188
      vertex -22.4795 -10 -34.9874
      vertex -22.6795 -10.4 -34.641
    endloop
  endfacet
  facet normal 0.353553 0.707107 -0.612372
    outer loop
      vertex -42.4795 -10 -46.5344
      vertex -42.6795 -9.6 -46.188
      vertex -22.6795 -9.6 -34.641
    endloop
  endfacet
  facet normal 0.353553 0.707107 -0.612372
    outer loop
      vertex -42.4795 -10 -46.5344
      vertex -22.6795 -9.6 -34.641
      vertex -22.4795 -10 -34.9874
    endloop
  endfacet
  facet normal -0.353553 0.612372 -0.707107
    outer loop
      vertex -42.6795 -10 -46.588
      vertex -42.8795 -9.65359 -46.188
      vertex -25.559 0.34641 -46.188
    endloop
  endfacet
  facet normal -0.353553 0.612372 -0.707107
    outer loop
      vertex -42.6795 -10 -46.588
      vertex -25.559 0.34641 -46.188
      vertex -25.359 0 -46.588
    endloop
  endfacet
  facet normal -0.353553 0.612372 0.707107
    outer loop
      vertex -42.8795 -9.65359 -46.188
      vertex -42.6795 -10 -45.788
      vertex -25.359 4.2423e-17 -45.788
    endloop
  endfacet
  facet normal -0.353553 0.612372 0.707107
    outer loop
      vertex -42.8795 -9.65359 -46.188
      vertex -25.359 4.2423e-17 -45.788
      vertex -25.559 0.34641 -46.188
    endloop
  endfacet
  facet normal 0.353553 -0.612372 0.707107
    outer loop
      vertex -42.6795 -10 -45.788
      vertex -42.4795 -10.3464 -46.188
      vertex -25.159 -0.34641 -46.188
    endloop
  endfacet
  facet normal 0.353553 -0.612372 0.707107
    outer loop
      vertex -42.6795 -10 -45.788
      vertex -25.159 -0.34641 -46.188
      vertex -25.359 4.2423e-17 -45.788
    endloop
  endfacet
  facet normal 0.353553 -0.612372 -0.707107
    outer loop
      vertex -42.4795 -10.3464 -46.188
      vertex -42.6795 -10 -46.588
      vertex -25.359 0 -46.588
    endloop
  endfacet
  facet normal 0.353553 -0.612372 -0.707107
    outer loop
      vertex -42.4795 -10.3464 -46.188
      vertex -25.359 0 -46.588
      vertex -25.159 -0.34641 -46.188
    endloop
  endfacet
  facet normal -0.707107 0.353553 -0.612372
    outer loop
      vertex -42.6795 -9.8 -46.5344
      vertex -43.0795 -10 -46.188
      vertex -43.0795 10 -34.641
    endloop
  endfacet
  facet normal -0.707107 0.353553 -0.612372
    outer loop
      vertex -42.6795 -9.8 -46.5344
      vertex -43.0795 10 -34.641
      vertex -42.6795 10.2 -34.9874
    endloop
  endfacet
  facet normal -0.707107 -0.353553 0.612372
    outer loop
      vertex -43.0795 -10 -46.188
      vertex -42.6795 -10.2 -45.8416
      vertex -42.6795 9.8 -34.2946
    endloop
  endfacet
  facet normal -0.707107 -0.353553 0.612372
    outer loop
      vertex -43.0795 -10 -46.188
      vertex -42.6795 9.8 -34.2946
      vertex -43.0795 10 -34.641
    endloop
  endfacet
  facet normal 0.707107 -0.353553 0.612372
    outer loop
      vertex -42.6795 -10.2 -45.8416
      vertex -42.2795 -10 -46.188
      vertex -42.2795 10 -34.641
    endloop
  endfacet
  facet normal 0.707107 -0.353553 0.612372
    outer loop
      vertex -42.6795 -10.2 -45.8416
      vertex -42.2795 10 -34.641
      vertex -42.6795 9.8 -34.2946
    endloop
  endfacet
  facet normal 0.707107 0.353553 -0.612372
    outer loop
      vertex -42.2795 -10 -46.188
      vertex -42.6795 -9.8 -46.5344
      vertex -42.6795 10.2 -34.9874
    endloop
  endfacet
  facet normal 0.707107 0.353553 -0.612372
    outer loop
      vertex -42.2795 -10 -46.188
      vertex -42.6795 10.2 -34.9874
      vertex -42.2795 10 -34.641
    endloop
  endfacet
  facet normal -0.353553 0.707107 0.612372
    outer loop
      vertex -32.6795 -6.92051 -20.4989
      vertex -32.8795 -7.32051 -20.1525
      vertex -12.8795 -7.32051 -8.60546
    endloop
  endfacet
  facet normal -0.353553 0.707107 0.612372
    outer loop
      vertex -32.6795 -6.92051 -20.4989
      vertex -12.8795 -7.32051 -8.60546
      vertex -12.6795 -6.92051 -8.95188
    endloop
  endfacet
  facet normal -0.353553 -0.707107 0.612372
    outer loop
      vertex -32.8795 -7.32051 -20.1525
      vertex -32.6795 -7.72051 -20.4989
      vertex -12.6795 -7.72051 -8.95188
    endloop
  endfacet
  facet normal -0.353553 -0.707107 0.612372
    outer loop
      vertex -32.8795 -7.32051 -20.1525
      vertex -12.6795 -7.72051 -8.95188
      vertex -12.8795 -7.32051 -8.60546
    endloop
  endfacet
  facet normal 0.353553 -0.707107 -0.612372
    outer loop
      vertex -32.6795 -7.72051 -20.4989
      vertex -32.4795 -7.32051 -20.8453
      vertex -12.4795 -7.32051 -9.29829
    endloop
  endfacet
  facet normal 0.353553 -0.707107 -0.612372
    outer loop
      vertex -32.6795 -7.72051 -20.4989
      vertex -12.4795 -7.32051 -9.29829
      vertex -12.6795 -7.72051 -8.95188
    endloop
  endfacet
  facet normal 0.353553 0.707107 -0.612372
    outer loop
      vertex -32.4795 -7.32051 -20.8453
      vertex -32.6795 -6.92051 -20.4989
      vertex -12.6795 -6.92051 -8.95188
    endloop
  endfacet
  facet normal 0.353553 0.707107 -0.612372
    outer loop
      vertex -32.4795 -7.32051 -20.8453
      vertex -12.6795 -6.92051 -8.95188
      vertex -12.4795 -7.32051 -9.29829
    endloop
  endfacet
  facet normal -0.645497 -0.67082 -0.365148
    outer loop
      vertex -32.6795 -7.57349 -20.8087
      vertex -33.0446 -7.447 -20.3956
      vertex -43.0446 9.87351 -34.5377
    endloop
  endfacet
  facet normal -0.645497 -0.67082 -0.365148
    outer loop
      vertex -32.6795 -7.57349 -20.8087
      vertex -43.0446 9.87351 -34.5377
      vertex -42.6795 9.74702 -34.9509
    endloop
  endfacet
  facet normal -0.645497 0.223607 0.730297
    outer loop
      vertex -33.0446 -7.447 -20.3956
      vertex -32.6795 -7.06753 -20.189
      vertex -42.6795 10.253 -34.3312
    endloop
  endfacet
  facet normal -0.645497 0.223607 0.730297
    outer loop
      vertex -33.0446 -7.447 -20.3956
      vertex -42.6795 10.253 -34.3312
      vertex -43.0446 9.87351 -34.5377
    endloop
  endfacet
  facet normal 0.645497 0.67082 0.365148
    outer loop
      vertex -32.6795 -7.06753 -20.189
      vertex -32.3143 -7.19402 -20.6022
      vertex -42.3143 10.1265 -34.7443
    endloop
  endfacet
  facet normal 0.645497 0.67082 0.365148
    outer loop
      vertex -32.6795 -7.06753 -20.189
      vertex -42.3143 10.1265 -34.7443
      vertex -42.6795 10.253 -34.3312
    endloop
  endfacet
  facet normal 0.645497 -0.223607 -0.730297
    outer loop
      vertex -32.3143 -7.19402 -20.6022
      vertex -32.6795 -7.57349 -20.8087
      vertex -42.6795 9.74702 -34.9509
    endloop
  endfacet
  facet normal 0.645497 -0.223607 -0.730297
    outer loop
      vertex -32.3143 -7.19402 -20.6022
      vertex -42.6795 9.74702 -34.9509
      vertex -42.3143 10.1265 -34.7443
    endloop
  endfacet
  facet normal -0.353553 0.707107 0.612372
    outer loop
      vertex -42.6795 10.4 -34.641
      vertex -42.8795 10 -34.2946
      vertex -22.8795 10 -22.7476
    endloop
  endfacet
  facet normal -0.353553 0.707107 0.612372
    outer loop
      vertex -42.6795 10.4 -34.641
      vertex -22.8795 10 -22.7476
      vertex -22.6795 10.4 -23.094
    endloop
  endfacet
  facet normal -0.353553 -0.707107 0.612372
    outer loop
      vertex -42.8795 10 -34.2946
      vertex -42.6795 9.6 -34.641
      vertex -22.6795 9.6 -23.094
    endloop
  endfacet
  facet normal -0.353553 -0.707107 0.612372
    outer loop
      vertex -42.8795 10 -34.2946
      vertex -22.6795 9.6 -23.094
      vertex -22.8795 10 -22.7476
    endloop
  endfacet
  facet normal 0.353553 -0.707107 -0.612372
    outer loop
      vertex -42.6795 9.6 -34.641
      vertex -42.4795 10 -34.9874
      vertex -22.4795 10 -23.4404
    endloop
  endfacet
  facet normal 0.353553 -0.707107 -0.612372
    outer loop
      vertex -42.6795 9.6 -34.641
      vertex -22.4795 10 -23.4404
      vertex -22.6795 9.6 -23.094
    endloop
  endfacet
  facet normal 0.353553 0.707107 -0.612372
    outer loop
      vertex -42.4795 10 -34.9874
      vertex -42.6795 10.4 -34.641
      vertex -22.6795 10.4 -23.094
    endloop
  endfacet
  facet normal 0.353553 0.707107 -0.612372
    outer loop
      vertex -42.4795 10 -34.9874
      vertex -22.6795 10.4 -23.094
      vertex -22.4795 10 -23.4404
    endloop
  endfacet
  facet normal -0.353553 0.612372 -0.707107
    outer loop
      vertex -42.6795 10 -35.041
      vertex -42.8795 10.3464 -34.641
      vertex -25.559 20.3464 -34.641
    endloop
  endfacet
  facet normal -0.353553 0.612372 -0.707107
    outer loop
      vertex -42.6795 10 -35.041
      vertex -25.559 20.3464 -34.641
      vertex -25.359 20 -35.041
    endloop
  endfacet
  facet normal -0.353553 0.612372 0.707107
    outer loop
      vertex -42.8795 10.3464 -34.641
      vertex -42.6795 10 -34.241
      vertex -25.359 20 -34.241
    endloop
  endfacet
  facet normal -0.353553 0.612372 0.707107
    outer loop
      vertex -42.8795 10.3464 -34.641
      vertex -25.359 20 -34.241
      vertex -25.559 20.3464 -34.641
    endloop
  endfacet
  facet normal 0.353553 -0.612372 0.707107
    outer loop
      vertex -42.6795 10 -34.241
      vertex -42.4795 9.65359 -34.641
      vertex -25.159 19.6536 -34.641
    endloop
  endfacet
  facet normal 0.353553 -0.612372 0.707107
    outer loop
      vertex -42.6795 10 -34.241
      vertex -25.159 19.6536 -34.641
      vertex -25.359 20 -34.241
    endloop
  endfacet
  facet normal 0.353553 -0.612372 -0.707107
    outer loop
      vertex -42.4795 9.65359 -34.641
      vertex -42.6795 10 -35.041
      vertex -25.359 20 -35.041
    endloop
  endfacet
  facet normal 0.353553 -0.612372 -0.707107
    outer loop
      vertex -42.4795 9.65359 -34.641
      vertex -25.359 20 -35.041
      vertex -25.159 19.6536 -34.641
    endloop
  endfacet
  facet normal -0.707107 0.353553 -0.612372
    outer loop
      vertex -42.6795 10.2 -34.9874
      vertex -43.0795 10 -34.641
      vertex -43.0795 30 -23.094
    endloop
  endfacet
  facet normal -0.707107 0.353553 -0.612372
    outer loop
      vertex -42.6795 10.2 -34.9874
      vertex -43.0795 30 -23.094
      vertex -42.6795 30.2 -23.4404
    endloop
  endfacet
  facet normal -0.707107 -0.353553 0.612372
    outer loop
      vertex -43.0795 10 -34.641
      vertex -42.6795 9.8 -34.2946
      vertex -42.6795 29.8 -22.7476
    endloop
  endfacet
  facet normal -0.707107 -0.353553 0.612372
    outer loop
      vertex -43.0795 10 -34.641
      vertex -42.6795 29.8 -22.7476
      vertex -43.0795 30 -23.094
    endloop
  endfacet
  facet normal 0.707107 -0.353553 0.612372
    outer loop
      vertex -42.6795 9.8 -34.2946
      vertex -42.2795 10 -34.641
      vertex -42.2795 30 -23.094
    endloop
  endfacet
  facet normal 0.707107 -0.353553 0.612372
    outer loop
      vertex -42.6795 9.8 -34.2946
      vertex -42.2795 30 -23.094
      vertex -42.6795 29.8 -22.7476
    endloop
  endfacet
  facet normal 0.707107 0.353553 -0.612372
    outer loop
      vertex -42.2795 10 -34.641
      vertex -42.6795 10.2 -34.9874
      vertex -42.6795 30.2 -23.4404
    endloop
  endfacet
  facet normal 0.707107 0.353553 -0.612372
    outer loop
      vertex -42.2795 10 -34.641
      vertex -42.6795 30.2 -23.4404
      vertex -42.2795 30 -23.094
    endloop
  endfacet
  facet normal -0.353553 0.707107 0.612372
    outer loop
      vertex -42.6795 30.4 -23.094
      vertex -42.8795 30 -22.7476
      vertex -22.8795 30 -11.2006
    endloop
  endfacet
  facet normal -0.353553 0.707107 0.612372
    outer loop
      vertex -42.6795 30.4 -23.094
      vertex -22.8795 30 -11.2006
      vertex -22.6795 30.4 -11.547
    endloop
  endfacet
  facet normal -0.353553 -0.707107 0.612372
    outer loop
      vertex -42.8795 30 -22.7476
      vertex -42.6795 29.6 -23.094
      vertex -22.6795 29.6 -11.547
    endloop
  endfacet
  facet normal -0.353553 -0.707107 0.612372
    outer loop
      vertex -42.8795 30 -22.7476
      vertex -22.6795 29.6 -11.547
      vertex -22.8795 30 -11.2006
    endloop
  endfacet
  facet normal 0.353553 -0.707107 -0.612372
    outer loop
      vertex -42.6795 29.6 -23.094
      vertex -42.4795 30 -23.4404
      vertex -22.4795 30 -11.8934
    endloop
  endfacet
  facet normal 0.353553 -0.707107 -0.612372
    outer loop
      vertex -42.6795 29.6 -23.094
      vertex -22.4795 30 -11.8934
      vertex -22.6795 29.6 -11.547
    endloop
  endfacet
  facet normal 0.353553 0.707107 -0.612372
    outer loop
      vertex -42.4795 30 -23.4404
      vertex -42.6795 30.4 -23.094
      vertex -22.6795 30.4 -11.547
    endloop
  endfacet
  facet normal 0.353553 0.707107 -0.612372
    outer loop
      vertex -42.4795 30 -23.4404
      vertex -22.6795 30.4 -11.547
      vertex -22.4795 30 -11.8934
    endloop
  endfacet
  facet normal -0.353553 0.612372 -0.707107
    outer loop
      vertex -42.6795 30 -23.494
      vertex -42.8795 30.3464 -23.094
      vertex -25.559 40.3464 -23.094
    endloop
  endfacet
  facet normal -0.353553 0.612372 -0.707107
    outer loop
      vertex -42.6795 30 -23.494
      vertex -25.559 40.3464 -23.094
      vertex -25.359 40 -23.494
    endloop
  endfacet
  facet normal -0.353553 0.612372 0.707107
    outer loop
      vertex -42.8795 30.3464 -23.094
      vertex -42.6795 30 -22.694
      vertex -25.359 40 -22.694
    endloop
  endfacet
  facet normal -0.353553 0.612372 0.707107
    outer loop
      vertex -42.8795 30.3464 -23.094
      vertex -25.359 40 -22.694
      vertex -25.559 40.3464 -23.094
    endloop
  endfacet
  facet normal 0.353553 -0.612372 0.707107
    outer loop
      vertex -42.6795 30 -22.694
      vertex -42.4795 29.6536 -23.094
      vertex -25.159 39.6536 -23.094
    endloop
  endfacet
  facet normal 0.353553 -0.612372 0.707107
    outer loop
      vertex -42.6795 30 -22.694
      vertex -25.159 39.6536 -23.094
      vertex -25.359 40 -22.694
    endloop
  endfacet
  facet normal 0.353553 -0.612372 -0.707107
    outer loop
      vertex -42.4795 29.6536 -23.094
      vertex -42.6795 30 -23.494
      vertex -25.359 40 -23.494
    endloop
  endfacet
  facet normal 0.353553 -0.612372 -0.707107
    outer loop
      vertex -42.4795 29.6536 -23.094
      vertex -25.359 40 -23.494
      vertex -25.159 39.6536 -23.094
    endloop
  endfacet
  facet normal -0.645497 -0.67082 -0.365148
    outer loop
      vertex -42.6795 29.747 -23.4038
      vertex -43.0446 29.8735 -22.9907
      vertex -53.0446 47.194 -37.1329
    endloop
  endfacet
  facet normal -0.645497 -0.67082 -0.365148
    outer loop
      vertex -42.6795 29.747 -23.4038
      vertex -53.0446 47.194 -37.1329
      vertex -52.6795 47.0675 -37.546
    endloop
  endfacet
  facet normal -0.645497 0.223607 0.730297
    outer loop
      vertex -43.0446 29.8735 -22.9907
      vertex -42.6795 30.253 -22.7842
      vertex -52.6795 47.5735 -36.9263
    endloop
  endfacet
  facet normal -0.645497 0.223607 0.730297
    outer loop
      vertex -43.0446 29.8735 -22.9907
      vertex -52.6795 47.5735 -36.9263
      vertex -53.0446 47.194 -37.1329
    endloop
  endfacet
  facet normal 0.645497 0.67082 0.365148
    outer loop
      vertex -42.6795 30.253 -22.7842
      vertex -42.3143 30.1265 -23.1973
      vertex -52.3143 47.447 -37.3394
    endloop
  endfacet
  facet normal 0.645497 0.67082 0.365148
    outer loop
      vertex -42.6795 30.253 -22.7842
      vertex -52.3143 47.447 -37.3394
      vertex -52.6795 47.5735 -36.9263
    endloop
  endfacet
  facet normal 0.645497 -0.223607 -0.730297
    outer loop
      vertex -42.3143 30.1265 -23.1973
      vertex -42.6795 29.747 -23.4038
      vertex -52.6795 47.0675 -37.546
    endloop
  endfacet
  facet normal 0.645497 -0.223607 -0.730297
    outer loop
      vertex -42.3143 30.1265 -23.1973
      vertex -52.6795 47.0675 -37.546
      vertex -52.3143 47.447 -37.3394
    endloop
  endfacet
  facet normal -0.353553 0.707107 0.612372
    outer loop
      vertex -52.6795 47.7205 -37.2361
      vertex -52.8795 47.3205 -36.8897
      vertex -32.8795 47.3205 -25.3427
    endloop
  endfacet
  facet normal -0.353553 0.707107 0.612372
    outer loop
      vertex -52.6795 47.7205 -37.2361
      vertex -32.8795 47.3205 -25.3427
      vertex -32.6795 47.7205 -25.6891
    endloop
  endfacet
  facet normal -0.353553 -0.707107 0.612372
    outer loop
      vertex -52.8795 47.3205 -36.8897
      vertex -52.6795 46.9205 -37.2361
      vertex -32.6795 46.9205 -25.6891
    endloop
  endfacet
  facet normal -0.353553 -0.707107 0.612372
    outer loop
      vertex -52.8795 47.3205 -36.8897
      vertex -32.6795 46.9205 -25.6891
      vertex -32.8795 47.3205 -25.3427
    endloop
  endfacet
  facet normal 0.353553 -0.707107 -0.612372
    outer loop
      vertex -52.6795 46.9205 -37.2361
      vertex -52.4795 47.3205 -37.5826
      vertex -32.4795 47.3205 -26.0356
    endloop
  endfacet
  facet normal 0.353553 -0.707107 -0.612372
    outer loop
      vertex -52.6795 46.9205 -37.2361
      vertex -32.4795 47.3205 -26.0356
      vertex -32.6795 46.9205 -25.6891
    endloop
  endfacet
  facet normal 0.353553 0.707107 -0.612372
    outer loop
      vertex -52.4795 47.3205 -37.5826
      vertex -52.6795 47.7205 -37.2361
      vertex -32.6795 47.7205 -25.6891
    endloop
  endfacet
  facet normal 0.353553 0.707107 -0.612372
    outer loop
      vertex -52.4795 47.3205 -37.5826
      vertex -32.6795 47.7205 -25.6891
      vertex -32.4795 47.3205 -26.0356
    endloop
  endfacet
  facet normal -0.353553 0.612372 -0.707107
    outer loop
      vertex -52.6795 47.3205 -37.6361
      vertex -52.8795 47.6669 -37.2361
      vertex -35.559 57.6669 -37.2361
    endloop
  endfacet
  facet normal -0.353553 0.612372 -0.707107
    outer loop
      vertex -52.6795 47.3205 -37.6361
      vertex -35.559 57.6669 -37.2361
      vertex -35.359 57.3205 -37.6361
    endloop
  endfacet
  facet normal -0.353553 0.612372 0.707107
    outer loop
      vertex -52.8795 47.6669 -37.2361
      vertex -52.6795 47.3205 -36.8361
      vertex -35.359 57.3205 -36.8361
    endloop
  endfacet
  facet normal -0.353553 0.612372 0.707107
    outer loop
      vertex -52.8795 47.6669 -37.2361
      vertex -35.359 57.3205 -36.8361
      vertex -35.559 57.6669 -37.2361
    endloop
  endfacet
  facet normal 0.353553 -0.612372 0.707107
    outer loop
      vertex -52.6795 47.3205 -36.8361
      vertex -52.4795 46.9741 -37.2361
      vertex -35.159 56.9741 -37.2361
    endloop
  endfacet
  facet normal 0.353553 -0.612372 0.707107
    outer loop
      vertex -52.6795 47.3205 -36.8361
      vertex -35.159 56.9741 -37.2361
      vertex -35.359 57.3205 -36.8361
    endloop
  endfacet
  facet normal 0.353553 -0.612372 -0.707107
    outer loop
      vertex -52.4795 46.9741 -37.2361
      vertex -52.6795 47.3205 -37.6361
      vertex -35.359 57.3205 -37.6361
    endloop
  endfacet
  facet normal 0.353553 -0.612372 -0.707107
    outer loop
      vertex -52.4795 46.9741 -37.2361
      vertex -35.359 57.3205 -37.6361
      vertex -35.159 56.9741 -37.2361
    endloop
  endfacet
  facet normal -0.707107 0.353553 -0.612372
    outer loop
      vertex -52.6795 47.5205 -37.5826
      vertex -53.0795 47.3205 -37.2361
      vertex -53.0795 67.3205 -25.6891
    endloop
  endfacet
  facet normal -0.707107 0.353553 -0.612372
    outer loop
      vertex -52.6795 47.5205 -37.5826
      vertex -53.0795 67.3205 -25.6891
      vertex -52.6795 67.5205 -26.0356
    endloop
  endfacet
  facet normal -0.707107 -0.353553 0.612372
    outer loop
      vertex -53.0795 47.3205 -37.2361
      vertex -52.6795 47.1205 -36.8897
      vertex -52.6795 67.1205 -25.3427
    endloop
  endfacet
  facet normal -0.707107 -0.353553 0.612372
    outer loop
      vertex -53.0795 47.3205 -37.2361
      vertex -52.6795 67.1205 -25.3427
      vertex -53.0795 67.3205 -25.6891
    endloop
  endfacet
  facet normal 0.707107 -0.353553 0.612372
    outer loop
      vertex -52.6795 47.1205 -36.8897
      vertex -52.2795 47.3205 -37.2361
      vertex -52.2795 67.3205 -25.6891
    endloop
  endfacet
  facet normal 0.707107 -0.353553 0.612372
    outer loop
      vertex -52.6795 47.1205 -36.8897
      vertex -52.2795 67.3205 -25.6891
      vertex -52.6795 67.1205 -25.3427
    endloop
  endfacet
  facet normal 0.707107 0.353553 -0.612372
    outer loop
      vertex -52.2795 47.3205 -37.2361
      vertex -52.6795 47.5205 -37.5826
      vertex -52.6795 67.5205 -26.0356
    endloop
  endfacet
  facet normal 0.707107 0.353553 -0.612372
    outer loop
      vertex -52.2795 47.3205 -37.2361
      vertex -52.6795 67.5205 -26.0356
      vertex -52.2795 67.3205 -25.6891
    endloop
  endfacet
  facet normal -0.353553 0.707107 0.612372
    outer loop
      vertex -52.6795 67.7205 -25.6891
      vertex -52.8795 67.3205 -25.3427
      vertex -32.8795 67.3205 -13.7957
    endloop
  endfacet
  facet normal -0.353553 0.707107 0.612372
    outer loop
      vertex -52.6795 67.7205 -25.6891
      vertex -32.8795 67.3205 -13.7957
      vertex -32.6795 67.7205 -14.1421
    endloop
  endfacet
  facet normal -0.353553 -0.707107 0.612372
    outer loop
      vertex -52.8795 67.3205 -25.3427
      vertex -52.6795 66.9205 -25.6891
      vertex -32.6795 66.9205 -14.1421
    endloop
  endfacet
  facet normal -0.353553 -0.707107 0.612372
    outer loop
      vertex -52.8795 67.3205 -25.3427
      vertex -32.6795 66.9205 -14.1421
      vertex -32.8795 67.3205 -13.7957
    endloop
  endfacet
  facet normal 0.353553 -0.707107 -0.612372
    outer loop
      vertex -52.6795 66.9205 -25.6891
      vertex -52.4795 67.3205 -26.0356
      vertex -32.4795 67.3205 -14.4885
    endloop
  endfacet
  facet normal 0.353553 -0.707107 -0.612372
    outer loop
      vertex -52.6795 66.9205 -25.6891
      vertex -32.4795 67.3205 -14.4885
      vertex -32.6795 66.9205 -14.1421
    endloop
  endfacet
  facet normal 0.353553 0.707107 -0.612372
    outer loop
      vertex -52.4795 67.3205 -26.0356
      vertex -52.6795 67.7205 -25.6891
      vertex -32.6795 67.7205 -14.1421
    endloop
  endfacet
  facet normal 0.353553 0.707107 -0.612372
    outer loop
      vertex -52.4795 67.3205 -26.0356
      vertex -32.6795 67.7205 -14.1421
      vertex -32.4795 67.3205 -14.4885
    endloop
  endfacet
  facet normal -0.353553 0.612372 -0.707107
    outer loop
      vertex -52.6795 67.3205 -26.0891
      vertex -52.8795 67.6669 -25.6891
      vertex -35.559 77.6669 -25.6891
    endloop
  endfacet
  facet normal -0.353553 0.612372 -0.707107
    outer loop
      vertex -52.6795 67.3205 -26.0891
      vertex -35.559 77.6669 -25.6891
      vertex -35.359 77.3205 -26.0891
    endloop
  endfacet
  facet normal -0.353553 0.612372 0.707107
    outer loop
      vertex -52.8795 67.6669 -25.6891
      vertex -52.6795 67.3205 -25.2891
      vertex -35.359 77.3205 -25.2891
    endloop
  endfacet
  facet normal -0.353553 0.612372 0.707107
    outer loop
      vertex -52.8795 67.6669 -25.6891
      vertex -35.359 77.3205 -25.2891
      vertex -35.559 77.6669 -25.6891
    endloop
  endfacet
  facet normal 0.353553 -0.612372 0.707107
    outer loop
      vertex -52.6795 67.3205 -25.2891
      vertex -52.4795 66.9741 -25.6891
      vertex -35.159 76.9741 -25.6891
    endloop
  endfacet
  facet normal 0.353553 -0.612372 0.707107
    outer loop
      vertex -52.6795 67.3205 -25.2891
      vertex -35.159 76.9741 -25.6891
      vertex -35.359 77.3205 -25.2891
    endloop
  endfacet
  facet normal 0.353553 -0.612372 -0.707107
    outer loop
      vertex -52.4795 66.9741 -25.6891
      vertex -52.6795 67.3205 -26.0891
      vertex -35.359 77.3205 -26.0891
    endloop
  endfacet
  facet normal 0.353553 -0.612372 -0.707107
    outer loop
      vertex -52.4795 66.9741 -25.6891
      vertex -35.359 77.3205 -26.0891
      vertex -35.159 76.9741 -25.6891
    endloop
  endfacet
  facet normal -0.707107 0.353553 -0.612372
    outer loop
      vertex -52.6795 67.5205 -26.0356
      vertex -53.0795 67.3205 -25.6891
      vertex -53.0795 87.3205 -14.1421
    endloop
  endfacet
  facet normal -0.707107 0.353553 -0.612372
    outer loop
      vertex -52.6795 67.5205 -26.0356
      vertex -53.0795 87.3205 -14.1421
      vertex -52.6795 87.5205 -14.4885
    endloop
  endfacet
  facet normal -0.707107 -0.353553 0.612372
    outer loop
      vertex -53.0795 67.3205 -25.6891
      vertex -52.6795 67.1205 -25.3427
      vertex -52.6795 87.1205 -13.7957
    endloop
  endfacet
  facet normal -0.707107 -0.353553 0.612372
    outer loop
      vertex -53.0795 67.3205 -25.6891
      vertex -52.6795 87.1205 -13.7957
      vertex -53.0795 87.3205 -14.1421
    endloop
  endfacet
  facet normal 0.707107 -0.353553 0.612372
    outer loop
      vertex -52.6795 67.1205 -25.3427
      vertex -52.2795 67.3205 -25.6891
      vertex -52.2795 87.3205 -14.1421
    endloop
  endfacet
  facet normal 0.707107 -0.353553 0.612372
    outer loop
      vertex -52.6795 67.1205 -25.3427
      vertex -52.2795 87.3205 -14.1421
      vertex -52.6795 87.1205 -13.7957
    endloop
  endfacet
  facet normal 0.707107 0.353553 -0.612372
    outer loop
      vertex -52.2795 67.3205 -25.6891
      vertex -52.6795 67.5205 -26.0356
      vertex -52.6795 87.5205 -14.4885
    endloop
  endfacet
  facet normal 0.707107 0.353553 -0.612372
    outer loop
      vertex -52.2795 67.3205 -25.6891
      vertex -52.6795 87.5205 -14.4885
      vertex -52.2795 87.3205 -14.1421
    endloop
  endfacet
  facet normal -0.645497 -0.67082 -0.365148
    outer loop
      vertex -52.6795 67.0675 -25.999
      vertex -53.0446 67.194 -25.5859
      vertex -63.0446 84.5145 -39.728
    endloop
  endfacet
  facet normal -0.645497 -0.67082 -0.365148
    outer loop
      vertex -52.6795 67.0675 -25.999
      vertex -63.0446 84.5145 -39.728
      vertex -62.6795 84.388 -40.1411
    endloop
  endfacet
  facet normal -0.645497 0.223607 0.730297
    outer loop
      vertex -53.0446 67.194 -25.5859
      vertex -52.6795 67.5735 -25.3793
      vertex -62.6795 84.894 -39.5214
    endloop
  endfacet
  facet normal -0.645497 0.223607 0.730297
    outer loop
      vertex -53.0446 67.194 -25.5859
      vertex -62.6795 84.894 -39.5214
      vertex -63.0446 84.5145 -39.728
    endloop
  endfacet
  facet normal 0.645497 0.67082 0.365148
    outer loop
      vertex -52.6795 67.5735 -25.3793
      vertex -52.3143 67.447 -25.7924
      vertex -62.3143 84.7675 -39.9346
    endloop
  endfacet
  facet normal 0.645497 0.67082 0.365148
    outer loop
      vertex -52.6795 67.5735 -25.3793
      vertex -62.3143 84.7675 -39.9346
      vertex -62.6795 84.894 -39.5214
    endloop
  endfacet
  facet normal 0.645497 -0.223607 -0.730297
    outer loop
      vertex -52.3143 67.447 -25.7924
      vertex -52.6795 67.0675 -25.999
      vertex -62.6795 84.388 -40.1411
    endloop
  endfacet
  facet normal 0.645497 -0.223607 -0.730297
    outer loop
      vertex -52.3143 67.447 -25.7924
      vertex -62.6795 84.388 -40.1411
      vertex -62.3143 84.7675 -39.9346
    endloop
  endfacet
  facet normal -0.353553 0.707107 0.612372
    outer loop
      vertex -62.6795 85.041 -39.8313
      vertex -62.8795 84.641 -39.4849
      vertex -42.8795 84.641 -27.9379
    endloop
  endfacet
  facet normal -0.353553 0.707107 0.612372
    outer loop
      vertex -62.6795 85.041 -39.8313
      vertex -42.8795 84.641 -27.9379
      vertex -42.6795 85.041 -28.2843
    endloop
  endfacet
  facet normal -0.353553 -0.707107 0.612372
    outer loop
      vertex -62.8795 84.641 -39.4849
      vertex -62.6795 84.241 -39.8313
      vertex -42.6795 84.241 -28.2843
    endloop
  endfacet
  facet normal -0.353553 -0.707107 0.612372
    outer loop
      vertex -62.8795 84.641 -39.4849
      vertex -42.6795 84.241 -28.2843
      vertex -42.8795 84.641 -27.9379
    endloop
  endfacet
  facet normal 0.353553 -0.707107 -0.612372
    outer loop
      vertex -62.6795 84.241 -39.8313
      vertex -62.4795 84.641 -40.1777
      vertex -42.4795 84.641 -28.6307
    endloop
  endfacet
  facet normal 0.353553 -0.707107 -0.612372
    outer loop
      vertex -62.6795 84.241 -39.8313
      vertex -42.4795 84.641 -28.6307
      vertex -42.6795 84.241 -28.2843
    endloop
  endfacet
  facet normal 0.353553 0.707107 -0.612372
    outer loop
      vertex -62.4795 84.641 -40.1777
      vertex -62.6795 85.041 -39.8313
      vertex -42.6795 85.041 -28.2843
    endloop
  endfacet
  facet normal 0.353553 0.707107 -0.612372
    outer loop
      vertex -62.4795 84.641 -40.1777
      vertex -42.6795 85.041 -28.2843
      vertex -42.4795 84.641 -28.6307
    endloop
  endfacet
  facet normal -0.353553 0.612372 -0.707107
    outer loop
      vertex -62.6795 84.641 -40.2313
      vertex -62.8795 84.9874 -39.8313
      vertex -45.559 94.9874 -39.8313
    endloop
  endfacet
  facet normal -0.353553 0.612372 -0.707107
    outer loop
      vertex -62.6795 84.641 -40.2313
      vertex -45.559 94.9874 -39.8313
      vertex -45.359 94.641 -40.2313
    endloop
  endfacet
  facet normal -0.353553 0.612372 0.707107
    outer loop
      vertex -62.8795 84.9874 -39.8313
      vertex -62.6795 84.641 -39.4313
      vertex -45.359 94.641 -39.4313
    endloop
  endfacet
  facet normal -0.353553 0.612372 0.707107
    outer loop
      vertex -62.8795 84.9874 -39.8313
      vertex -45.359 94.641 -39.4313
      vertex -45.559 94.9874 -39.8313
    endloop
  endfacet
  facet normal 0.353553 -0.612372 0.707107
    outer loop
      vertex -62.6795 84.641 -39.4313
      vertex -62.4795 84.2946 -39.8313
      vertex -45.159 94.2946 -39.8313
    endloop
  endfacet
  facet normal 0.353553 -0.612372 0.707107
    outer loop
      vertex -62.6795 84.641 -39.4313
      vertex -45.159 94.2946 -39.8313
      vertex -45.359 94.641 -39.4313
    endloop
  endfacet
  facet normal 0.353553 -0.612372 -0.707107
    outer loop
      vertex -62.4795 84.2946 -39.8313
      vertex -62.6795 84.641 -40.2313
      vertex -45.359 94.641 -40.2313
    endloop
  endfacet
  facet normal 0.353553 -0.612372 -0.707107
    outer loop
      vertex -62.4795 84.2946 -39.8313
      vertex -45.359 94.641 -40.2313
      vertex -45.159 94.2946 -39.8313
    endloop
  endfacet
  facet normal -0.707107 0.353553 -0.612372
    outer loop
      vertex -62.6795 84.841 -40.1777
      vertex -63.0795 84.641 -39.8313
      vertex -63.0795 104.641 -28.2843
    endloop
  endfacet
  facet normal -0.707107 0.353553 -0.612372
    outer loop
      vertex -62.6795 84.841 -40.1777
      vertex -63.0795 104.641 -28.2843
      vertex -62.6795 104.841 -28.6307
    endloop
  endfacet
  facet normal -0.707107 -0.353553 0.612372
    outer loop
      vertex -63.0795 84.641 -39.8313
      vertex -62.6795 84.441 -39.4849
      vertex -62.6795 104.441 -27.9379
    endloop
  endfacet
  facet normal -0.707107 -0.353553 0.612372
    outer loop
      vertex -63.0795 84.641 -39.8313
      vertex -62.6795 104.441 -27.9379
      vertex -63.0795 104.641 -28.2843
    endloop
  endfacet
  facet normal 0.707107 -0.353553 0.612372
    outer loop
      vertex -62.6795 84.441 -39.4849
      vertex -62.2795 84.641 -39.8313
      vertex -62.2795 104.641 -28.2843
    endloop
  endfacet
  facet normal 0.707107 -0.353553 0.612372
    outer loop
      vertex -62.6795 84.441 -39.4849
      vertex -62.2795 104.641 -28.2843
      vertex -62.6795 104.441 -27.9379
    endloop
  endfacet
  facet normal 0.707107 0.353553 -0.612372
    outer loop
      vertex -62.2795 84.641 -39.8313
      vertex -62.6795 84.841 -40.1777
      vertex -62.6795 104.841 -28.6307
    endloop
  endfacet
  facet normal 0.707107 0.353553 -0.612372
    outer loop
      vertex -62.2795 84.641 -39.8313
      vertex -62.6795 104.841 -28.6307
      vertex -62.2795 104.641 -28.2843
    endloop
  endfacet
  facet normal -0.645497 -0.67082 -0.365148
    outer loop
      vertex -52.6795 87.0675 -14.452
      vertex -53.0446 87.194 -14.0389
      vertex -63.0446 104.515 -28.181
    endloop
  endfacet
  facet normal -0.645497 -0.67082 -0.365148
    outer loop
      vertex -52.6795 87.0675 -14.452
      vertex -63.0446 104.515 -28.181
      vertex -62.6795 104.388 -28.5941
    endloop
  endfacet
  facet normal -0.645497 0.223607 0.730297
    outer loop
      vertex -53.0446 87.194 -14.0389
      vertex -52.6795 87.5735 -13.8323
      vertex -62.6795 104.894 -27.9744
    endloop
  endfacet
  facet normal -0.645497 0.223607 0.730297
    outer loop
      vertex -53.0446 87.194 -14.0389
      vertex -62.6795 104.894 -27.9744
      vertex -63.0446 104.515 -28.181
    endloop
  endfacet
  facet normal 0.645497 0.67082 0.365148
    outer loop
      vertex -52.6795 87.5735 -13.8323
      vertex -52.3143 87.447 -14.2454
      vertex -62.3143 104.768 -28.3876
    endloop
  endfacet
  facet normal 0.645497 0.67082 0.365148
    outer loop
      vertex -52.6795 87.5735 -13.8323
      vertex -62.3143 104.768 -28.3876
      vertex -62.6795 104.894 -27.9744
    endloop
  endfacet
  facet normal 0.645497 -0.223607 -0.730297
    outer loop
      vertex -52.3143 87.447 -14.2454
      vertex -52.6795 87.0675 -14.452
      vertex -62.6795 104.388 -28.5941
    endloop
  endfacet
  facet normal 0.645497 -0.223607 -0.730297
    outer loop
      vertex -52.3143 87.447 -14.2454
      vertex -62.6795 104.388 -28.5941
      vertex -62.3143 104.768 -28.3876
    endloop
  endfacet
  facet normal -0.353553 0.707107 0.612372
    outer loop
      vertex -62.6795 105.041 -28.2843
      vertex -62.8795 104.641 -27.9379
      vertex -42.8795 104.641 -16.3909
    endloop
  endfacet
  facet normal -0.353553 0.707107 0.612372
    outer loop
      vertex -62.6795 105.041 -28.2843
      vertex -42.8795 104.641 -16.3909
      vertex -42.6795 105.041 -16.7373
    endloop
  endfacet
  facet normal -0.353553 -0.707107 0.612372
    outer loop
      vertex -62.8795 104.641 -27.9379
      vertex -62.6795 104.241 -28.2843
      vertex -42.6795 104.241 -16.7373
    endloop
  endfacet
  facet normal -0.353553 -0.707107 0.612372
    outer loop
      vertex -62.8795 104.641 -27.9379
      vertex -42.6795 104.241 -16.7373
      vertex -42.8795 104.641 -16.3909
    endloop
  endfacet
  facet normal 0.353553 -0.707107 -0.612372
    outer loop
      vertex -62.6795 104.241 -28.2843
      vertex -62.4795 104.641 -28.6307
      vertex -42.4795 104.641 -17.0837
    endloop
  endfacet
  facet normal 0.353553 -0.707107 -0.612372
    outer loop
      vertex -62.6795 104.241 -28.2843
      vertex -42.4795 104.641 -17.0837
      vertex -42.6795 104.241 -16.7373
    endloop
  endfacet
  facet normal 0.353553 0.707107 -0.612372
    outer loop
      vertex -62.4795 104.641 -28.6307
      vertex -62.6795 105.041 -28.2843
      vertex -42.6795 105.041 -16.7373
    endloop
  endfacet
  facet normal 0.353553 0.707107 -0.612372
    outer loop
      vertex -62.4795 104.641 -28.6307
      vertex -42.6795 105.041 -16.7373
      vertex -42.4795 104.641 -17.0837
    endloop
  endfacet
  facet normal -0.353553 0.612372 -0.707107
    outer loop
      vertex -62.6795 104.641 -28.6843
      vertex -62.8795 104.987 -28.2843
      vertex -45.559 114.987 -28.2843
    endloop
  endfacet
  facet normal -0.353553 0.612372 -0.707107
    outer loop
      vertex -62.6795 104.641 -28.6843
      vertex -45.559 114.987 -28.2843
      vertex -45.359 114.641 -28.6843
    endloop
  endfacet
  facet normal -0.353553 0.612372 0.707107
    outer loop
      vertex -62.8795 104.987 -28.2843
      vertex -62.6795 104.641 -27.8843
      vertex -45.359 114.641 -27.8843
    endloop
  endfacet
  facet normal -0.353553 0.612372 0.707107
    outer loop
      vertex -62.8795 104.987 -28.2843
      vertex -45.359 114.641 -27.8843
      vertex -45.559 114.987 -28.2843
    endloop
  endfacet
  facet normal 0.353553 -0.612372 0.707107
    outer loop
      vertex -62.6795 104.641 -27.8843
      vertex -62.4795 104.295 -28.2843
      vertex -45.159 114.295 -28.2843
    endloop
  endfacet
  facet normal 0.353553 -0.612372 0.707107
    outer loop
      vertex -62.6795 104.641 -27.8843
      vertex -45.159 114.295 -28.2843
      vertex -45.359 114.641 -27.8843
    endloop
  endfacet
  facet normal 0.353553 -0.612372 -0.707107
    outer loop
      vertex -62.4795 104.295 -28.2843
      vertex -62.6795 104.641 -28.6843
      vertex -45.359 114.641 -28.6843
    endloop
  endfacet
  facet normal 0.353553 -0.612372 -0.707107
    outer loop
      vertex -62.4795 104.295 -28.2843
      vertex -45.359 114.641 -28.6843
      vertex -45.159 114.295 -28.2843
    endloop
  endfacet
  facet normal -0.707107 0.353553 -0.612372
    outer loop
      vertex -62.6795 104.841 -28.6307
      vertex -63.0795 104.641 -28.2843
      vertex -63.0795 124.641 -16.7373
    endloop
  endfacet
  facet normal -0.707107 0.353553 -0.612372
    outer loop
      vertex -62.6795 104.841 -28.6307
      vertex -63.0795 124.641 -16.7373
      vertex -62.6795 124.841 -17.0837
    endloop
  endfacet
  facet normal -0.707107 -0.353553 0.612372
    outer loop
      vertex -63.0795 104.641 -28.2843
      vertex -62.6795 104.441 -27.9379
      vertex -62.6795 124.441 -16.3909
    endloop
  endfacet
  facet normal -0.707107 -0.353553 0.612372
    outer loop
      vertex -63.0795 104.641 -28.2843
      vertex -62.6795 124.441 -16.3909
      vertex -63.0795 124.641 -16.7373
    endloop
  endfacet
  facet normal 0.707107 -0.353553 0.612372
    outer loop
      vertex -62.6795 104.441 -27.9379
      vertex -62.2795 104.641 -28.2843
      vertex -62.2795 124.641 -16.7373
    endloop
  endfacet
  facet normal 0.707107 -0.353553 0.612372
    outer loop
      vertex -62.6795 104.441 -27.9379
      vertex -62.2795 124.641 -16.7373
      vertex -62.6795 124.441 -16.3909
    endloop
  endfacet
  facet normal 0.707107 0.353553 -0.612372
    outer loop
      vertex -62.2795 104.641 -28.2843
      vertex -62.6795 104.841 -28.6307
      vertex -62.6795 124.841 -17.0837
    endloop
  endfacet
  facet normal 0.707107 0.353553 -0.612372
    outer loop
      vertex -62.2795 104.641 -28.2843
      vertex -62.6795 124.841 -17.0837
      vertex -62.2795 124.641 -16.7373
    endloop
  endfacet
  facet normal -0.645497 -0.67082 -0.365148
    outer loop
      vertex -62.6795 104.388 -28.5941
      vertex -63.0446 104.515 -28.181
      vertex -73.0446 121.835 -42.3231
    endloop
  endfacet
  facet normal -0.645497 -0.67082 -0.365148
    outer loop
      vertex -62.6795 104.388 -28.5941
      vertex -73.0446 121.835 -42.3231
      vertex -72.6795 121.709 -42.7362
    endloop
  endfacet
  facet normal -0.645497 0.223607 0.730297
    outer loop
      vertex -63.0446 104.515 -28.181
      vertex -62.6795 104.894 -27.9744
      vertex -72.6795 122.215 -42.1166
    endloop
  endfacet
  facet normal -0.645497 0.223607 0.730297
    outer loop
      vertex -63.0446 104.515 -28.181
      vertex -72.6795 122.215 -42.1166
      vertex -73.0446 121.835 -42.3231
    endloop
  endfacet
  facet normal 0.645497 0.67082 0.365148
    outer loop
      vertex -62.6795 104.894 -27.9744
      vertex -62.3143 104.768 -28.3876
      vertex -72.3143 122.088 -42.5297
    endloop
  endfacet
  facet normal 0.645497 0.67082 0.365148
    outer loop
      vertex -62.6795 104.894 -27.9744
      vertex -72.3143 122.088 -42.5297
      vertex -72.6795 122.215 -42.1166
    endloop
  endfacet
  facet normal 0.645497 -0.223607 -0.730297
    outer loop
      vertex -62.3143 104.768 -28.3876
      vertex -62.6795 104.388 -28.5941
      vertex -72.6795 121.709 -42.7362
    endloop
  endfacet
  facet normal 0.645497 -0.223607 -0.730297
    outer loop
      vertex -62.3143 104.768 -28.3876
      vertex -72.6795 121.709 -42.7362
      vertex -72.3143 122.088 -42.5297
    endloop
  endfacet
  facet normal -0.353553 0.707107 0.612372
    outer loop
      vertex -72.6795 122.362 -42.4264
      vertex -72.8795 121.962 -42.08
      vertex -52.8795 121.962 -30.533
    endloop
  endfacet
  facet normal -0.353553 0.707107 0.612372
    outer loop
      vertex -72.6795 122.362 -42.4264
      vertex -52.8795 121.962 -30.533
      vertex -52.6795 122.362 -30.8794
    endloop
  endfacet
  facet normal -0.353553 -0.707107 0.612372
    outer loop
      vertex -72.8795 121.962 -42.08
      vertex -72.6795 121.562 -42.4264
      vertex -52.6795 121.562 -30.8794
    endloop
  endfacet
  facet normal -0.353553 -0.707107 0.612372
    outer loop
      vertex -72.8795 121.962 -42.08
      vertex -52.6795 121.562 -30.8794
      vertex -52.8795 121.962 -30.533
    endloop
  endfacet
  facet normal 0.353553 -0.707107 -0.612372
    outer loop
      vertex -72.6795 121.562 -42.4264
      vertex -72.4795 121.962 -42.7728
      vertex -52.4795 121.962 -31.2258
    endloop
  endfacet
  facet normal 0.353553 -0.707107 -0.612372
    outer loop
      vertex -72.6795 121.562 -42.4264
      vertex -52.4795 121.962 -31.2258
      vertex -52.6795 121.562 -30.8794
    endloop
  endfacet
  facet normal 0.353553 0.707107 -0.612372
    outer loop
      vertex -72.4795 121.962 -42.7728
      vertex -72.6795 122.362 -42.4264
      vertex -52.6795 122.362 -30.8794
    endloop
  endfacet
  facet normal 0.353553 0.707107 -0.612372
    outer loop
      vertex -72.4795 121.962 -42.7728
      vertex -52.6795 122.362 -30.8794
      vertex -52.4795 121.962 -31.2258
    endloop
  endfacet
  facet normal -0.353553 0.612372 -0.707107
    outer loop
      vertex -72.6795 121.962 -42.8264
      vertex -72.8795 122.308 -42.4264
      vertex -55.559 132.308 -42.4264
    endloop
  endfacet
  facet normal -0.353553 0.612372 -0.707107
    outer loop
      vertex -72.6795 121.962 -42.8264
      vertex -55.559 132.308 -42.4264
      vertex -55.359 131.962 -42.8264
    endloop
  endfacet
  facet normal -0.353553 0.612372 0.707107
    outer loop
      vertex -72.8795 122.308 -42.4264
      vertex -72.6795 121.962 -42.0264
      vertex -55.359 131.962 -42.0264
    endloop
  endfacet
  facet normal -0.353553 0.612372 0.707107
    outer loop
      vertex -72.8795 122.308 -42.4264
      vertex -55.359 131.962 -42.0264
      vertex -55.559 132.308 -42.4264
    endloop
  endfacet
  facet normal 0.353553 -0.612372 0.707107
    outer loop
      vertex -72.6795 121.962 -42.0264
      vertex -72.4795 121.615 -42.4264
      vertex -55.159 131.615 -42.4264
    endloop
  endfacet
  facet normal 0.353553 -0.612372 0.707107
    outer loop
      vertex -72.6795 121.962 -42.0264
      vertex -55.159 131.615 -42.4264
      vertex -55.359 131.962 -42.0264
    endloop
  endfacet
  facet normal 0.353553 -0.612372 -0.707107
    outer loop
      vertex -72.4795 121.615 -42.4264
      vertex -72.6795 121.962 -42.8264
      vertex -55.359 131.962 -42.8264
    endloop
  endfacet
  facet normal 0.353553 -0.612372 -0.707107
    outer loop
      vertex -72.4795 121.615 -42.4264
      vertex -55.359 131.962 -42.8264
      vertex -55.159 131.615 -42.4264
    endloop
  endfacet
  facet normal -0.707107 0.353553 -0.612372
    outer loop
      vertex -72.6795 122.162 -42.7728
      vertex -73.0795 121.962 -42.4264
      vertex -73.0795 141.962 -30.8794
    endloop
  endfacet
  facet normal -0.707107 0.353553 -0.612372
    outer loop
      vertex -72.6795 122.162 -42.7728
      vertex -73.0795 141.962 -30.8794
      vertex -72.6795 142.162 -31.2258
    endloop
  endfacet
  facet normal -0.707107 -0.353553 0.612372
    outer loop
      vertex -73.0795 121.962 -42.4264
      vertex -72.6795 121.762 -42.08
      vertex -72.6795 141.762 -30.533
    endloop
  endfacet
  facet normal -0.707107 -0.353553 0.612372
    outer loop
      vertex -73.0795 121.962 -42.4264
      vertex -72.6795 141.762 -30.533
      vertex -73.0795 141.962 -30.8794
    endloop
  endfacet
  facet normal 0.707107 -0.353553 0.612372
    outer loop
      vertex -72.6795 121.762 -42.08
      vertex -72.2795 121.962 -42.4264
      vertex -72.2795 141.962 -30.8794
    endloop
  endfacet
  facet normal 0.707107 -0.353553 0.612372
    outer loop
      vertex -72.6795 121.762 -42.08
      vertex -72.2795 141.962 -30.8794
      vertex -72.6795 141.762 -30.533
    endloop
  endfacet
  facet normal 0.707107 0.353553 -0.612372
    outer loop
      vertex -72.2795 121.962 -42.4264
      vertex -72.6795 122.162 -42.7728
      vertex -72.6795 142.162 -31.2258
    endloop
  endfacet
  facet normal 0.707107 0.353553 -0.612372
    outer loop
      vertex -72.2795 121.962 -42.4264
      vertex -72.6795 142.162 -31.2258
      vertex -72.2795 141.962 -30.8794
    endloop
  endfacet
  facet normal -0.645497 -0.67082 -0.365148
    outer loop
      vertex 4.64102 -92.2145 -27.1655
      vertex 4.27587 -92.088 -26.7523
      vertex -5.72413 -74.7675 -40.8945
    endloop
  endfacet
  facet normal -0.645497 -0.67082 -0.365148
    outer loop
      vertex 4.64102 -92.2145 -27.1655
      vertex -5.72413 -74.7675 -40.8945
      vertex -5.35898 -74.894 -41.3076
    endloop
  endfacet
  facet normal -0.645497 0.223607 0.730297
    outer loop
      vertex 4.27587 -92.088 -26.7523
      vertex 4.64102 -91.7085 -26.5458
      vertex -5.35898 -74.388 -40.6879
    endloop
  endfacet
  facet normal -0.645497 0.223607 0.730297
    outer loop
      vertex 4.27587 -92.088 -26.7523
      vertex -5.35898 -74.388 -40.6879
      vertex -5.72413 -74.7675 -40.8945
    endloop
  endfacet
  facet normal 0.645497 0.67082 0.365148
    outer loop
      vertex 4.64102 -91.7085 -26.5458
      vertex 5.00616 -91.835 -26.9589
      vertex -4.99384 -74.5145 -41.101
    endloop
  endfacet
  facet normal 0.645497 0.67082 0.365148
    outer loop
      vertex 4.64102 -91.7085 -26.5458
      vertex -4.99384 -74.5145 -41.101
      vertex -5.35898 -74.388 -40.6879
    endloop
  endfacet
  facet normal 0.645497 -0.223607 -0.730297
    outer loop
      vertex 5.00616 -91.835 -26.9589
      vertex 4.64102 -92.2145 -27.1655
      vertex -5.35898 -74.894 -41.3076
    endloop
  endfacet
  facet normal 0.645497 -0.223607 -0.730297
    outer loop
      vertex 5.00616 -91.835 -26.9589
      vertex -5.35898 -74.894 -41.3076
      vertex -4.99384 -74.5145 -41.101
    endloop
  endfacet
  facet normal -0.353553 0.707107 0.612372
    outer loop
      vertex -5.35898 -74.241 -40.9978
      vertex -5.55898 -74.641 -40.6514
      vertex 14.441 -74.641 -29.1043
    endloop
  endfacet
  facet normal -0.353553 0.707107 0.612372
    outer loop
      vertex -5.35898 -74.241 -40.9978
      vertex 14.441 -74.641 -29.1043
      vertex 14.641 -74.241 -29.4508
    endloop
  endfacet
  facet normal -0.353553 -0.707107 0.612372
    outer loop
      vertex -5.55898 -74.641 -40.6514
      vertex -5.35898 -75.041 -40.9978
      vertex 14.641 -75.041 -29.4508
    endloop
  endfacet
  facet normal -0.353553 -0.707107 0.612372
    outer loop
      vertex -5.55898 -74.641 -40.6514
      vertex 14.641 -75.041 -29.4508
      vertex 14.441 -74.641 -29.1043
    endloop
  endfacet
  facet normal 0.353553 -0.707107 -0.612372
    outer loop
      vertex -5.35898 -75.041 -40.9978
      vertex -5.15898 -74.641 -41.3442
      vertex 14.841 -74.641 -29.7972
    endloop
  endfacet
  facet normal 0.353553 -0.707107 -0.612372
    outer loop
      vertex -5.35898 -75.041 -40.9978
      vertex 14.841 -74.641 -29.7972
      vertex 14.641 -75.041 -29.4508
    endloop
  endfacet
  facet normal 0.353553 0.707107 -0.612372
    outer loop
      vertex -5.15898 -74.641 -41.3442
      vertex -5.35898 -74.241 -40.9978
      vertex 14.641 -74.241 -29.4508
    endloop
  endfacet
  facet normal 0.353553 0.707107 -0.612372
    outer loop
      vertex -5.15898 -74.641 -41.3442
      vertex 14.641 -74.241 -29.4508
      vertex 14.841 -74.641 -29.7972
    endloop
  endfacet
  facet normal -0.353553 0.612372 -0.707107
    outer loop
      vertex -5.35898 -74.641 -41.3978
      vertex -5.55898 -74.2946 -40.9978
      vertex 11.7615 -64.2946 -40.9978
    endloop
  endfacet
  facet normal -0.353553 0.612372 -0.707107
    outer loop
      vertex -5.35898 -74.641 -41.3978
      vertex 11.7615 -64.2946 -40.9978
      vertex 11.9615 -64.641 -41.3978
    endloop
  endfacet
  facet normal -0.353553 0.612372 0.707107
    outer loop
      vertex -5.55898 -74.2946 -40.9978
      vertex -5.35898 -74.641 -40.5978
      vertex 11.9615 -64.641 -40.5978
    endloop
  endfacet
  facet normal -0.353553 0.612372 0.707107
    outer loop
      vertex -5.55898 -74.2946 -40.9978
      vertex 11.9615 -64.641 -40.5978
      vertex 11.7615 -64.2946 -40.9978
    endloop
  endfacet
  facet normal 0.353553 -0.612372 0.707107
    outer loop
      vertex -5.35898 -74.641 -40.5978
      vertex -5.15898 -74.9874 -40.9978
      vertex 12.1615 -64.9874 -40.9978
    endloop
  endfacet
  facet normal 0.353553 -0.612372 0.707107
    outer loop
      vertex -5.35898 -74.641 -40.5978
      vertex 12.1615 -64.9874 -40.9978
      vertex 11.9615 -64.641 -40.5978
    endloop
  endfacet
  facet normal 0.353553 -0.612372 -0.707107
    outer loop
      vertex -5.15898 -74.9874 -40.9978
      vertex -5.35898 -74.641 -41.3978
      vertex 11.9615 -64.641 -41.3978
    endloop
  endfacet
  facet normal 0.353553 -0.612372 -0.707107
    outer loop
      vertex -5.15898 -74.9874 -40.9978
      vertex 11.9615 -64.641 -41.3978
      vertex 12.1615 -64.9874 -40.9978
    endloop
  endfacet
  facet normal -0.707107 0.353553 -0.612372
    outer loop
      vertex -5.35898 -74.441 -41.3442
      vertex -5.75898 -74.641 -40.9978
      vertex -5.75898 -54.641 -29.4508
    endloop
  endfacet
  facet normal -0.707107 0.353553 -0.612372
    outer loop
      vertex -5.35898 -74.441 -41.3442
      vertex -5.75898 -54.641 -29.4508
      vertex -5.35898 -54.441 -29.7972
    endloop
  endfacet
  facet normal -0.707107 -0.353553 0.612372
    outer loop
      vertex -5.75898 -74.641 -40.9978
      vertex -5.35898 -74.841 -40.6514
      vertex -5.35898 -54.841 -29.1043
    endloop
  endfacet
  facet normal -0.707107 -0.353553 0.612372
    outer loop
      vertex -5.75898 -74.641 -40.9978
      vertex -5.35898 -54.841 -29.1043
      vertex -5.75898 -54.641 -29.4508
    endloop
  endfacet
  facet normal 0.707107 -0.353553 0.612372
    outer loop
      vertex -5.35898 -74.841 -40.6514
      vertex -4.95898 -74.641 -40.9978
      vertex -4.95898 -54.641 -29.4508
    endloop
  endfacet
  facet normal 0.707107 -0.353553 0.612372
    outer loop
      vertex -5.35898 -74.841 -40.6514
      vertex -4.95898 -54.641 -29.4508
      vertex -5.35898 -54.841 -29.1043
    endloop
  endfacet
  facet normal 0.707107 0.353553 -0.612372
    outer loop
      vertex -4.95898 -74.641 -40.9978
      vertex -5.35898 -74.441 -41.3442
      vertex -5.35898 -54.441 -29.7972
    endloop
  endfacet
  facet normal 0.707107 0.353553 -0.612372
    outer loop
      vertex -4.95898 -74.641 -40.9978
      vertex -5.35898 -54.441 -29.7972
      vertex -4.95898 -54.641 -29.4508
    endloop
  endfacet
  facet normal -0.645497 -0.67082 -0.365148
    outer loop
      vertex -5.35898 -74.894 -41.3076
      vertex -5.72413 -74.7675 -40.8945
      vertex -15.7241 -57.447 -55.0366
    endloop
  endfacet
  facet normal -0.645497 -0.67082 -0.365148
    outer loop
      vertex -5.35898 -74.894 -41.3076
      vertex -15.7241 -57.447 -55.0366
      vertex -15.359 -57.5735 -55.4497
    endloop
  endfacet
  facet normal -0.645497 0.223607 0.730297
    outer loop
      vertex -5.72413 -74.7675 -40.8945
      vertex -5.35898 -74.388 -40.6879
      vertex -15.359 -57.0675 -54.8301
    endloop
  endfacet
  facet normal -0.645497 0.223607 0.730297
    outer loop
      vertex -5.72413 -74.7675 -40.8945
      vertex -15.359 -57.0675 -54.8301
      vertex -15.7241 -57.447 -55.0366
    endloop
  endfacet
  facet normal 0.645497 0.67082 0.365148
    outer loop
      vertex -5.35898 -74.388 -40.6879
      vertex -4.99384 -74.5145 -41.101
      vertex -14.9938 -57.194 -55.2432
    endloop
  endfacet
  facet normal 0.645497 0.67082 0.365148
    outer loop
      vertex -5.35898 -74.388 -40.6879
      vertex -14.9938 -57.194 -55.2432
      vertex -15.359 -57.0675 -54.8301
    endloop
  endfacet
  facet normal 0.645497 -0.223607 -0.730297
    outer loop
      vertex -4.99384 -74.5145 -41.101
      vertex -5.35898 -74.894 -41.3076
      vertex -15.359 -57.5735 -55.4497
    endloop
  endfacet
  facet normal 0.645497 -0.223607 -0.730297
    outer loop
      vertex -4.99384 -74.5145 -41.101
      vertex -15.359 -57.5735 -55.4497
      vertex -14.9938 -57.194 -55.2432
    endloop
  endfacet
  facet normal -0.353553 0.707107 0.612372
    outer loop
      vertex -15.359 -56.9205 -55.1399
      vertex -15.559 -57.3205 -54.7935
      vertex 4.44102 -57.3205 -43.2465
    endloop
  endfacet
  facet normal -0.353553 0.707107 0.612372
    outer loop
      vertex -15.359 -56.9205 -55.1399
      vertex 4.44102 -57.3205 -43.2465
      vertex 4.64102 -56.9205 -43.5929
    endloop
  endfacet
  facet normal -0.353553 -0.707107 0.612372
    outer loop
      vertex -15.559 -57.3205 -54.7935
      vertex -15.359 -57.7205 -55.1399
      vertex 4.64102 -57.7205 -43.5929
    endloop
  endfacet
  facet normal -0.353553 -0.707107 0.612372
    outer loop
      vertex -15.559 -57.3205 -54.7935
      vertex 4.64102 -57.7205 -43.5929
      vertex 4.44102 -57.3205 -43.2465
    endloop
  endfacet
  facet normal 0.353553 -0.707107 -0.612372
    outer loop
      vertex -15.359 -57.7205 -55.1399
      vertex -15.159 -57.3205 -55.4863
      vertex 4.84102 -57.3205 -43.9393
    endloop
  endfacet
  facet normal 0.353553 -0.707107 -0.612372
    outer loop
      vertex -15.359 -57.7205 -55.1399
      vertex 4.84102 -57.3205 -43.9393
      vertex 4.64102 -57.7205 -43.5929
    endloop
  endfacet
  facet normal 0.353553 0.707107 -0.612372
    outer loop
      vertex -15.159 -57.3205 -55.4863
      vertex -15.359 -56.9205 -55.1399
      vertex 4.64102 -56.9205 -43.5929
    endloop
  endfacet
  facet normal 0.353553 0.707107 -0.612372
    outer loop
      vertex -15.159 -57.3205 -55.4863
      vertex 4.64102 -56.9205 -43.5929
      vertex 4.84102 -57.3205 -43.9393
    endloop
  endfacet
  facet normal -0.353553 0.612372 -0.707107
    outer loop
      vertex -15.359 -57.3205 -55.5399
      vertex -15.559 -56.9741 -55.1399
      vertex 1.76152 -46.9741 -55.1399
    endloop
  endfacet
  facet normal -0.353553 0.612372 -0.707107
    outer loop
      vertex -15.359 -57.3205 -55.5399
      vertex 1.76152 -46.9741 -55.1399
      vertex 1.96152 -47.3205 -55.5399
    endloop
  endfacet
  facet normal -0.353553 0.612372 0.707107
    outer loop
      vertex -15.559 -56.9741 -55.1399
      vertex -15.359 -57.3205 -54.7399
      vertex 1.96152 -47.3205 -54.7399
    endloop
  endfacet
  facet normal -0.353553 0.612372 0.707107
    outer loop
      vertex -15.559 -56.9741 -55.1399
      vertex 1.96152 -47.3205 -54.7399
      vertex 1.76152 -46.9741 -55.1399
    endloop
  endfacet
  facet normal 0.353553 -0.612372 0.707107
    outer loop
      vertex -15.359 -57.3205 -54.7399
      vertex -15.159 -57.6669 -55.1399
      vertex 2.16152 -47.6669 -55.1399
    endloop
  endfacet
  facet normal 0.353553 -0.612372 0.707107
    outer loop
      vertex -15.359 -57.3205 -54.7399
      vertex 2.16152 -47.6669 -55.1399
      vertex 1.96152 -47.3205 -54.7399
    endloop
  endfacet
  facet normal 0.353553 -0.612372 -0.707107
    outer loop
      vertex -15.159 -57.6669 -55.1399
      vertex -15.359 -57.3205 -55.5399
      vertex 1.96152 -47.3205 -55.5399
    endloop
  endfacet
  facet normal 0.353553 -0.612372 -0.707107
    outer loop
      vertex -15.159 -57.6669 -55.1399
      vertex 1.96152 -47.3205 -55.5399
      vertex 2.16152 -47.6669 -55.1399
    endloop
  endfacet
  facet normal -0.707107 0.353553 -0.612372
    outer loop
      vertex -15.359 -57.1205 -55.4863
      vertex -15.759 -57.3205 -55.1399
      vertex -15.759 -37.3205 -43.5929
    endloop
  endfacet
  facet normal -0.707107 0.353553 -0.612372
    outer loop
      vertex -15.359 -57.1205 -55.4863
      vertex -15.759 -37.3205 -43.5929
      vertex -15.359 -37.1205 -43.9393
    endloop
  endfacet
  facet normal -0.707107 -0.353553 0.612372
    outer loop
      vertex -15.759 -57.3205 -55.1399
      vertex -15.359 -57.5205 -54.7935
      vertex -15.359 -37.5205 -43.2465
    endloop
  endfacet
  facet normal -0.707107 -0.353553 0.612372
    outer loop
      vertex -15.759 -57.3205 -55.1399
      vertex -15.359 -37.5205 -43.2465
      vertex -15.759 -37.3205 -43.5929
    endloop
  endfacet
  facet normal 0.707107 -0.353553 0.612372
    outer loop
      vertex -15.359 -57.5205 -54.7935
      vertex -14.959 -57.3205 -55.1399
      vertex -14.959 -37.3205 -43.5929
    endloop
  endfacet
  facet normal 0.707107 -0.353553 0.612372
    outer loop
      vertex -15.359 -57.5205 -54.7935
      vertex -14.959 -37.3205 -43.5929
      vertex -15.359 -37.5205 -43.2465
    endloop
  endfacet
  facet normal 0.707107 0.353553 -0.612372
    outer loop
      vertex -14.959 -57.3205 -55.1399
      vertex -15.359 -57.1205 -55.4863
      vertex -15.359 -37.1205 -43.9393
    endloop
  endfacet
  facet normal 0.707107 0.353553 -0.612372
    outer loop
      vertex -14.959 -57.3205 -55.1399
      vertex -15.359 -37.1205 -43.9393
      vertex -14.959 -37.3205 -43.5929
    endloop
  endfacet
  facet normal -0.353553 0.707107 0.612372
    outer loop
      vertex -5.35898 -54.241 -29.4508
      vertex -5.55898 -54.641 -29.1043
      vertex 14.441 -54.641 -17.5573
    endloop
  endfacet
  facet normal -0.353553 0.707107 0.612372
    outer loop
      vertex -5.35898 -54.241 -29.4508
      vertex 14.441 -54.641 -17.5573
      vertex 14.641 -54.241 -17.9038
    endloop
  endfacet
  facet normal -0.353553 -0.707107 0.612372
    outer loop
      vertex -5.55898 -54.641 -29.1043
      vertex -5.35898 -55.041 -29.4508
      vertex 14.641 -55.041 -17.9038
    endloop
  endfacet
  facet normal -0.353553 -0.707107 0.612372
    outer loop
      vertex -5.55898 -54.641 -29.1043
      vertex 14.641 -55.041 -17.9038
      vertex 14.441 -54.641 -17.5573
    endloop
  endfacet
  facet normal 0.353553 -0.707107 -0.612372
    outer loop
      vertex -5.35898 -55.041 -29.4508
      vertex -5.15898 -54.641 -29.7972
      vertex 14.841 -54.641 -18.2502
    endloop
  endfacet
  facet normal 0.353553 -0.707107 -0.612372
    outer loop
      vertex -5.35898 -55.041 -29.4508
      vertex 14.841 -54.641 -18.2502
      vertex 14.641 -55.041 -17.9038
    endloop
  endfacet
  facet normal 0.353553 0.707107 -0.612372
    outer loop
      vertex -5.15898 -54.641 -29.7972
      vertex -5.35898 -54.241 -29.4508
      vertex 14.641 -54.241 -17.9038
    endloop
  endfacet
  facet normal 0.353553 0.707107 -0.612372
    outer loop
      vertex -5.15898 -54.641 -29.7972
      vertex 14.641 -54.241 -17.9038
      vertex 14.841 -54.641 -18.2502
    endloop
  endfacet
  facet normal -0.645497 -0.67082 -0.365148
    outer loop
      vertex -5.35898 -54.894 -29.7606
      vertex -5.72413 -54.7675 -29.3475
      vertex -15.7241 -37.447 -43.4896
    endloop
  endfacet
  facet normal -0.645497 -0.67082 -0.365148
    outer loop
      vertex -5.35898 -54.894 -29.7606
      vertex -15.7241 -37.447 -43.4896
      vertex -15.359 -37.5735 -43.9027
    endloop
  endfacet
  facet normal -0.645497 0.223607 0.730297
    outer loop
      vertex -5.72413 -54.7675 -29.3475
      vertex -5.35898 -54.388 -29.1409
      vertex -15.359 -37.0675 -43.2831
    endloop
  endfacet
  facet normal -0.645497 0.223607 0.730297
    outer loop
      vertex -5.72413 -54.7675 -29.3475
      vertex -15.359 -37.0675 -43.2831
      vertex -15.7241 -37.447 -43.4896
    endloop
  endfacet
  facet normal 0.645497 0.67082 0.365148
    outer loop
      vertex -5.35898 -54.388 -29.1409
      vertex -4.99384 -54.5145 -29.554
      vertex -14.9938 -37.194 -43.6962
    endloop
  endfacet
  facet normal 0.645497 0.67082 0.365148
    outer loop
      vertex -5.35898 -54.388 -29.1409
      vertex -14.9938 -37.194 -43.6962
      vertex -15.359 -37.0675 -43.2831
    endloop
  endfacet
  facet normal 0.645497 -0.223607 -0.730297
    outer loop
      vertex -4.99384 -54.5145 -29.554
      vertex -5.35898 -54.894 -29.7606
      vertex -15.359 -37.5735 -43.9027
    endloop
  endfacet
  facet normal 0.645497 -0.223607 -0.730297
    outer loop
      vertex -4.99384 -54.5145 -29.554
      vertex -15.359 -37.5735 -43.9027
      vertex -14.9938 -37.194 -43.6962
    endloop
  endfacet
  facet normal -0.353553 0.707107 0.612372
    outer loop
      vertex -15.359 -36.9205 -43.5929
      vertex -15.559 -37.3205 -43.2465
      vertex 4.44102 -37.3205 -31.6995
    endloop
  endfacet
  facet normal -0.353553 0.707107 0.612372
    outer loop
      vertex -15.359 -36.9205 -43.5929
      vertex 4.44102 -37.3205 -31.6995
      vertex 4.64102 -36.9205 -32.0459
    endloop
  endfacet
  facet normal -0.353553 -0.707107 0.612372
    outer loop
      vertex -15.559 -37.3205 -43.2465
      vertex -15.359 -37.7205 -43.5929
      vertex 4.64102 -37.7205 -32.0459
    endloop
  endfacet
  facet normal -0.353553 -0.707107 0.612372
    outer loop
      vertex -15.559 -37.3205 -43.2465
      vertex 4.64102 -37.7205 -32.0459
      vertex 4.44102 -37.3205 -31.6995
    endloop
  endfacet
  facet normal 0.353553 -0.707107 -0.612372
    outer loop
      vertex -15.359 -37.7205 -43.5929
      vertex -15.159 -37.3205 -43.9393
      vertex 4.84102 -37.3205 -32.3923
    endloop
  endfacet
  facet normal 0.353553 -0.707107 -0.612372
    outer loop
      vertex -15.359 -37.7205 -43.5929
      vertex 4.84102 -37.3205 -32.3923
      vertex 4.64102 -37.7205 -32.0459
    endloop
  endfacet
  facet normal 0.353553 0.707107 -0.612372
    outer loop
      vertex -15.159 -37.3205 -43.9393
      vertex -15.359 -36.9205 -43.5929
      vertex 4.64102 -36.9205 -32.0459
    endloop
  endfacet
  facet normal 0.353553 0.707107 -0.612372
    outer loop
      vertex -15.159 -37.3205 -43.9393
      vertex 4.64102 -36.9205 -32.0459
      vertex 4.84102 -37.3205 -32.3923
    endloop
  endfacet
  facet normal -0.353553 0.612372 -0.707107
    outer loop
      vertex -15.359 -37.3205 -43.9929
      vertex -15.559 -36.9741 -43.5929
      vertex 1.76152 -26.9741 -43.5929
    endloop
  endfacet
  facet normal -0.353553 0.612372 -0.707107
    outer loop
      vertex -15.359 -37.3205 -43.9929
      vertex 1.76152 -26.9741 -43.5929
      vertex 1.96152 -27.3205 -43.9929
    endloop
  endfacet
  facet normal -0.353553 0.612372 0.707107
    outer loop
      vertex -15.559 -36.9741 -43.5929
      vertex -15.359 -37.3205 -43.1929
      vertex 1.96152 -27.3205 -43.1929
    endloop
  endfacet
  facet normal -0.353553 0.612372 0.707107
    outer loop
      vertex -15.559 -36.9741 -43.5929
      vertex 1.96152 -27.3205 -43.1929
      vertex 1.76152 -26.9741 -43.5929
    endloop
  endfacet
  facet normal 0.353553 -0.612372 0.707107
    outer loop
      vertex -15.359 -37.3205 -43.1929
      vertex -15.159 -37.6669 -43.5929
      vertex 2.16152 -27.6669 -43.5929
    endloop
  endfacet
  facet normal 0.353553 -0.612372 0.707107
    outer loop
      vertex -15.359 -37.3205 -43.1929
      vertex 2.16152 -27.6669 -43.5929
      vertex 1.96152 -27.3205 -43.1929
    endloop
  endfacet
  facet normal 0.353553 -0.612372 -0.707107
    outer loop
      vertex -15.159 -37.6669 -43.5929
      vertex -15.359 -37.3205 -43.9929
      vertex 1.96152 -27.3205 -43.9929
    endloop
  endfacet
  facet normal 0.353553 -0.612372 -0.707107
    outer loop
      vertex -15.159 -37.6669 -43.5929
      vertex 1.96152 -27.3205 -43.9929
      vertex 2.16152 -27.6669 -43.5929
    endloop
  endfacet
  facet normal -0.707107 0.353553 -0.612372
    outer loop
      vertex -15.359 -37.1205 -43.9393
      vertex -15.759 -37.3205 -43.5929
      vertex -15.759 -17.3205 -32.0459
    endloop
  endfacet
  facet normal -0.707107 0.353553 -0.612372
    outer loop
      vertex -15.359 -37.1205 -43.9393
      vertex -15.759 -17.3205 -32.0459
      vertex -15.359 -17.1205 -32.3923
    endloop
  endfacet
  facet normal -0.707107 -0.353553 0.612372
    outer loop
      vertex -15.759 -37.3205 -43.5929
      vertex -15.359 -37.5205 -43.2465
      vertex -15.359 -17.5205 -31.6995
    endloop
  endfacet
  facet normal -0.707107 -0.353553 0.612372
    outer loop
      vertex -15.759 -37.3205 -43.5929
      vertex -15.359 -17.5205 -31.6995
      vertex -15.759 -17.3205 -32.0459
    endloop
  endfacet
  facet normal 0.707107 -0.353553 0.612372
    outer loop
      vertex -15.359 -37.5205 -43.2465
      vertex -14.959 -37.3205 -43.5929
      vertex -14.959 -17.3205 -32.0459
    endloop
  endfacet
  facet normal 0.707107 -0.353553 0.612372
    outer loop
      vertex -15.359 -37.5205 -43.2465
      vertex -14.959 -17.3205 -32.0459
      vertex -15.359 -17.5205 -31.6995
    endloop
  endfacet
  facet normal 0.707107 0.353553 -0.612372
    outer loop
      vertex -14.959 -37.3205 -43.5929
      vertex -15.359 -37.1205 -43.9393
      vertex -15.359 -17.1205 -32.3923
    endloop
  endfacet
  facet normal 0.707107 0.353553 -0.612372
    outer loop
      vertex -14.959 -37.3205 -43.5929
      vertex -15.359 -17.1205 -32.3923
      vertex -14.959 -17.3205 -32.0459
    endloop
  endfacet
  facet normal -0.353553 0.707107 0.612372
    outer loop
      vertex -15.359 -16.9205 -32.0459
      vertex -15.559 -17.3205 -31.6995
      vertex 4.44102 -17.3205 -20.1525
    endloop
  endfacet
  facet normal -0.353553 0.707107 0.612372
    outer loop
      vertex -15.359 -16.9205 -32.0459
      vertex 4.44102 -17.3205 -20.1525
      vertex 4.64102 -16.9205 -20.4989
    endloop
  endfacet
  facet normal -0.353553 -0.707107 0.612372
    outer loop
      vertex -15.559 -17.3205 -31.6995
      vertex -15.359 -17.7205 -32.0459
      vertex 4.64102 -17.7205 -20.4989
    endloop
  endfacet
  facet normal -0.353553 -0.707107 0.612372
    outer loop
      vertex -15.559 -17.3205 -31.6995
      vertex 4.64102 -17.7205 -20.4989
      vertex 4.44102 -17.3205 -20.1525
    endloop
  endfacet
  facet normal 0.353553 -0.707107 -0.612372
    outer loop
      vertex -15.359 -17.7205 -32.0459
      vertex -15.159 -17.3205 -32.3923
      vertex 4.84102 -17.3205 -20.8453
    endloop
  endfacet
  facet normal 0.353553 -0.707107 -0.612372
    outer loop
      vertex -15.359 -17.7205 -32.0459
      vertex 4.84102 -17.3205 -20.8453
      vertex 4.64102 -17.7205 -20.4989
    endloop
  endfacet
  facet normal 0.353553 0.707107 -0.612372
    outer loop
      vertex -15.159 -17.3205 -32.3923
      vertex -15.359 -16.9205 -32.0459
      vertex 4.64102 -16.9205 -20.4989
    endloop
  endfacet
  facet normal 0.353553 0.707107 -0.612372
    outer loop
      vertex -15.159 -17.3205 -32.3923
      vertex 4.64102 -16.9205 -20.4989
      vertex 4.84102 -17.3205 -20.8453
    endloop
  endfacet
  facet normal -0.353553 0.612372 -0.707107
    outer loop
      vertex -15.359 -17.3205 -32.4459
      vertex -15.559 -16.9741 -32.0459
      vertex 1.76152 -6.9741 -32.0459
    endloop
  endfacet
  facet normal -0.353553 0.612372 -0.707107
    outer loop
      vertex -15.359 -17.3205 -32.4459
      vertex 1.76152 -6.9741 -32.0459
      vertex 1.96152 -7.32051 -32.4459
    endloop
  endfacet
  facet normal -0.353553 0.612372 0.707107
    outer loop
      vertex -15.559 -16.9741 -32.0459
      vertex -15.359 -17.3205 -31.6459
      vertex 1.96152 -7.32051 -31.6459
    endloop
  endfacet
  facet normal -0.353553 0.612372 0.707107
    outer loop
      vertex -15.559 -16.9741 -32.0459
      vertex 1.96152 -7.32051 -31.6459
      vertex 1.76152 -6.9741 -32.0459
    endloop
  endfacet
  facet normal 0.353553 -0.612372 0.707107
    outer loop
      vertex -15.359 -17.3205 -31.6459
      vertex -15.159 -17.6669 -32.0459
      vertex 2.16152 -7.66692 -32.0459
    endloop
  endfacet
  facet normal 0.353553 -0.612372 0.707107
    outer loop
      vertex -15.359 -17.3205 -31.6459
      vertex 2.16152 -7.66692 -32.0459
      vertex 1.96152 -7.32051 -31.6459
    endloop
  endfacet
  facet normal 0.353553 -0.612372 -0.707107
    outer loop
      vertex -15.159 -17.6669 -32.0459
      vertex -15.359 -17.3205 -32.4459
      vertex 1.96152 -7.32051 -32.4459
    endloop
  endfacet
  facet normal 0.353553 -0.612372 -0.707107
    outer loop
      vertex -15.159 -17.6669 -32.0459
      vertex 1.96152 -7.32051 -32.4459
      vertex 2.16152 -7.66692 -32.0459
    endloop
  endfacet
  facet normal -0.645497 -0.67082 -0.365148
    outer loop
      vertex -15.359 -17.5735 -32.3557
      vertex -15.7241 -17.447 -31.9426
      vertex -25.7241 -0.126491 -46.0847
    endloop
  endfacet
  facet normal -0.645497 -0.67082 -0.365148
    outer loop
      vertex -15.359 -17.5735 -32.3557
      vertex -25.7241 -0.126491 -46.0847
      vertex -25.359 -0.252982 -46.4979
    endloop
  endfacet
  facet normal -0.645497 0.223607 0.730297
    outer loop
      vertex -15.7241 -17.447 -31.9426
      vertex -15.359 -17.0675 -31.736
      vertex -25.359 0.252982 -45.8782
    endloop
  endfacet
  facet normal -0.645497 0.223607 0.730297
    outer loop
      vertex -15.7241 -17.447 -31.9426
      vertex -25.359 0.252982 -45.8782
      vertex -25.7241 -0.126491 -46.0847
    endloop
  endfacet
  facet normal 0.645497 0.67082 0.365148
    outer loop
      vertex -15.359 -17.0675 -31.736
      vertex -14.9938 -17.194 -32.1492
      vertex -24.9938 0.126491 -46.2913
    endloop
  endfacet
  facet normal 0.645497 0.67082 0.365148
    outer loop
      vertex -15.359 -17.0675 -31.736
      vertex -24.9938 0.126491 -46.2913
      vertex -25.359 0.252982 -45.8782
    endloop
  endfacet
  facet normal 0.645497 -0.223607 -0.730297
    outer loop
      vertex -14.9938 -17.194 -32.1492
      vertex -15.359 -17.5735 -32.3557
      vertex -25.359 -0.252982 -46.4979
    endloop
  endfacet
  facet normal 0.645497 -0.223607 -0.730297
    outer loop
      vertex -14.9938 -17.194 -32.1492
      vertex -25.359 -0.252982 -46.4979
      vertex -24.9938 0.126491 -46.2913
    endloop
  endfacet
  facet normal -0.353553 0.707107 0.612372
    outer loop
      vertex -25.359 0.4 -46.188
      vertex -25.559 2.44929e-17 -45.8416
      vertex -5.55898 2.44929e-17 -34.2946
    endloop
  endfacet
  facet normal -0.353553 0.707107 0.612372
    outer loop
      vertex -25.359 0.4 -46.188
      vertex -5.55898 2.44929e-17 -34.2946
      vertex -5.35898 0.4 -34.641
    endloop
  endfacet
  facet normal -0.353553 -0.707107 0.612372
    outer loop
      vertex -25.559 2.44929e-17 -45.8416
      vertex -25.359 -0.4 -46.188
      vertex -5.35898 -0.4 -34.641
    endloop
  endfacet
  facet normal -0.353553 -0.707107 0.612372
    outer loop
      vertex -25.559 2.44929e-17 -45.8416
      vertex -5.35898 -0.4 -34.641
      vertex -5.55898 2.44929e-17 -34.2946
    endloop
  endfacet
  facet normal 0.353553 -0.707107 -0.612372
    outer loop
      vertex -25.359 -0.4 -46.188
      vertex -25.159 -7.34788e-17 -46.5344
      vertex -5.15898 -7.34788e-17 -34.9874
    endloop
  endfacet
  facet normal 0.353553 -0.707107 -0.612372
    outer loop
      vertex -25.359 -0.4 -46.188
      vertex -5.15898 -7.34788e-17 -34.9874
      vertex -5.35898 -0.4 -34.641
    endloop
  endfacet
  facet normal 0.353553 0.707107 -0.612372
    outer loop
      vertex -25.159 -7.34788e-17 -46.5344
      vertex -25.359 0.4 -46.188
      vertex -5.35898 0.4 -34.641
    endloop
  endfacet
  facet normal 0.353553 0.707107 -0.612372
    outer loop
      vertex -25.159 -7.34788e-17 -46.5344
      vertex -5.35898 0.4 -34.641
      vertex -5.15898 -7.34788e-17 -34.9874
    endloop
  endfacet
  facet normal -0.353553 0.612372 -0.707107
    outer loop
      vertex -25.359 0 -46.588
      vertex -25.559 0.34641 -46.188
      vertex -8.23848 10.3464 -46.188
    endloop
  endfacet
  facet normal -0.353553 0.612372 -0.707107
    outer loop
      vertex -25.359 0 -46.588
      vertex -8.23848 10.3464 -46.188
      vertex -8.03848 10 -46.588
    endloop
  endfacet
  facet normal -0.353553 0.612372 0.707107
    outer loop
      vertex -25.559 0.34641 -46.188
      vertex -25.359 4.2423e-17 -45.788
      vertex -8.03848 10 -45.788
    endloop
  endfacet
  facet normal -0.353553 0.612372 0.707107
    outer loop
      vertex -25.559 0.34641 -46.188
      vertex -8.03848 10 -45.788
      vertex -8.23848 10.3464 -46.188
    endloop
  endfacet
  facet normal 0.353553 -0.612372 0.707107
    outer loop
      vertex -25.359 4.2423e-17 -45.788
      vertex -25.159 -0.34641 -46.188
      vertex -7.83848 9.65359 -46.188
    endloop
  endfacet
  facet normal 0.353553 -0.612372 0.707107
    outer loop
      vertex -25.359 4.2423e-17 -45.788
      vertex -7.83848 9.65359 -46.188
      vertex -8.03848 10 -45.788
    endloop
  endfacet
  facet normal 0.353553 -0.612372 -0.707107
    outer loop
      vertex -25.159 -0.34641 -46.188
      vertex -25.359 0 -46.588
      vertex -8.03848 10 -46.588
    endloop
  endfacet
  facet normal 0.353553 -0.612372 -0.707107
    outer loop
      vertex -25.159 -0.34641 -46.188
      vertex -8.03848 10 -46.588
      vertex -7.83848 9.65359 -46.188
    endloop
  endfacet
  facet normal -0.707107 0.353553 -0.612372
    outer loop
      vertex -25.359 0.2 -46.5344
      vertex -25.759 1.22465e-17 -46.188
      vertex -25.759 20 -34.641
    endloop
  endfacet
  facet normal -0.707107 0.353553 -0.612372
    outer loop
      vertex -25.359 0.2 -46.5344
      vertex -25.759 20 -34.641
      vertex -25.359 20.2 -34.9874
    endloop
  endfacet
  facet normal -0.707107 -0.353553 0.612372
    outer loop
      vertex -25.759 1.22465e-17 -46.188
      vertex -25.359 -0.2 -45.8416
      vertex -25.359 19.8 -34.2946
    endloop
  endfacet
  facet normal -0.707107 -0.353553 0.612372
    outer loop
      vertex -25.759 1.22465e-17 -46.188
      vertex -25.359 19.8 -34.2946
      vertex -25.759 20 -34.641
    endloop
  endfacet
  facet normal 0.707107 -0.353553 0.612372
    outer loop
      vertex -25.359 -0.2 -45.8416
      vertex -24.959 -3.67394e-17 -46.188
      vertex -24.959 20 -34.641
    endloop
  endfacet
  facet normal 0.707107 -0.353553 0.612372
    outer loop
      vertex -25.359 -0.2 -45.8416
      vertex -24.959 20 -34.641
      vertex -25.359 19.8 -34.2946
    endloop
  endfacet
  facet normal 0.707107 0.353553 -0.612372
    outer loop
      vertex -24.959 -3.67394e-17 -46.188
      vertex -25.359 0.2 -46.5344
      vertex -25.359 20.2 -34.9874
    endloop
  endfacet
  facet normal 0.707107 0.353553 -0.612372
    outer loop
      vertex -24.959 -3.67394e-17 -46.188
      vertex -25.359 20.2 -34.9874
      vertex -24.959 20 -34.641
    endloop
  endfacet
  facet normal -0.353553 0.707107 0.612372
    outer loop
      vertex -25.359 20.4 -34.641
      vertex -25.559 20 -34.2946
      vertex -5.55898 20 -22.7476
    endloop
  endfacet
  facet normal -0.353553 0.707107 0.612372
    outer loop
      vertex -25.359 20.4 -34.641
      vertex -5.55898 20 -22.7476
      vertex -5.35898 20.4 -23.094
    endloop
  endfacet
  facet normal -0.353553 -0.707107 0.612372
    outer loop
      vertex -25.559 20 -34.2946
      vertex -25.359 19.6 -34.641
      vertex -5.35898 19.6 -23.094
    endloop
  endfacet
  facet normal -0.353553 -0.707107 0.612372
    outer loop
      vertex -25.559 20 -34.2946
      vertex -5.35898 19.6 -23.094
      vertex -5.55898 20 -22.7476
    endloop
  endfacet
  facet normal 0.353553 -0.707107 -0.612372
    outer loop
      vertex -25.359 19.6 -34.641
      vertex -25.159 20 -34.9874
      vertex -5.15898 20 -23.4404
    endloop
  endfacet
  facet normal 0.353553 -0.707107 -0.612372
    outer loop
      vertex -25.359 19.6 -34.641
      vertex -5.15898 20 -23.4404
      vertex -5.35898 19.6 -23.094
    endloop
  endfacet
  facet normal 0.353553 0.707107 -0.612372
    outer loop
      vertex -25.159 20 -34.9874
      vertex -25.359 20.4 -34.641
      vertex -5.35898 20.4 -23.094
    endloop
  endfacet
  facet normal 0.353553 0.707107 -0.612372
    outer loop
      vertex -25.159 20 -34.9874
      vertex -5.35898 20.4 -23.094
      vertex -5.15898 20 -23.4404
    endloop
  endfacet
  facet normal -0.353553 0.612372 -0.707107
    outer loop
      vertex -25.359 20 -35.041
      vertex -25.559 20.3464 -34.641
      vertex -8.23848 30.3464 -34.641
    endloop
  endfacet
  facet normal -0.353553 0.612372 -0.707107
    outer loop
      vertex -25.359 20 -35.041
      vertex -8.23848 30.3464 -34.641
      vertex -8.03848 30 -35.041
    endloop
  endfacet
  facet normal -0.353553 0.612372 0.707107
    outer loop
      vertex -25.559 20.3464 -34.641
      vertex -25.359 20 -34.241
      vertex -8.03848 30 -34.241
    endloop
  endfacet
  facet normal -0.353553 0.612372 0.707107
    outer loop
      vertex -25.559 20.3464 -34.641
      vertex -8.03848 30 -34.241
      vertex -8.23848 30.3464 -34.641
    endloop
  endfacet
  facet normal 0.353553 -0.612372 0.707107
    outer loop
      vertex -25.359 20 -34.241
      vertex -25.159 19.6536 -34.641
      vertex -7.83848 29.6536 -34.641
    endloop
  endfacet
  facet normal 0.353553 -0.612372 0.707107
    outer loop
      vertex -25.359 20 -34.241
      vertex -7.83848 29.6536 -34.641
      vertex -8.03848 30 -34.241
    endloop
  endfacet
  facet normal 0.353553 -0.612372 -0.707107
    outer loop
      vertex -25.159 19.6536 -34.641
      vertex -25.359 20 -35.041
      vertex -8.03848 30 -35.041
    endloop
  endfacet
  facet normal 0.353553 -0.612372 -0.707107
    outer loop
      vertex -25.159 19.6536 -34.641
      vertex -8.03848 30 -35.041
      vertex -7.83848 29.6536 -34.641
    endloop
  endfacet
  facet normal -0.707107 0.353553 -0.612372
    outer loop
      vertex -25.359 20.2 -34.9874
      vertex -25.759 20 -34.641
      vertex -25.759 40 -23.094
    endloop
  endfacet
  facet normal -0.707107 0.353553 -0.612372
    outer loop
      vertex -25.359 20.2 -34.9874
      vertex -25.759 40 -23.094
      vertex -25.359 40.2 -23.4404
    endloop
  endfacet
  facet normal -0.707107 -0.353553 0.612372
    outer loop
      vertex -25.759 20 -34.641
      vertex -25.359 19.8 -34.2946
      vertex -25.359 39.8 -22.7476
    endloop
  endfacet
  facet normal -0.707107 -0.353553 0.612372
    outer loop
      vertex -25.759 20 -34.641
      vertex -25.359 39.8 -22.7476
      vertex -25.759 40 -23.094
    endloop
  endfacet
  facet normal 0.707107 -0.353553 0.612372
    outer loop
      vertex -25.359 19.8 -34.2946
      vertex -24.959 20 -34.641
      vertex -24.959 40 -23.094
    endloop
  endfacet
  facet normal 0.707107 -0.353553 0.612372
    outer loop
      vertex -25.359 19.8 -34.2946
      vertex -24.959 40 -23.094
      vertex -25.359 39.8 -22.7476
    endloop
  endfacet
  facet normal 0.707107 0.353553 -0.612372
    outer loop
      vertex -24.959 20 -34.641
      vertex -25.359 20.2 -34.9874
      vertex -25.359 40.2 -23.4404
    endloop
  endfacet
  facet normal 0.707107 0.353553 -0.612372
    outer loop
      vertex -24.959 20 -34.641
      vertex -25.359 40.2 -23.4404
      vertex -24.959 40 -23.094
    endloop
  endfacet
  facet normal -0.645497 -0.67082 -0.365148
    outer loop
      vertex -25.359 19.747 -34.9509
      vertex -25.7241 19.8735 -34.5377
      vertex -35.7241 37.194 -48.6799
    endloop
  endfacet
  facet normal -0.645497 -0.67082 -0.365148
    outer loop
      vertex -25.359 19.747 -34.9509
      vertex -35.7241 37.194 -48.6799
      vertex -35.359 37.0675 -49.093
    endloop
  endfacet
  facet normal -0.645497 0.223607 0.730297
    outer loop
      vertex -25.7241 19.8735 -34.5377
      vertex -25.359 20.253 -34.3312
      vertex -35.359 37.5735 -48.4733
    endloop
  endfacet
  facet normal -0.645497 0.223607 0.730297
    outer loop
      vertex -25.7241 19.8735 -34.5377
      vertex -35.359 37.5735 -48.4733
      vertex -35.7241 37.194 -48.6799
    endloop
  endfacet
  facet normal 0.645497 0.67082 0.365148
    outer loop
      vertex -25.359 20.253 -34.3312
      vertex -24.9938 20.1265 -34.7443
      vertex -34.9938 37.447 -48.8864
    endloop
  endfacet
  facet normal 0.645497 0.67082 0.365148
    outer loop
      vertex -25.359 20.253 -34.3312
      vertex -34.9938 37.447 -48.8864
      vertex -35.359 37.5735 -48.4733
    endloop
  endfacet
  facet normal 0.645497 -0.223607 -0.730297
    outer loop
      vertex -24.9938 20.1265 -34.7443
      vertex -25.359 19.747 -34.9509
      vertex -35.359 37.0675 -49.093
    endloop
  endfacet
  facet normal 0.645497 -0.223607 -0.730297
    outer loop
      vertex -24.9938 20.1265 -34.7443
      vertex -35.359 37.0675 -49.093
      vertex -34.9938 37.447 -48.8864
    endloop
  endfacet
  facet normal -0.353553 0.707107 0.612372
    outer loop
      vertex -35.359 37.7205 -48.7832
      vertex -35.559 37.3205 -48.4367
      vertex -15.559 37.3205 -36.8897
    endloop
  endfacet
  facet normal -0.353553 0.707107 0.612372
    outer loop
      vertex -35.359 37.7205 -48.7832
      vertex -15.559 37.3205 -36.8897
      vertex -15.359 37.7205 -37.2361
    endloop
  endfacet
  facet normal -0.353553 -0.707107 0.612372
    outer loop
      vertex -35.559 37.3205 -48.4367
      vertex -35.359 36.9205 -48.7832
      vertex -15.359 36.9205 -37.2361
    endloop
  endfacet
  facet normal -0.353553 -0.707107 0.612372
    outer loop
      vertex -35.559 37.3205 -48.4367
      vertex -15.359 36.9205 -37.2361
      vertex -15.559 37.3205 -36.8897
    endloop
  endfacet
  facet normal 0.353553 -0.707107 -0.612372
    outer loop
      vertex -35.359 36.9205 -48.7832
      vertex -35.159 37.3205 -49.1296
      vertex -15.159 37.3205 -37.5826
    endloop
  endfacet
  facet normal 0.353553 -0.707107 -0.612372
    outer loop
      vertex -35.359 36.9205 -48.7832
      vertex -15.159 37.3205 -37.5826
      vertex -15.359 36.9205 -37.2361
    endloop
  endfacet
  facet normal 0.353553 0.707107 -0.612372
    outer loop
      vertex -35.159 37.3205 -49.1296
      vertex -35.359 37.7205 -48.7832
      vertex -15.359 37.7205 -37.2361
    endloop
  endfacet
  facet normal 0.353553 0.707107 -0.612372
    outer loop
      vertex -35.159 37.3205 -49.1296
      vertex -15.359 37.7205 -37.2361
      vertex -15.159 37.3205 -37.5826
    endloop
  endfacet
  facet normal -0.353553 0.612372 -0.707107
    outer loop
      vertex -35.359 37.3205 -49.1832
      vertex -35.559 37.6669 -48.7832
      vertex -18.2385 47.6669 -48.7832
    endloop
  endfacet
  facet normal -0.353553 0.612372 -0.707107
    outer loop
      vertex -35.359 37.3205 -49.1832
      vertex -18.2385 47.6669 -48.7832
      vertex -18.0385 47.3205 -49.1832
    endloop
  endfacet
  facet normal -0.353553 0.612372 0.707107
    outer loop
      vertex -35.559 37.6669 -48.7832
      vertex -35.359 37.3205 -48.3832
      vertex -18.0385 47.3205 -48.3832
    endloop
  endfacet
  facet normal -0.353553 0.612372 0.707107
    outer loop
      vertex -35.559 37.6669 -48.7832
      vertex -18.0385 47.3205 -48.3832
      vertex -18.2385 47.6669 -48.7832
    endloop
  endfacet
  facet normal 0.353553 -0.612372 0.707107
    outer loop
      vertex -35.359 37.3205 -48.3832
      vertex -35.159 36.9741 -48.7832
      vertex -17.8385 46.9741 -48.7832
    endloop
  endfacet
  facet normal 0.353553 -0.612372 0.707107
    outer loop
      vertex -35.359 37.3205 -48.3832
      vertex -17.8385 46.9741 -48.7832
      vertex -18.0385 47.3205 -48.3832
    endloop
  endfacet
  facet normal 0.353553 -0.612372 -0.707107
    outer loop
      vertex -35.159 36.9741 -48.7832
      vertex -35.359 37.3205 -49.1832
      vertex -18.0385 47.3205 -49.1832
    endloop
  endfacet
  facet normal 0.353553 -0.612372 -0.707107
    outer loop
      vertex -35.159 36.9741 -48.7832
      vertex -18.0385 47.3205 -49.1832
      vertex -17.8385 46.9741 -48.7832
    endloop
  endfacet
  facet normal -0.707107 0.353553 -0.612372
    outer loop
      vertex -35.359 37.5205 -49.1296
      vertex -35.759 37.3205 -48.7832
      vertex -35.759 57.3205 -37.2361
    endloop
  endfacet
  facet normal -0.707107 0.353553 -0.612372
    outer loop
      vertex -35.359 37.5205 -49.1296
      vertex -35.759 57.3205 -37.2361
      vertex -35.359 57.5205 -37.5826
    endloop
  endfacet
  facet normal -0.707107 -0.353553 0.612372
    outer loop
      vertex -35.759 37.3205 -48.7832
      vertex -35.359 37.1205 -48.4367
      vertex -35.359 57.1205 -36.8897
    endloop
  endfacet
  facet normal -0.707107 -0.353553 0.612372
    outer loop
      vertex -35.759 37.3205 -48.7832
      vertex -35.359 57.1205 -36.8897
      vertex -35.759 57.3205 -37.2361
    endloop
  endfacet
  facet normal 0.707107 -0.353553 0.612372
    outer loop
      vertex -35.359 37.1205 -48.4367
      vertex -34.959 37.3205 -48.7832
      vertex -34.959 57.3205 -37.2361
    endloop
  endfacet
  facet normal 0.707107 -0.353553 0.612372
    outer loop
      vertex -35.359 37.1205 -48.4367
      vertex -34.959 57.3205 -37.2361
      vertex -35.359 57.1205 -36.8897
    endloop
  endfacet
  facet normal 0.707107 0.353553 -0.612372
    outer loop
      vertex -34.959 37.3205 -48.7832
      vertex -35.359 37.5205 -49.1296
      vertex -35.359 57.5205 -37.5826
    endloop
  endfacet
  facet normal 0.707107 0.353553 -0.612372
    outer loop
      vertex -34.959 37.3205 -48.7832
      vertex -35.359 57.5205 -37.5826
      vertex -34.959 57.3205 -37.2361
    endloop
  endfacet
  facet normal -0.645497 -0.67082 -0.365148
    outer loop
      vertex -25.359 39.747 -23.4038
      vertex -25.7241 39.8735 -22.9907
      vertex -35.7241 57.194 -37.1329
    endloop
  endfacet
  facet normal -0.645497 -0.67082 -0.365148
    outer loop
      vertex -25.359 39.747 -23.4038
      vertex -35.7241 57.194 -37.1329
      vertex -35.359 57.0675 -37.546
    endloop
  endfacet
  facet normal -0.645497 0.223607 0.730297
    outer loop
      vertex -25.7241 39.8735 -22.9907
      vertex -25.359 40.253 -22.7842
      vertex -35.359 57.5735 -36.9263
    endloop
  endfacet
  facet normal -0.645497 0.223607 0.730297
    outer loop
      vertex -25.7241 39.8735 -22.9907
      vertex -35.359 57.5735 -36.9263
      vertex -35.7241 57.194 -37.1329
    endloop
  endfacet
  facet normal 0.645497 0.67082 0.365148
    outer loop
      vertex -25.359 40.253 -22.7842
      vertex -24.9938 40.1265 -23.1973
      vertex -34.9938 57.447 -37.3394
    endloop
  endfacet
  facet normal 0.645497 0.67082 0.365148
    outer loop
      vertex -25.359 40.253 -22.7842
      vertex -34.9938 57.447 -37.3394
      vertex -35.359 57.5735 -36.9263
    endloop
  endfacet
  facet normal 0.645497 -0.223607 -0.730297
    outer loop
      vertex -24.9938 40.1265 -23.1973
      vertex -25.359 39.747 -23.4038
      vertex -35.359 57.0675 -37.546
    endloop
  endfacet
  facet normal 0.645497 -0.223607 -0.730297
    outer loop
      vertex -24.9938 40.1265 -23.1973
      vertex -35.359 57.0675 -37.546
      vertex -34.9938 57.447 -37.3394
    endloop
  endfacet
  facet normal -0.353553 0.707107 0.612372
    outer loop
      vertex -35.359 57.7205 -37.2361
      vertex -35.559 57.3205 -36.8897
      vertex -15.559 57.3205 -25.3427
    endloop
  endfacet
  facet normal -0.353553 0.707107 0.612372
    outer loop
      vertex -35.359 57.7205 -37.2361
      vertex -15.559 57.3205 -25.3427
      vertex -15.359 57.7205 -25.6891
    endloop
  endfacet
  facet normal -0.353553 -0.707107 0.612372
    outer loop
      vertex -35.559 57.3205 -36.8897
      vertex -35.359 56.9205 -37.2361
      vertex -15.359 56.9205 -25.6891
    endloop
  endfacet
  facet normal -0.353553 -0.707107 0.612372
    outer loop
      vertex -35.559 57.3205 -36.8897
      vertex -15.359 56.9205 -25.6891
      vertex -15.559 57.3205 -25.3427
    endloop
  endfacet
  facet normal 0.353553 -0.707107 -0.612372
    outer loop
      vertex -35.359 56.9205 -37.2361
      vertex -35.159 57.3205 -37.5826
      vertex -15.159 57.3205 -26.0356
    endloop
  endfacet
  facet normal 0.353553 -0.707107 -0.612372
    outer loop
      vertex -35.359 56.9205 -37.2361
      vertex -15.159 57.3205 -26.0356
      vertex -15.359 56.9205 -25.6891
    endloop
  endfacet
  facet normal 0.353553 0.707107 -0.612372
    outer loop
      vertex -35.159 57.3205 -37.5826
      vertex -35.359 57.7205 -37.2361
      vertex -15.359 57.7205 -25.6891
    endloop
  endfacet
  facet normal 0.353553 0.707107 -0.612372
    outer loop
      vertex -35.159 57.3205 -37.5826
      vertex -15.359 57.7205 -25.6891
      vertex -15.159 57.3205 -26.0356
    endloop
  endfacet
  facet normal -0.353553 0.612372 -0.707107
    outer loop
      vertex -35.359 57.3205 -37.6361
      vertex -35.559 57.6669 -37.2361
      vertex -18.2385 67.6669 -37.2361
    endloop
  endfacet
  facet normal -0.353553 0.612372 -0.707107
    outer loop
      vertex -35.359 57.3205 -37.6361
      vertex -18.2385 67.6669 -37.2361
      vertex -18.0385 67.3205 -37.6361
    endloop
  endfacet
  facet normal -0.353553 0.612372 0.707107
    outer loop
      vertex -35.559 57.6669 -37.2361
      vertex -35.359 57.3205 -36.8361
      vertex -18.0385 67.3205 -36.8361
    endloop
  endfacet
  facet normal -0.353553 0.612372 0.707107
    outer loop
      vertex -35.559 57.6669 -37.2361
      vertex -18.0385 67.3205 -36.8361
      vertex -18.2385 67.6669 -37.2361
    endloop
  endfacet
  facet normal 0.353553 -0.612372 0.707107
    outer loop
      vertex -35.359 57.3205 -36.8361
      vertex -35.159 56.9741 -37.2361
      vertex -17.8385 66.9741 -37.2361
    endloop
  endfacet
  facet normal 0.353553 -0.612372 0.707107
    outer loop
      vertex -35.359 57.3205 -36.8361
      vertex -17.8385 66.9741 -37.2361
      vertex -18.0385 67.3205 -36.8361
    endloop
  endfacet
  facet normal 0.353553 -0.612372 -0.707107
    outer loop
      vertex -35.159 56.9741 -37.2361
      vertex -35.359 57.3205 -37.6361
      vertex -18.0385 67.3205 -37.6361
    endloop
  endfacet
  facet normal 0.353553 -0.612372 -0.707107
    outer loop
      vertex -35.159 56.9741 -37.2361
      vertex -18.0385 67.3205 -37.6361
      vertex -17.8385 66.9741 -37.2361
    endloop
  endfacet
  facet normal -0.707107 0.353553 -0.612372
    outer loop
      vertex -35.359 57.5205 -37.5826
      vertex -35.759 57.3205 -37.2361
      vertex -35.759 77.3205 -25.6891
    endloop
  endfacet
  facet normal -0.707107 0.353553 -0.612372
    outer loop
      vertex -35.359 57.5205 -37.5826
      vertex -35.759 77.3205 -25.6891
      vertex -35.359 77.5205 -26.0356
    endloop
  endfacet
  facet normal -0.707107 -0.353553 0.612372
    outer loop
      vertex -35.759 57.3205 -37.2361
      vertex -35.359 57.1205 -36.8897
      vertex -35.359 77.1205 -25.3427
    endloop
  endfacet
  facet normal -0.707107 -0.353553 0.612372
    outer loop
      vertex -35.759 57.3205 -37.2361
      vertex -35.359 77.1205 -25.3427
      vertex -35.759 77.3205 -25.6891
    endloop
  endfacet
  facet normal 0.707107 -0.353553 0.612372
    outer loop
      vertex -35.359 57.1205 -36.8897
      vertex -34.959 57.3205 -37.2361
      vertex -34.959 77.3205 -25.6891
    endloop
  endfacet
  facet normal 0.707107 -0.353553 0.612372
    outer loop
      vertex -35.359 57.1205 -36.8897
      vertex -34.959 77.3205 -25.6891
      vertex -35.359 77.1205 -25.3427
    endloop
  endfacet
  facet normal 0.707107 0.353553 -0.612372
    outer loop
      vertex -34.959 57.3205 -37.2361
      vertex -35.359 57.5205 -37.5826
      vertex -35.359 77.5205 -26.0356
    endloop
  endfacet
  facet normal 0.707107 0.353553 -0.612372
    outer loop
      vertex -34.959 57.3205 -37.2361
      vertex -35.359 77.5205 -26.0356
      vertex -34.959 77.3205 -25.6891
    endloop
  endfacet
  facet normal -0.645497 -0.67082 -0.365148
    outer loop
      vertex -35.359 57.0675 -37.546
      vertex -35.7241 57.194 -37.1329
      vertex -45.7241 74.5145 -51.275
    endloop
  endfacet
  facet normal -0.645497 -0.67082 -0.365148
    outer loop
      vertex -35.359 57.0675 -37.546
      vertex -45.7241 74.5145 -51.275
      vertex -45.359 74.388 -51.6881
    endloop
  endfacet
  facet normal -0.645497 0.223607 0.730297
    outer loop
      vertex -35.7241 57.194 -37.1329
      vertex -35.359 57.5735 -36.9263
      vertex -45.359 74.894 -51.0684
    endloop
  endfacet
  facet normal -0.645497 0.223607 0.730297
    outer loop
      vertex -35.7241 57.194 -37.1329
      vertex -45.359 74.894 -51.0684
      vertex -45.7241 74.5145 -51.275
    endloop
  endfacet
  facet normal 0.645497 0.67082 0.365148
    outer loop
      vertex -35.359 57.5735 -36.9263
      vertex -34.9938 57.447 -37.3394
      vertex -44.9938 74.7675 -51.4816
    endloop
  endfacet
  facet normal 0.645497 0.67082 0.365148
    outer loop
      vertex -35.359 57.5735 -36.9263
      vertex -44.9938 74.7675 -51.4816
      vertex -45.359 74.894 -51.0684
    endloop
  endfacet
  facet normal 0.645497 -0.223607 -0.730297
    outer loop
      vertex -34.9938 57.447 -37.3394
      vertex -35.359 57.0675 -37.546
      vertex -45.359 74.388 -51.6881
    endloop
  endfacet
  facet normal 0.645497 -0.223607 -0.730297
    outer loop
      vertex -34.9938 57.447 -37.3394
      vertex -45.359 74.388 -51.6881
      vertex -44.9938 74.7675 -51.4816
    endloop
  endfacet
  facet normal -0.353553 0.707107 0.612372
    outer loop
      vertex -45.359 75.041 -51.3783
      vertex -45.559 74.641 -51.0319
      vertex -25.559 74.641 -39.4849
    endloop
  endfacet
  facet normal -0.353553 0.707107 0.612372
    outer loop
      vertex -45.359 75.041 -51.3783
      vertex -25.559 74.641 -39.4849
      vertex -25.359 75.041 -39.8313
    endloop
  endfacet
  facet normal -0.353553 -0.707107 0.612372
    outer loop
      vertex -45.559 74.641 -51.0319
      vertex -45.359 74.241 -51.3783
      vertex -25.359 74.241 -39.8313
    endloop
  endfacet
  facet normal -0.353553 -0.707107 0.612372
    outer loop
      vertex -45.559 74.641 -51.0319
      vertex -25.359 74.241 -39.8313
      vertex -25.559 74.641 -39.4849
    endloop
  endfacet
  facet normal 0.353553 -0.707107 -0.612372
    outer loop
      vertex -45.359 74.241 -51.3783
      vertex -45.159 74.641 -51.7247
      vertex -25.159 74.641 -40.1777
    endloop
  endfacet
  facet normal 0.353553 -0.707107 -0.612372
    outer loop
      vertex -45.359 74.241 -51.3783
      vertex -25.159 74.641 -40.1777
      vertex -25.359 74.241 -39.8313
    endloop
  endfacet
  facet normal 0.353553 0.707107 -0.612372
    outer loop
      vertex -45.159 74.641 -51.7247
      vertex -45.359 75.041 -51.3783
      vertex -25.359 75.041 -39.8313
    endloop
  endfacet
  facet normal 0.353553 0.707107 -0.612372
    outer loop
      vertex -45.159 74.641 -51.7247
      vertex -25.359 75.041 -39.8313
      vertex -25.159 74.641 -40.1777
    endloop
  endfacet
  facet normal -0.353553 0.612372 -0.707107
    outer loop
      vertex -45.359 74.641 -51.7783
      vertex -45.559 74.9874 -51.3783
      vertex -28.2385 84.9874 -51.3783
    endloop
  endfacet
  facet normal -0.353553 0.612372 -0.707107
    outer loop
      vertex -45.359 74.641 -51.7783
      vertex -28.2385 84.9874 -51.3783
      vertex -28.0385 84.641 -51.7783
    endloop
  endfacet
  facet normal -0.353553 0.612372 0.707107
    outer loop
      vertex -45.559 74.9874 -51.3783
      vertex -45.359 74.641 -50.9783
      vertex -28.0385 84.641 -50.9783
    endloop
  endfacet
  facet normal -0.353553 0.612372 0.707107
    outer loop
      vertex -45.559 74.9874 -51.3783
      vertex -28.0385 84.641 -50.9783
      vertex -28.2385 84.9874 -51.3783
    endloop
  endfacet
  facet normal 0.353553 -0.612372 0.707107
    outer loop
      vertex -45.359 74.641 -50.9783
      vertex -45.159 74.2946 -51.3783
      vertex -27.8385 84.2946 -51.3783
    endloop
  endfacet
  facet normal 0.353553 -0.612372 0.707107
    outer loop
      vertex -45.359 74.641 -50.9783
      vertex -27.8385 84.2946 -51.3783
      vertex -28.0385 84.641 -50.9783
    endloop
  endfacet
  facet normal 0.353553 -0.612372 -0.707107
    outer loop
      vertex -45.159 74.2946 -51.3783
      vertex -45.359 74.641 -51.7783
      vertex -28.0385 84.641 -51.7783
    endloop
  endfacet
  facet normal 0.353553 -0.612372 -0.707107
    outer loop
      vertex -45.159 74.2946 -51.3783
      vertex -28.0385 84.641 -51.7783
      vertex -27.8385 84.2946 -51.3783
    endloop
  endfacet
  facet normal -0.707107 0.353553 -0.612372
    outer loop
      vertex -45.359 74.841 -51.7247
      vertex -45.759 74.641 -51.3783
      vertex -45.759 94.641 -39.8313
    endloop
  endfacet
  facet normal -0.707107 0.353553 -0.612372
    outer loop
      vertex -45.359 74.841 -51.7247
      vertex -45.759 94.641 -39.8313
      vertex -45.359 94.841 -40.1777
    endloop
  endfacet
  facet normal -0.707107 -0.353553 0.612372
    outer loop
      vertex -45.759 74.641 -51.3783
      vertex -45.359 74.441 -51.0319
      vertex -45.359 94.441 -39.4849
    endloop
  endfacet
  facet normal -0.707107 -0.353553 0.612372
    outer loop
      vertex -45.759 74.641 -51.3783
      vertex -45.359 94.441 -39.4849
      vertex -45.759 94.641 -39.8313
    endloop
  endfacet
  facet normal 0.707107 -0.353553 0.612372
    outer loop
      vertex -45.359 74.441 -51.0319
      vertex -44.959 74.641 -51.3783
      vertex -44.959 94.641 -39.8313
    endloop
  endfacet
  facet normal 0.707107 -0.353553 0.612372
    outer loop
      vertex -45.359 74.441 -51.0319
      vertex -44.959 94.641 -39.8313
      vertex -45.359 94.441 -39.4849
    endloop
  endfacet
  facet normal 0.707107 0.353553 -0.612372
    outer loop
      vertex -44.959 74.641 -51.3783
      vertex -45.359 74.841 -51.7247
      vertex -45.359 94.841 -40.1777
    endloop
  endfacet
  facet normal 0.707107 0.353553 -0.612372
    outer loop
      vertex -44.959 74.641 -51.3783
      vertex -45.359 94.841 -40.1777
      vertex -44.959 94.641 -39.8313
    endloop
  endfacet
  facet normal -0.353553 0.707107 0.612372
    outer loop
      vertex -35.359 77.7205 -25.6891
      vertex -35.559 77.3205 -25.3427
      vertex -15.559 77.3205 -13.7957
    endloop
  endfacet
  facet normal -0.353553 0.707107 0.612372
    outer loop
      vertex -35.359 77.7205 -25.6891
      vertex -15.559 77.3205 -13.7957
      vertex -15.359 77.7205 -14.1421
    endloop
  endfacet
  facet normal -0.353553 -0.707107 0.612372
    outer loop
      vertex -35.559 77.3205 -25.3427
      vertex -35.359 76.9205 -25.6891
      vertex -15.359 76.9205 -14.1421
    endloop
  endfacet
  facet normal -0.353553 -0.707107 0.612372
    outer loop
      vertex -35.559 77.3205 -25.3427
      vertex -15.359 76.9205 -14.1421
      vertex -15.559 77.3205 -13.7957
    endloop
  endfacet
  facet normal 0.353553 -0.707107 -0.612372
    outer loop
      vertex -35.359 76.9205 -25.6891
      vertex -35.159 77.3205 -26.0356
      vertex -15.159 77.3205 -14.4885
    endloop
  endfacet
  facet normal 0.353553 -0.707107 -0.612372
    outer loop
      vertex -35.359 76.9205 -25.6891
      vertex -15.159 77.3205 -14.4885
      vertex -15.359 76.9205 -14.1421
    endloop
  endfacet
  facet normal 0.353553 0.707107 -0.612372
    outer loop
      vertex -35.159 77.3205 -26.0356
      vertex -35.359 77.7205 -25.6891
      vertex -15.359 77.7205 -14.1421
    endloop
  endfacet
  facet normal 0.353553 0.707107 -0.612372
    outer loop
      vertex -35.159 77.3205 -26.0356
      vertex -15.359 77.7205 -14.1421
      vertex -15.159 77.3205 -14.4885
    endloop
  endfacet
  facet normal -0.645497 -0.67082 -0.365148
    outer loop
      vertex -35.359 77.0675 -25.999
      vertex -35.7241 77.194 -25.5859
      vertex -45.7241 94.5145 -39.728
    endloop
  endfacet
  facet normal -0.645497 -0.67082 -0.365148
    outer loop
      vertex -35.359 77.0675 -25.999
      vertex -45.7241 94.5145 -39.728
      vertex -45.359 94.388 -40.1411
    endloop
  endfacet
  facet normal -0.645497 0.223607 0.730297
    outer loop
      vertex -35.7241 77.194 -25.5859
      vertex -35.359 77.5735 -25.3793
      vertex -45.359 94.894 -39.5214
    endloop
  endfacet
  facet normal -0.645497 0.223607 0.730297
    outer loop
      vertex -35.7241 77.194 -25.5859
      vertex -45.359 94.894 -39.5214
      vertex -45.7241 94.5145 -39.728
    endloop
  endfacet
  facet normal 0.645497 0.67082 0.365148
    outer loop
      vertex -35.359 77.5735 -25.3793
      vertex -34.9938 77.447 -25.7924
      vertex -44.9938 94.7675 -39.9346
    endloop
  endfacet
  facet normal 0.645497 0.67082 0.365148
    outer loop
      vertex -35.359 77.5735 -25.3793
      vertex -44.9938 94.7675 -39.9346
      vertex -45.359 94.894 -39.5214
    endloop
  endfacet
  facet normal 0.645497 -0.223607 -0.730297
    outer loop
      vertex -34.9938 77.447 -25.7924
      vertex -35.359 77.0675 -25.999
      vertex -45.359 94.388 -40.1411
    endloop
  endfacet
  facet normal 0.645497 -0.223607 -0.730297
    outer loop
      vertex -34.9938 77.447 -25.7924
      vertex -45.359 94.388 -40.1411
      vertex -44.9938 94.7675 -39.9346
    endloop
  endfacet
  facet normal -0.353553 0.707107 0.612372
    outer loop
      vertex -45.359 95.041 -39.8313
      vertex -45.559 94.641 -39.4849
      vertex -25.559 94.641 -27.9379
    endloop
  endfacet
  facet normal -0.353553 0.707107 0.612372
    outer loop
      vertex -45.359 95.041 -39.8313
      vertex -25.559 94.641 -27.9379
      vertex -25.359 95.041 -28.2843
    endloop
  endfacet
  facet normal -0.353553 -0.707107 0.612372
    outer loop
      vertex -45.559 94.641 -39.4849
      vertex -45.359 94.241 -39.8313
      vertex -25.359 94.241 -28.2843
    endloop
  endfacet
  facet normal -0.353553 -0.707107 0.612372
    outer loop
      vertex -45.559 94.641 -39.4849
      vertex -25.359 94.241 -28.2843
      vertex -25.559 94.641 -27.9379
    endloop
  endfacet
  facet normal 0.353553 -0.707107 -0.612372
    outer loop
      vertex -45.359 94.241 -39.8313
      vertex -45.159 94.641 -40.1777
      vertex -25.159 94.641 -28.6307
    endloop
  endfacet
  facet normal 0.353553 -0.707107 -0.612372
    outer loop
      vertex -45.359 94.241 -39.8313
      vertex -25.159 94.641 -28.6307
      vertex -25.359 94.241 -28.2843
    endloop
  endfacet
  facet normal 0.353553 0.707107 -0.612372
    outer loop
      vertex -45.159 94.641 -40.1777
      vertex -45.359 95.041 -39.8313
      vertex -25.359 95.041 -28.2843
    endloop
  endfacet
  facet normal 0.353553 0.707107 -0.612372
    outer loop
      vertex -45.159 94.641 -40.1777
      vertex -25.359 95.041 -28.2843
      vertex -25.159 94.641 -28.6307
    endloop
  endfacet
  facet normal -0.353553 0.612372 -0.707107
    outer loop
      vertex -45.359 94.641 -40.2313
      vertex -45.559 94.9874 -39.8313
      vertex -28.2385 104.987 -39.8313
    endloop
  endfacet
  facet normal -0.353553 0.612372 -0.707107
    outer loop
      vertex -45.359 94.641 -40.2313
      vertex -28.2385 104.987 -39.8313
      vertex -28.0385 104.641 -40.2313
    endloop
  endfacet
  facet normal -0.353553 0.612372 0.707107
    outer loop
      vertex -45.559 94.9874 -39.8313
      vertex -45.359 94.641 -39.4313
      vertex -28.0385 104.641 -39.4313
    endloop
  endfacet
  facet normal -0.353553 0.612372 0.707107
    outer loop
      vertex -45.559 94.9874 -39.8313
      vertex -28.0385 104.641 -39.4313
      vertex -28.2385 104.987 -39.8313
    endloop
  endfacet
  facet normal 0.353553 -0.612372 0.707107
    outer loop
      vertex -45.359 94.641 -39.4313
      vertex -45.159 94.2946 -39.8313
      vertex -27.8385 104.295 -39.8313
    endloop
  endfacet
  facet normal 0.353553 -0.612372 0.707107
    outer loop
      vertex -45.359 94.641 -39.4313
      vertex -27.8385 104.295 -39.8313
      vertex -28.0385 104.641 -39.4313
    endloop
  endfacet
  facet normal 0.353553 -0.612372 -0.707107
    outer loop
      vertex -45.159 94.2946 -39.8313
      vertex -45.359 94.641 -40.2313
      vertex -28.0385 104.641 -40.2313
    endloop
  endfacet
  facet normal 0.353553 -0.612372 -0.707107
    outer loop
      vertex -45.159 94.2946 -39.8313
      vertex -28.0385 104.641 -40.2313
      vertex -27.8385 104.295 -39.8313
    endloop
  endfacet
  facet normal -0.707107 0.353553 -0.612372
    outer loop
      vertex -45.359 94.841 -40.1777
      vertex -45.759 94.641 -39.8313
      vertex -45.759 114.641 -28.2843
    endloop
  endfacet
  facet normal -0.707107 0.353553 -0.612372
    outer loop
      vertex -45.359 94.841 -40.1777
      vertex -45.759 114.641 -28.2843
      vertex -45.359 114.841 -28.6307
    endloop
  endfacet
  facet normal -0.707107 -0.353553 0.612372
    outer loop
      vertex -45.759 94.641 -39.8313
      vertex -45.359 94.441 -39.4849
      vertex -45.359 114.441 -27.9379
    endloop
  endfacet
  facet normal -0.707107 -0.353553 0.612372
    outer loop
      vertex -45.759 94.641 -39.8313
      vertex -45.359 114.441 -27.9379
      vertex -45.759 114.641 -28.2843
    endloop
  endfacet
  facet normal 0.707107 -0.353553 0.612372
    outer loop
      vertex -45.359 94.441 -39.4849
      vertex -44.959 94.641 -39.8313
      vertex -44.959 114.641 -28.2843
    endloop
  endfacet
  facet normal 0.707107 -0.353553 0.612372
    outer loop
      vertex -45.359 94.441 -39.4849
      vertex -44.959 114.641 -28.2843
      vertex -45.359 114.441 -27.9379
    endloop
  endfacet
  facet normal 0.707107 0.353553 -0.612372
    outer loop
      vertex -44.959 94.641 -39.8313
      vertex -45.359 94.841 -40.1777
      vertex -45.359 114.841 -28.6307
    endloop
  endfacet
  facet normal 0.707107 0.353553 -0.612372
    outer loop
      vertex -44.959 94.641 -39.8313
      vertex -45.359 114.841 -28.6307
      vertex -44.959 114.641 -28.2843
    endloop
  endfacet
  facet normal -0.353553 0.707107 0.612372
    outer loop
      vertex -45.359 115.041 -28.2843
      vertex -45.559 114.641 -27.9379
      vertex -25.559 114.641 -16.3909
    endloop
  endfacet
  facet normal -0.353553 0.707107 0.612372
    outer loop
      vertex -45.359 115.041 -28.2843
      vertex -25.559 114.641 -16.3909
      vertex -25.359 115.041 -16.7373
    endloop
  endfacet
  facet normal -0.353553 -0.707107 0.612372
    outer loop
      vertex -45.559 114.641 -27.9379
      vertex -45.359 114.241 -28.2843
      vertex -25.359 114.241 -16.7373
    endloop
  endfacet
  facet normal -0.353553 -0.707107 0.612372
    outer loop
      vertex -45.559 114.641 -27.9379
      vertex -25.359 114.241 -16.7373
      vertex -25.559 114.641 -16.3909
    endloop
  endfacet
  facet normal 0.353553 -0.707107 -0.612372
    outer loop
      vertex -45.359 114.241 -28.2843
      vertex -45.159 114.641 -28.6307
      vertex -25.159 114.641 -17.0837
    endloop
  endfacet
  facet normal 0.353553 -0.707107 -0.612372
    outer loop
      vertex -45.359 114.241 -28.2843
      vertex -25.159 114.641 -17.0837
      vertex -25.359 114.241 -16.7373
    endloop
  endfacet
  facet normal 0.353553 0.707107 -0.612372
    outer loop
      vertex -45.159 114.641 -28.6307
      vertex -45.359 115.041 -28.2843
      vertex -25.359 115.041 -16.7373
    endloop
  endfacet
  facet normal 0.353553 0.707107 -0.612372
    outer loop
      vertex -45.159 114.641 -28.6307
      vertex -25.359 115.041 -16.7373
      vertex -25.159 114.641 -17.0837
    endloop
  endfacet
  facet normal -0.353553 0.612372 -0.707107
    outer loop
      vertex -45.359 114.641 -28.6843
      vertex -45.559 114.987 -28.2843
      vertex -28.2385 124.987 -28.2843
    endloop
  endfacet
  facet normal -0.353553 0.612372 -0.707107
    outer loop
      vertex -45.359 114.641 -28.6843
      vertex -28.2385 124.987 -28.2843
      vertex -28.0385 124.641 -28.6843
    endloop
  endfacet
  facet normal -0.353553 0.612372 0.707107
    outer loop
      vertex -45.559 114.987 -28.2843
      vertex -45.359 114.641 -27.8843
      vertex -28.0385 124.641 -27.8843
    endloop
  endfacet
  facet normal -0.353553 0.612372 0.707107
    outer loop
      vertex -45.559 114.987 -28.2843
      vertex -28.0385 124.641 -27.8843
      vertex -28.2385 124.987 -28.2843
    endloop
  endfacet
  facet normal 0.353553 -0.612372 0.707107
    outer loop
      vertex -45.359 114.641 -27.8843
      vertex -45.159 114.295 -28.2843
      vertex -27.8385 124.295 -28.2843
    endloop
  endfacet
  facet normal 0.353553 -0.612372 0.707107
    outer loop
      vertex -45.359 114.641 -27.8843
      vertex -27.8385 124.295 -28.2843
      vertex -28.0385 124.641 -27.8843
    endloop
  endfacet
  facet normal 0.353553 -0.612372 -0.707107
    outer loop
      vertex -45.159 114.295 -28.2843
      vertex -45.359 114.641 -28.6843
      vertex -28.0385 124.641 -28.6843
    endloop
  endfacet
  facet normal 0.353553 -0.612372 -0.707107
    outer loop
      vertex -45.159 114.295 -28.2843
      vertex -28.0385 124.641 -28.6843
      vertex -27.8385 124.295 -28.2843
    endloop
  endfacet
  facet normal -0.645497 -0.67082 -0.365148
    outer loop
      vertex -45.359 114.388 -28.5941
      vertex -45.7241 114.515 -28.181
      vertex -55.7241 131.835 -42.3231
    endloop
  endfacet
  facet normal -0.645497 -0.67082 -0.365148
    outer loop
      vertex -45.359 114.388 -28.5941
      vertex -55.7241 131.835 -42.3231
      vertex -55.359 131.709 -42.7362
    endloop
  endfacet
  facet normal -0.645497 0.223607 0.730297
    outer loop
      vertex -45.7241 114.515 -28.181
      vertex -45.359 114.894 -27.9744
      vertex -55.359 132.215 -42.1166
    endloop
  endfacet
  facet normal -0.645497 0.223607 0.730297
    outer loop
      vertex -45.7241 114.515 -28.181
      vertex -55.359 132.215 -42.1166
      vertex -55.7241 131.835 -42.3231
    endloop
  endfacet
  facet normal 0.645497 0.67082 0.365148
    outer loop
      vertex -45.359 114.894 -27.9744
      vertex -44.9938 114.768 -28.3876
      vertex -54.9938 132.088 -42.5297
    endloop
  endfacet
  facet normal 0.645497 0.67082 0.365148
    outer loop
      vertex -45.359 114.894 -27.9744
      vertex -54.9938 132.088 -42.5297
      vertex -55.359 132.215 -42.1166
    endloop
  endfacet
  facet normal 0.645497 -0.223607 -0.730297
    outer loop
      vertex -44.9938 114.768 -28.3876
      vertex -45.359 114.388 -28.5941
      vertex -55.359 131.709 -42.7362
    endloop
  endfacet
  facet normal 0.645497 -0.223607 -0.730297
    outer loop
      vertex -44.9938 114.768 -28.3876
      vertex -55.359 131.709 -42.7362
      vertex -54.9938 132.088 -42.5297
    endloop
  endfacet
  facet normal -0.353553 0.707107 0.612372
    outer loop
      vertex -55.359 132.362 -42.4264
      vertex -55.559 131.962 -42.08
      vertex -35.559 131.962 -30.533
    endloop
  endfacet
  facet normal -0.353553 0.707107 0.612372
    outer loop
      vertex -55.359 132.362 -42.4264
      vertex -35.559 131.962 -30.533
      vertex -35.359 132.362 -30.8794
    endloop
  endfacet
  facet normal -0.353553 -0.707107 0.612372
    outer loop
      vertex -55.559 131.962 -42.08
      vertex -55.359 131.562 -42.4264
      vertex -35.359 131.562 -30.8794
    endloop
  endfacet
  facet normal -0.353553 -0.707107 0.612372
    outer loop
      vertex -55.559 131.962 -42.08
      vertex -35.359 131.562 -30.8794
      vertex -35.559 131.962 -30.533
    endloop
  endfacet
  facet normal 0.353553 -0.707107 -0.612372
    outer loop
      vertex -55.359 131.562 -42.4264
      vertex -55.159 131.962 -42.7728
      vertex -35.159 131.962 -31.2258
    endloop
  endfacet
  facet normal 0.353553 -0.707107 -0.612372
    outer loop
      vertex -55.359 131.562 -42.4264
      vertex -35.159 131.962 -31.2258
      vertex -35.359 131.562 -30.8794
    endloop
  endfacet
  facet normal 0.353553 0.707107 -0.612372
    outer loop
      vertex -55.159 131.962 -42.7728
      vertex -55.359 132.362 -42.4264
      vertex -35.359 132.362 -30.8794
    endloop
  endfacet
  facet normal 0.353553 0.707107 -0.612372
    outer loop
      vertex -55.159 131.962 -42.7728
      vertex -35.359 132.362 -30.8794
      vertex -35.159 131.962 -31.2258
    endloop
  endfacet
  facet normal -0.353553 0.612372 -0.707107
    outer loop
      vertex -55.359 131.962 -42.8264
      vertex -55.559 132.308 -42.4264
      vertex -38.2385 142.308 -42.4264
    endloop
  endfacet
  facet normal -0.353553 0.612372 -0.707107
    outer loop
      vertex -55.359 131.962 -42.8264
      vertex -38.2385 142.308 -42.4264
      vertex -38.0385 141.962 -42.8264
    endloop
  endfacet
  facet normal -0.353553 0.612372 0.707107
    outer loop
      vertex -55.559 132.308 -42.4264
      vertex -55.359 131.962 -42.0264
      vertex -38.0385 141.962 -42.0264
    endloop
  endfacet
  facet normal -0.353553 0.612372 0.707107
    outer loop
      vertex -55.559 132.308 -42.4264
      vertex -38.0385 141.962 -42.0264
      vertex -38.2385 142.308 -42.4264
    endloop
  endfacet
  facet normal 0.353553 -0.612372 0.707107
    outer loop
      vertex -55.359 131.962 -42.0264
      vertex -55.159 131.615 -42.4264
      vertex -37.8385 141.615 -42.4264
    endloop
  endfacet
  facet normal 0.353553 -0.612372 0.707107
    outer loop
      vertex -55.359 131.962 -42.0264
      vertex -37.8385 141.615 -42.4264
      vertex -38.0385 141.962 -42.0264
    endloop
  endfacet
  facet normal 0.353553 -0.612372 -0.707107
    outer loop
      vertex -55.159 131.615 -42.4264
      vertex -55.359 131.962 -42.8264
      vertex -38.0385 141.962 -42.8264
    endloop
  endfacet
  facet normal 0.353553 -0.612372 -0.707107
    outer loop
      vertex -55.159 131.615 -42.4264
      vertex -38.0385 141.962 -42.8264
      vertex -37.8385 141.615 -42.4264
    endloop
  endfacet
  facet normal -0.707107 0.353553 -0.612372
    outer loop
      vertex -55.359 132.162 -42.7728
      vertex -55.759 131.962 -42.4264
      vertex -55.759 151.962 -30.8794
    endloop
  endfacet
  facet normal -0.707107 0.353553 -0.612372
    outer loop
      vertex -55.359 132.162 -42.7728
      vertex -55.759 151.962 -30.8794
      vertex -55.359 152.162 -31.2258
    endloop
  endfacet
  facet normal -0.707107 -0.353553 0.612372
    outer loop
      vertex -55.759 131.962 -42.4264
      vertex -55.359 131.762 -42.08
      vertex -55.359 151.762 -30.533
    endloop
  endfacet
  facet normal -0.707107 -0.353553 0.612372
    outer loop
      vertex -55.759 131.962 -42.4264
      vertex -55.359 151.762 -30.533
      vertex -55.759 151.962 -30.8794
    endloop
  endfacet
  facet normal 0.707107 -0.353553 0.612372
    outer loop
      vertex -55.359 131.762 -42.08
      vertex -54.959 131.962 -42.4264
      vertex -54.959 151.962 -30.8794
    endloop
  endfacet
  facet normal 0.707107 -0.353553 0.612372
    outer loop
      vertex -55.359 131.762 -42.08
      vertex -54.959 151.962 -30.8794
      vertex -55.359 151.762 -30.533
    endloop
  endfacet
  facet normal 0.707107 0.353553 -0.612372
    outer loop
      vertex -54.959 131.962 -42.4264
      vertex -55.359 132.162 -42.7728
      vertex -55.359 152.162 -31.2258
    endloop
  endfacet
  facet normal 0.707107 0.353553 -0.612372
    outer loop
      vertex -54.959 131.962 -42.4264
      vertex -55.359 152.162 -31.2258
      vertex -54.959 151.962 -30.8794
    endloop
  endfacet
  facet normal -0.353553 0.707107 0.612372
    outer loop
      vertex 11.9615 -64.241 -40.9978
      vertex 11.7615 -64.641 -40.6514
      vertex 31.7615 -64.641 -29.1043
    endloop
  endfacet
  facet normal -0.353553 0.707107 0.612372
    outer loop
      vertex 11.9615 -64.241 -40.9978
      vertex 31.7615 -64.641 -29.1043
      vertex 31.9615 -64.241 -29.4508
    endloop
  endfacet
  facet normal -0.353553 -0.707107 0.612372
    outer loop
      vertex 11.7615 -64.641 -40.6514
      vertex 11.9615 -65.041 -40.9978
      vertex 31.9615 -65.041 -29.4508
    endloop
  endfacet
  facet normal -0.353553 -0.707107 0.612372
    outer loop
      vertex 11.7615 -64.641 -40.6514
      vertex 31.9615 -65.041 -29.4508
      vertex 31.7615 -64.641 -29.1043
    endloop
  endfacet
  facet normal 0.353553 -0.707107 -0.612372
    outer loop
      vertex 11.9615 -65.041 -40.9978
      vertex 12.1615 -64.641 -41.3442
      vertex 32.1615 -64.641 -29.7972
    endloop
  endfacet
  facet normal 0.353553 -0.707107 -0.612372
    outer loop
      vertex 11.9615 -65.041 -40.9978
      vertex 32.1615 -64.641 -29.7972
      vertex 31.9615 -65.041 -29.4508
    endloop
  endfacet
  facet normal 0.353553 0.707107 -0.612372
    outer loop
      vertex 12.1615 -64.641 -41.3442
      vertex 11.9615 -64.241 -40.9978
      vertex 31.9615 -64.241 -29.4508
    endloop
  endfacet
  facet normal 0.353553 0.707107 -0.612372
    outer loop
      vertex 12.1615 -64.641 -41.3442
      vertex 31.9615 -64.241 -29.4508
      vertex 32.1615 -64.641 -29.7972
    endloop
  endfacet
  facet normal -0.353553 0.612372 -0.707107
    outer loop
      vertex 11.9615 -64.641 -41.3978
      vertex 11.7615 -64.2946 -40.9978
      vertex 29.082 -54.2946 -40.9978
    endloop
  endfacet
  facet normal -0.353553 0.612372 -0.707107
    outer loop
      vertex 11.9615 -64.641 -41.3978
      vertex 29.082 -54.2946 -40.9978
      vertex 29.282 -54.641 -41.3978
    endloop
  endfacet
  facet normal -0.353553 0.612372 0.707107
    outer loop
      vertex 11.7615 -64.2946 -40.9978
      vertex 11.9615 -64.641 -40.5978
      vertex 29.282 -54.641 -40.5978
    endloop
  endfacet
  facet normal -0.353553 0.612372 0.707107
    outer loop
      vertex 11.7615 -64.2946 -40.9978
      vertex 29.282 -54.641 -40.5978
      vertex 29.082 -54.2946 -40.9978
    endloop
  endfacet
  facet normal 0.353553 -0.612372 0.707107
    outer loop
      vertex 11.9615 -64.641 -40.5978
      vertex 12.1615 -64.9874 -40.9978
      vertex 29.482 -54.9874 -40.9978
    endloop
  endfacet
  facet normal 0.353553 -0.612372 0.707107
    outer loop
      vertex 11.9615 -64.641 -40.5978
      vertex 29.482 -54.9874 -40.9978
      vertex 29.282 -54.641 -40.5978
    endloop
  endfacet
  facet normal 0.353553 -0.612372 -0.707107
    outer loop
      vertex 12.1615 -64.9874 -40.9978
      vertex 11.9615 -64.641 -41.3978
      vertex 29.282 -54.641 -41.3978
    endloop
  endfacet
  facet normal 0.353553 -0.612372 -0.707107
    outer loop
      vertex 12.1615 -64.9874 -40.9978
      vertex 29.282 -54.641 -41.3978
      vertex 29.482 -54.9874 -40.9978
    endloop
  endfacet
  facet normal -0.645497 -0.67082 -0.365148
    outer loop
      vertex 11.9615 -64.894 -41.3076
      vertex 11.5964 -64.7675 -40.8945
      vertex 1.59638 -47.447 -55.0366
    endloop
  endfacet
  facet normal -0.645497 -0.67082 -0.365148
    outer loop
      vertex 11.9615 -64.894 -41.3076
      vertex 1.59638 -47.447 -55.0366
      vertex 1.96152 -47.5735 -55.4497
    endloop
  endfacet
  facet normal -0.645497 0.223607 0.730297
    outer loop
      vertex 11.5964 -64.7675 -40.8945
      vertex 11.9615 -64.388 -40.6879
      vertex 1.96152 -47.0675 -54.8301
    endloop
  endfacet
  facet normal -0.645497 0.223607 0.730297
    outer loop
      vertex 11.5964 -64.7675 -40.8945
      vertex 1.96152 -47.0675 -54.8301
      vertex 1.59638 -47.447 -55.0366
    endloop
  endfacet
  facet normal 0.645497 0.67082 0.365148
    outer loop
      vertex 11.9615 -64.388 -40.6879
      vertex 12.3267 -64.5145 -41.101
      vertex 2.32667 -47.194 -55.2432
    endloop
  endfacet
  facet normal 0.645497 0.67082 0.365148
    outer loop
      vertex 11.9615 -64.388 -40.6879
      vertex 2.32667 -47.194 -55.2432
      vertex 1.96152 -47.0675 -54.8301
    endloop
  endfacet
  facet normal 0.645497 -0.223607 -0.730297
    outer loop
      vertex 12.3267 -64.5145 -41.101
      vertex 11.9615 -64.894 -41.3076
      vertex 1.96152 -47.5735 -55.4497
    endloop
  endfacet
  facet normal 0.645497 -0.223607 -0.730297
    outer loop
      vertex 12.3267 -64.5145 -41.101
      vertex 1.96152 -47.5735 -55.4497
      vertex 2.32667 -47.194 -55.2432
    endloop
  endfacet
  facet normal -0.353553 0.707107 0.612372
    outer loop
      vertex 1.96152 -46.9205 -55.1399
      vertex 1.76152 -47.3205 -54.7935
      vertex 21.7615 -47.3205 -43.2465
    endloop
  endfacet
  facet normal -0.353553 0.707107 0.612372
    outer loop
      vertex 1.96152 -46.9205 -55.1399
      vertex 21.7615 -47.3205 -43.2465
      vertex 21.9615 -46.9205 -43.5929
    endloop
  endfacet
  facet normal -0.353553 -0.707107 0.612372
    outer loop
      vertex 1.76152 -47.3205 -54.7935
      vertex 1.96152 -47.7205 -55.1399
      vertex 21.9615 -47.7205 -43.5929
    endloop
  endfacet
  facet normal -0.353553 -0.707107 0.612372
    outer loop
      vertex 1.76152 -47.3205 -54.7935
      vertex 21.9615 -47.7205 -43.5929
      vertex 21.7615 -47.3205 -43.2465
    endloop
  endfacet
  facet normal 0.353553 -0.707107 -0.612372
    outer loop
      vertex 1.96152 -47.7205 -55.1399
      vertex 2.16152 -47.3205 -55.4863
      vertex 22.1615 -47.3205 -43.9393
    endloop
  endfacet
  facet normal 0.353553 -0.707107 -0.612372
    outer loop
      vertex 1.96152 -47.7205 -55.1399
      vertex 22.1615 -47.3205 -43.9393
      vertex 21.9615 -47.7205 -43.5929
    endloop
  endfacet
  facet normal 0.353553 0.707107 -0.612372
    outer loop
      vertex 2.16152 -47.3205 -55.4863
      vertex 1.96152 -46.9205 -55.1399
      vertex 21.9615 -46.9205 -43.5929
    endloop
  endfacet
  facet normal 0.353553 0.707107 -0.612372
    outer loop
      vertex 2.16152 -47.3205 -55.4863
      vertex 21.9615 -46.9205 -43.5929
      vertex 22.1615 -47.3205 -43.9393
    endloop
  endfacet
  facet normal -0.353553 0.612372 -0.707107
    outer loop
      vertex 1.96152 -47.3205 -55.5399
      vertex 1.76152 -46.9741 -55.1399
      vertex 19.082 -36.9741 -55.1399
    endloop
  endfacet
  facet normal -0.353553 0.612372 -0.707107
    outer loop
      vertex 1.96152 -47.3205 -55.5399
      vertex 19.082 -36.9741 -55.1399
      vertex 19.282 -37.3205 -55.5399
    endloop
  endfacet
  facet normal -0.353553 0.612372 0.707107
    outer loop
      vertex 1.76152 -46.9741 -55.1399
      vertex 1.96152 -47.3205 -54.7399
      vertex 19.282 -37.3205 -54.7399
    endloop
  endfacet
  facet normal -0.353553 0.612372 0.707107
    outer loop
      vertex 1.76152 -46.9741 -55.1399
      vertex 19.282 -37.3205 -54.7399
      vertex 19.082 -36.9741 -55.1399
    endloop
  endfacet
  facet normal 0.353553 -0.612372 0.707107
    outer loop
      vertex 1.96152 -47.3205 -54.7399
      vertex 2.16152 -47.6669 -55.1399
      vertex 19.482 -37.6669 -55.1399
    endloop
  endfacet
  facet normal 0.353553 -0.612372 0.707107
    outer loop
      vertex 1.96152 -47.3205 -54.7399
      vertex 19.482 -37.6669 -55.1399
      vertex 19.282 -37.3205 -54.7399
    endloop
  endfacet
  facet normal 0.353553 -0.612372 -0.707107
    outer loop
      vertex 2.16152 -47.6669 -55.1399
      vertex 1.96152 -47.3205 -55.5399
      vertex 19.282 -37.3205 -55.5399
    endloop
  endfacet
  facet normal 0.353553 -0.612372 -0.707107
    outer loop
      vertex 2.16152 -47.6669 -55.1399
      vertex 19.282 -37.3205 -55.5399
      vertex 19.482 -37.6669 -55.1399
    endloop
  endfacet
  facet normal -0.707107 0.353553 -0.612372
    outer loop
      vertex 1.96152 -47.1205 -55.4863
      vertex 1.56152 -47.3205 -55.1399
      vertex 1.56152 -27.3205 -43.5929
    endloop
  endfacet
  facet normal -0.707107 0.353553 -0.612372
    outer loop
      vertex 1.96152 -47.1205 -55.4863
      vertex 1.56152 -27.3205 -43.5929
      vertex 1.96152 -27.1205 -43.9393
    endloop
  endfacet
  facet normal -0.707107 -0.353553 0.612372
    outer loop
      vertex 1.56152 -47.3205 -55.1399
      vertex 1.96152 -47.5205 -54.7935
      vertex 1.96152 -27.5205 -43.2465
    endloop
  endfacet
  facet normal -0.707107 -0.353553 0.612372
    outer loop
      vertex 1.56152 -47.3205 -55.1399
      vertex 1.96152 -27.5205 -43.2465
      vertex 1.56152 -27.3205 -43.5929
    endloop
  endfacet
  facet normal 0.707107 -0.353553 0.612372
    outer loop
      vertex 1.96152 -47.5205 -54.7935
      vertex 2.36152 -47.3205 -55.1399
      vertex 2.36152 -27.3205 -43.5929
    endloop
  endfacet
  facet normal 0.707107 -0.353553 0.612372
    outer loop
      vertex 1.96152 -47.5205 -54.7935
      vertex 2.36152 -27.3205 -43.5929
      vertex 1.96152 -27.5205 -43.2465
    endloop
  endfacet
  facet normal 0.707107 0.353553 -0.612372
    outer loop
      vertex 2.36152 -47.3205 -55.1399
      vertex 1.96152 -47.1205 -55.4863
      vertex 1.96152 -27.1205 -43.9393
    endloop
  endfacet
  facet normal 0.707107 0.353553 -0.612372
    outer loop
      vertex 2.36152 -47.3205 -55.1399
      vertex 1.96152 -27.1205 -43.9393
      vertex 2.36152 -27.3205 -43.5929
    endloop
  endfacet
  facet normal -0.353553 0.707107 0.612372
    outer loop
      vertex 1.96152 -26.9205 -43.5929
      vertex 1.76152 -27.3205 -43.2465
      vertex 21.7615 -27.3205 -31.6995
    endloop
  endfacet
  facet normal -0.353553 0.707107 0.612372
    outer loop
      vertex 1.96152 -26.9205 -43.5929
      vertex 21.7615 -27.3205 -31.6995
      vertex 21.9615 -26.9205 -32.0459
    endloop
  endfacet
  facet normal -0.353553 -0.707107 0.612372
    outer loop
      vertex 1.76152 -27.3205 -43.2465
      vertex 1.96152 -27.7205 -43.5929
      vertex 21.9615 -27.7205 -32.0459
    endloop
  endfacet
  facet normal -0.353553 -0.707107 0.612372
    outer loop
      vertex 1.76152 -27.3205 -43.2465
      vertex 21.9615 -27.7205 -32.0459
      vertex 21.7615 -27.3205 -31.6995
    endloop
  endfacet
  facet normal 0.353553 -0.707107 -0.612372
    outer loop
      vertex 1.96152 -27.7205 -43.5929
      vertex 2.16152 -27.3205 -43.9393
      vertex 22.1615 -27.3205 -32.3923
    endloop
  endfacet
  facet normal 0.353553 -0.707107 -0.612372
    outer loop
      vertex 1.96152 -27.7205 -43.5929
      vertex 22.1615 -27.3205 -32.3923
      vertex 21.9615 -27.7205 -32.0459
    endloop
  endfacet
  facet normal 0.353553 0.707107 -0.612372
    outer loop
      vertex 2.16152 -27.3205 -43.9393
      vertex 1.96152 -26.9205 -43.5929
      vertex 21.9615 -26.9205 -32.0459
    endloop
  endfacet
  facet normal 0.353553 0.707107 -0.612372
    outer loop
      vertex 2.16152 -27.3205 -43.9393
      vertex 21.9615 -26.9205 -32.0459
      vertex 22.1615 -27.3205 -32.3923
    endloop
  endfacet
  facet normal -0.353553 0.612372 -0.707107
    outer loop
      vertex 1.96152 -27.3205 -43.9929
      vertex 1.76152 -26.9741 -43.5929
      vertex 19.082 -16.9741 -43.5929
    endloop
  endfacet
  facet normal -0.353553 0.612372 -0.707107
    outer loop
      vertex 1.96152 -27.3205 -43.9929
      vertex 19.082 -16.9741 -43.5929
      vertex 19.282 -17.3205 -43.9929
    endloop
  endfacet
  facet normal -0.353553 0.612372 0.707107
    outer loop
      vertex 1.76152 -26.9741 -43.5929
      vertex 1.96152 -27.3205 -43.1929
      vertex 19.282 -17.3205 -43.1929
    endloop
  endfacet
  facet normal -0.353553 0.612372 0.707107
    outer loop
      vertex 1.76152 -26.9741 -43.5929
      vertex 19.282 -17.3205 -43.1929
      vertex 19.082 -16.9741 -43.5929
    endloop
  endfacet
  facet normal 0.353553 -0.612372 0.707107
    outer loop
      vertex 1.96152 -27.3205 -43.1929
      vertex 2.16152 -27.6669 -43.5929
      vertex 19.482 -17.6669 -43.5929
    endloop
  endfacet
  facet normal 0.353553 -0.612372 0.707107
    outer loop
      vertex 1.96152 -27.3205 -43.1929
      vertex 19.482 -17.6669 -43.5929
      vertex 19.282 -17.3205 -43.1929
    endloop
  endfacet
  facet normal 0.353553 -0.612372 -0.707107
    outer loop
      vertex 2.16152 -27.6669 -43.5929
      vertex 1.96152 -27.3205 -43.9929
      vertex 19.282 -17.3205 -43.9929
    endloop
  endfacet
  facet normal 0.353553 -0.612372 -0.707107
    outer loop
      vertex 2.16152 -27.6669 -43.5929
      vertex 19.282 -17.3205 -43.9929
      vertex 19.482 -17.6669 -43.5929
    endloop
  endfacet
  facet normal -0.707107 0.353553 -0.612372
    outer loop
      vertex 1.96152 -27.1205 -43.9393
      vertex 1.56152 -27.3205 -43.5929
      vertex 1.56152 -7.32051 -32.0459
    endloop
  endfacet
  facet normal -0.707107 0.353553 -0.612372
    outer loop
      vertex 1.96152 -27.1205 -43.9393
      vertex 1.56152 -7.32051 -32.0459
      vertex 1.96152 -7.12051 -32.3923
    endloop
  endfacet
  facet normal -0.707107 -0.353553 0.612372
    outer loop
      vertex 1.56152 -27.3205 -43.5929
      vertex 1.96152 -27.5205 -43.2465
      vertex 1.96152 -7.52051 -31.6995
    endloop
  endfacet
  facet normal -0.707107 -0.353553 0.612372
    outer loop
      vertex 1.56152 -27.3205 -43.5929
      vertex 1.96152 -7.52051 -31.6995
      vertex 1.56152 -7.32051 -32.0459
    endloop
  endfacet
  facet normal 0.707107 -0.353553 0.612372
    outer loop
      vertex 1.96152 -27.5205 -43.2465
      vertex 2.36152 -27.3205 -43.5929
      vertex 2.36152 -7.32051 -32.0459
    endloop
  endfacet
  facet normal 0.707107 -0.353553 0.612372
    outer loop
      vertex 1.96152 -27.5205 -43.2465
      vertex 2.36152 -7.32051 -32.0459
      vertex 1.96152 -7.52051 -31.6995
    endloop
  endfacet
  facet normal 0.707107 0.353553 -0.612372
    outer loop
      vertex 2.36152 -27.3205 -43.5929
      vertex 1.96152 -27.1205 -43.9393
      vertex 1.96152 -7.12051 -32.3923
    endloop
  endfacet
  facet normal 0.707107 0.353553 -0.612372
    outer loop
      vertex 2.36152 -27.3205 -43.5929
      vertex 1.96152 -7.12051 -32.3923
      vertex 2.36152 -7.32051 -32.0459
    endloop
  endfacet
  facet normal -0.645497 -0.67082 -0.365148
    outer loop
      vertex 1.96152 -27.5735 -43.9027
      vertex 1.59638 -27.447 -43.4896
      vertex -8.40362 -10.1265 -57.6317
    endloop
  endfacet
  facet normal -0.645497 -0.67082 -0.365148
    outer loop
      vertex 1.96152 -27.5735 -43.9027
      vertex -8.40362 -10.1265 -57.6317
      vertex -8.03848 -10.253 -58.0449
    endloop
  endfacet
  facet normal -0.645497 0.223607 0.730297
    outer loop
      vertex 1.59638 -27.447 -43.4896
      vertex 1.96152 -27.0675 -43.2831
      vertex -8.03848 -9.74702 -57.4252
    endloop
  endfacet
  facet normal -0.645497 0.223607 0.730297
    outer loop
      vertex 1.59638 -27.447 -43.4896
      vertex -8.03848 -9.74702 -57.4252
      vertex -8.40362 -10.1265 -57.6317
    endloop
  endfacet
  facet normal 0.645497 0.67082 0.365148
    outer loop
      vertex 1.96152 -27.0675 -43.2831
      vertex 2.32667 -27.194 -43.6962
      vertex -7.67333 -9.87351 -57.8383
    endloop
  endfacet
  facet normal 0.645497 0.67082 0.365148
    outer loop
      vertex 1.96152 -27.0675 -43.2831
      vertex -7.67333 -9.87351 -57.8383
      vertex -8.03848 -9.74702 -57.4252
    endloop
  endfacet
  facet normal 0.645497 -0.223607 -0.730297
    outer loop
      vertex 2.32667 -27.194 -43.6962
      vertex 1.96152 -27.5735 -43.9027
      vertex -8.03848 -10.253 -58.0449
    endloop
  endfacet
  facet normal 0.645497 -0.223607 -0.730297
    outer loop
      vertex 2.32667 -27.194 -43.6962
      vertex -8.03848 -10.253 -58.0449
      vertex -7.67333 -9.87351 -57.8383
    endloop
  endfacet
  facet normal -0.353553 0.707107 0.612372
    outer loop
      vertex -8.03848 -9.6 -57.735
      vertex -8.23848 -10 -57.3886
      vertex 11.7615 -10 -45.8416
    endloop
  endfacet
  facet normal -0.353553 0.707107 0.612372
    outer loop
      vertex -8.03848 -9.6 -57.735
      vertex 11.7615 -10 -45.8416
      vertex 11.9615 -9.6 -46.188
    endloop
  endfacet
  facet normal -0.353553 -0.707107 0.612372
    outer loop
      vertex -8.23848 -10 -57.3886
      vertex -8.03848 -10.4 -57.735
      vertex 11.9615 -10.4 -46.188
    endloop
  endfacet
  facet normal -0.353553 -0.707107 0.612372
    outer loop
      vertex -8.23848 -10 -57.3886
      vertex 11.9615 -10.4 -46.188
      vertex 11.7615 -10 -45.8416
    endloop
  endfacet
  facet normal 0.353553 -0.707107 -0.612372
    outer loop
      vertex -8.03848 -10.4 -57.735
      vertex -7.83848 -10 -58.0814
      vertex 12.1615 -10 -46.5344
    endloop
  endfacet
  facet normal 0.353553 -0.707107 -0.612372
    outer loop
      vertex -8.03848 -10.4 -57.735
      vertex 12.1615 -10 -46.5344
      vertex 11.9615 -10.4 -46.188
    endloop
  endfacet
  facet normal 0.353553 0.707107 -0.612372
    outer loop
      vertex -7.83848 -10 -58.0814
      vertex -8.03848 -9.6 -57.735
      vertex 11.9615 -9.6 -46.188
    endloop
  endfacet
  facet normal 0.353553 0.707107 -0.612372
    outer loop
      vertex -7.83848 -10 -58.0814
      vertex 11.9615 -9.6 -46.188
      vertex 12.1615 -10 -46.5344
    endloop
  endfacet
  facet normal -0.353553 0.612372 -0.707107
    outer loop
      vertex -8.03848 -10 -58.135
      vertex -8.23848 -9.65359 -57.735
      vertex 9.08203 0.34641 -57.735
    endloop
  endfacet
  facet normal -0.353553 0.612372 -0.707107
    outer loop
      vertex -8.03848 -10 -58.135
      vertex 9.08203 0.34641 -57.735
      vertex 9.28203 0 -58.135
    endloop
  endfacet
  facet normal -0.353553 0.612372 0.707107
    outer loop
      vertex -8.23848 -9.65359 -57.735
      vertex -8.03848 -10 -57.335
      vertex 9.28203 4.2423e-17 -57.335
    endloop
  endfacet
  facet normal -0.353553 0.612372 0.707107
    outer loop
      vertex -8.23848 -9.65359 -57.735
      vertex 9.28203 4.2423e-17 -57.335
      vertex 9.08203 0.34641 -57.735
    endloop
  endfacet
  facet normal 0.353553 -0.612372 0.707107
    outer loop
      vertex -8.03848 -10 -57.335
      vertex -7.83848 -10.3464 -57.735
      vertex 9.48203 -0.34641 -57.735
    endloop
  endfacet
  facet normal 0.353553 -0.612372 0.707107
    outer loop
      vertex -8.03848 -10 -57.335
      vertex 9.48203 -0.34641 -57.735
      vertex 9.28203 4.2423e-17 -57.335
    endloop
  endfacet
  facet normal 0.353553 -0.612372 -0.707107
    outer loop
      vertex -7.83848 -10.3464 -57.735
      vertex -8.03848 -10 -58.135
      vertex 9.28203 0 -58.135
    endloop
  endfacet
  facet normal 0.353553 -0.612372 -0.707107
    outer loop
      vertex -7.83848 -10.3464 -57.735
      vertex 9.28203 0 -58.135
      vertex 9.48203 -0.34641 -57.735
    endloop
  endfacet
  facet normal -0.707107 0.353553 -0.612372
    outer loop
      vertex -8.03848 -9.8 -58.0814
      vertex -8.43848 -10 -57.735
      vertex -8.43848 10 -46.188
    endloop
  endfacet
  facet normal -0.707107 0.353553 -0.612372
    outer loop
      vertex -8.03848 -9.8 -58.0814
      vertex -8.43848 10 -46.188
      vertex -8.03848 10.2 -46.5344
    endloop
  endfacet
  facet normal -0.707107 -0.353553 0.612372
    outer loop
      vertex -8.43848 -10 -57.735
      vertex -8.03848 -10.2 -57.3886
      vertex -8.03848 9.8 -45.8416
    endloop
  endfacet
  facet normal -0.707107 -0.353553 0.612372
    outer loop
      vertex -8.43848 -10 -57.735
      vertex -8.03848 9.8 -45.8416
      vertex -8.43848 10 -46.188
    endloop
  endfacet
  facet normal 0.707107 -0.353553 0.612372
    outer loop
      vertex -8.03848 -10.2 -57.3886
      vertex -7.63848 -10 -57.735
      vertex -7.63848 10 -46.188
    endloop
  endfacet
  facet normal 0.707107 -0.353553 0.612372
    outer loop
      vertex -8.03848 -10.2 -57.3886
      vertex -7.63848 10 -46.188
      vertex -8.03848 9.8 -45.8416
    endloop
  endfacet
  facet normal 0.707107 0.353553 -0.612372
    outer loop
      vertex -7.63848 -10 -57.735
      vertex -8.03848 -9.8 -58.0814
      vertex -8.03848 10.2 -46.5344
    endloop
  endfacet
  facet normal 0.707107 0.353553 -0.612372
    outer loop
      vertex -7.63848 -10 -57.735
      vertex -8.03848 10.2 -46.5344
      vertex -7.63848 10 -46.188
    endloop
  endfacet
  facet normal -0.645497 -0.67082 -0.365148
    outer loop
      vertex 1.96152 -7.57349 -32.3557
      vertex 1.59638 -7.447 -31.9426
      vertex -8.40362 9.87351 -46.0847
    endloop
  endfacet
  facet normal -0.645497 -0.67082 -0.365148
    outer loop
      vertex 1.96152 -7.57349 -32.3557
      vertex -8.40362 9.87351 -46.0847
      vertex -8.03848 9.74702 -46.4979
    endloop
  endfacet
  facet normal -0.645497 0.223607 0.730297
    outer loop
      vertex 1.59638 -7.447 -31.9426
      vertex 1.96152 -7.06753 -31.736
      vertex -8.03848 10.253 -45.8782
    endloop
  endfacet
  facet normal -0.645497 0.223607 0.730297
    outer loop
      vertex 1.59638 -7.447 -31.9426
      vertex -8.03848 10.253 -45.8782
      vertex -8.40362 9.87351 -46.0847
    endloop
  endfacet
  facet normal 0.645497 0.67082 0.365148
    outer loop
      vertex 1.96152 -7.06753 -31.736
      vertex 2.32667 -7.19402 -32.1492
      vertex -7.67333 10.1265 -46.2913
    endloop
  endfacet
  facet normal 0.645497 0.67082 0.365148
    outer loop
      vertex 1.96152 -7.06753 -31.736
      vertex -7.67333 10.1265 -46.2913
      vertex -8.03848 10.253 -45.8782
    endloop
  endfacet
  facet normal 0.645497 -0.223607 -0.730297
    outer loop
      vertex 2.32667 -7.19402 -32.1492
      vertex 1.96152 -7.57349 -32.3557
      vertex -8.03848 9.74702 -46.4979
    endloop
  endfacet
  facet normal 0.645497 -0.223607 -0.730297
    outer loop
      vertex 2.32667 -7.19402 -32.1492
      vertex -8.03848 9.74702 -46.4979
      vertex -7.67333 10.1265 -46.2913
    endloop
  endfacet
  facet normal -0.353553 0.707107 0.612372
    outer loop
      vertex -8.03848 10.4 -46.188
      vertex -8.23848 10 -45.8416
      vertex 11.7615 10 -34.2946
    endloop
  endfacet
  facet normal -0.353553 0.707107 0.612372
    outer loop
      vertex -8.03848 10.4 -46.188
      vertex 11.7615 10 -34.2946
      vertex 11.9615 10.4 -34.641
    endloop
  endfacet
  facet normal -0.353553 -0.707107 0.612372
    outer loop
      vertex -8.23848 10 -45.8416
      vertex -8.03848 9.6 -46.188
      vertex 11.9615 9.6 -34.641
    endloop
  endfacet
  facet normal -0.353553 -0.707107 0.612372
    outer loop
      vertex -8.23848 10 -45.8416
      vertex 11.9615 9.6 -34.641
      vertex 11.7615 10 -34.2946
    endloop
  endfacet
  facet normal 0.353553 -0.707107 -0.612372
    outer loop
      vertex -8.03848 9.6 -46.188
      vertex -7.83848 10 -46.5344
      vertex 12.1615 10 -34.9874
    endloop
  endfacet
  facet normal 0.353553 -0.707107 -0.612372
    outer loop
      vertex -8.03848 9.6 -46.188
      vertex 12.1615 10 -34.9874
      vertex 11.9615 9.6 -34.641
    endloop
  endfacet
  facet normal 0.353553 0.707107 -0.612372
    outer loop
      vertex -7.83848 10 -46.5344
      vertex -8.03848 10.4 -46.188
      vertex 11.9615 10.4 -34.641
    endloop
  endfacet
  facet normal 0.353553 0.707107 -0.612372
    outer loop
      vertex -7.83848 10 -46.5344
      vertex 11.9615 10.4 -34.641
      vertex 12.1615 10 -34.9874
    endloop
  endfacet
  facet normal -0.353553 0.612372 -0.707107
    outer loop
      vertex -8.03848 10 -46.588
      vertex -8.23848 10.3464 -46.188
      vertex 9.08203 20.3464 -46.188
    endloop
  endfacet
  facet normal -0.353553 0.612372 -0.707107
    outer loop
      vertex -8.03848 10 -46.588
      vertex 9.08203 20.3464 -46.188
      vertex 9.28203 20 -46.588
    endloop
  endfacet
  facet normal -0.353553 0.612372 0.707107
    outer loop
      vertex -8.23848 10.3464 -46.188
      vertex -8.03848 10 -45.788
      vertex 9.28203 20 -45.788
    endloop
  endfacet
  facet normal -0.353553 0.612372 0.707107
    outer loop
      vertex -8.23848 10.3464 -46.188
      vertex 9.28203 20 -45.788
      vertex 9.08203 20.3464 -46.188
    endloop
  endfacet
  facet normal 0.353553 -0.612372 0.707107
    outer loop
      vertex -8.03848 10 -45.788
      vertex -7.83848 9.65359 -46.188
      vertex 9.48203 19.6536 -46.188
    endloop
  endfacet
  facet normal 0.353553 -0.612372 0.707107
    outer loop
      vertex -8.03848 10 -45.788
      vertex 9.48203 19.6536 -46.188
      vertex 9.28203 20 -45.788
    endloop
  endfacet
  facet normal 0.353553 -0.612372 -0.707107
    outer loop
      vertex -7.83848 9.65359 -46.188
      vertex -8.03848 10 -46.588
      vertex 9.28203 20 -46.588
    endloop
  endfacet
  facet normal 0.353553 -0.612372 -0.707107
    outer loop
      vertex -7.83848 9.65359 -46.188
      vertex 9.28203 20 -46.588
      vertex 9.48203 19.6536 -46.188
    endloop
  endfacet
  facet normal -0.707107 0.353553 -0.612372
    outer loop
      vertex -8.03848 10.2 -46.5344
      vertex -8.43848 10 -46.188
      vertex -8.43848 30 -34.641
    endloop
  endfacet
  facet normal -0.707107 0.353553 -0.612372
    outer loop
      vertex -8.03848 10.2 -46.5344
      vertex -8.43848 30 -34.641
      vertex -8.03848 30.2 -34.9874
    endloop
  endfacet
  facet normal -0.707107 -0.353553 0.612372
    outer loop
      vertex -8.43848 10 -46.188
      vertex -8.03848 9.8 -45.8416
      vertex -8.03848 29.8 -34.2946
    endloop
  endfacet
  facet normal -0.707107 -0.353553 0.612372
    outer loop
      vertex -8.43848 10 -46.188
      vertex -8.03848 29.8 -34.2946
      vertex -8.43848 30 -34.641
    endloop
  endfacet
  facet normal 0.707107 -0.353553 0.612372
    outer loop
      vertex -8.03848 9.8 -45.8416
      vertex -7.63848 10 -46.188
      vertex -7.63848 30 -34.641
    endloop
  endfacet
  facet normal 0.707107 -0.353553 0.612372
    outer loop
      vertex -8.03848 9.8 -45.8416
      vertex -7.63848 30 -34.641
      vertex -8.03848 29.8 -34.2946
    endloop
  endfacet
  facet normal 0.707107 0.353553 -0.612372
    outer loop
      vertex -7.63848 10 -46.188
      vertex -8.03848 10.2 -46.5344
      vertex -8.03848 30.2 -34.9874
    endloop
  endfacet
  facet normal 0.707107 0.353553 -0.612372
    outer loop
      vertex -7.63848 10 -46.188
      vertex -8.03848 30.2 -34.9874
      vertex -7.63848 30 -34.641
    endloop
  endfacet
  facet normal -0.645497 -0.67082 -0.365148
    outer loop
      vertex -8.03848 9.74702 -46.4979
      vertex -8.40362 9.87351 -46.0847
      vertex -18.4036 27.194 -60.2269
    endloop
  endfacet
  facet normal -0.645497 -0.67082 -0.365148
    outer loop
      vertex -8.03848 9.74702 -46.4979
      vertex -18.4036 27.194 -60.2269
      vertex -18.0385 27.0675 -60.64
    endloop
  endfacet
  facet normal -0.645497 0.223607 0.730297
    outer loop
      vertex -8.40362 9.87351 -46.0847
      vertex -8.03848 10.253 -45.8782
      vertex -18.0385 27.5735 -60.0203
    endloop
  endfacet
  facet normal -0.645497 0.223607 0.730297
    outer loop
      vertex -8.40362 9.87351 -46.0847
      vertex -18.0385 27.5735 -60.0203
      vertex -18.4036 27.194 -60.2269
    endloop
  endfacet
  facet normal 0.645497 0.67082 0.365148
    outer loop
      vertex -8.03848 10.253 -45.8782
      vertex -7.67333 10.1265 -46.2913
      vertex -17.6733 27.447 -60.4334
    endloop
  endfacet
  facet normal 0.645497 0.67082 0.365148
    outer loop
      vertex -8.03848 10.253 -45.8782
      vertex -17.6733 27.447 -60.4334
      vertex -18.0385 27.5735 -60.0203
    endloop
  endfacet
  facet normal 0.645497 -0.223607 -0.730297
    outer loop
      vertex -7.67333 10.1265 -46.2913
      vertex -8.03848 9.74702 -46.4979
      vertex -18.0385 27.0675 -60.64
    endloop
  endfacet
  facet normal 0.645497 -0.223607 -0.730297
    outer loop
      vertex -7.67333 10.1265 -46.2913
      vertex -18.0385 27.0675 -60.64
      vertex -17.6733 27.447 -60.4334
    endloop
  endfacet
  facet normal -0.353553 0.707107 0.612372
    outer loop
      vertex -18.0385 27.7205 -60.3302
      vertex -18.2385 27.3205 -59.9837
      vertex 1.76152 27.3205 -48.4367
    endloop
  endfacet
  facet normal -0.353553 0.707107 0.612372
    outer loop
      vertex -18.0385 27.7205 -60.3302
      vertex 1.76152 27.3205 -48.4367
      vertex 1.96152 27.7205 -48.7832
    endloop
  endfacet
  facet normal -0.353553 -0.707107 0.612372
    outer loop
      vertex -18.2385 27.3205 -59.9837
      vertex -18.0385 26.9205 -60.3302
      vertex 1.96152 26.9205 -48.7832
    endloop
  endfacet
  facet normal -0.353553 -0.707107 0.612372
    outer loop
      vertex -18.2385 27.3205 -59.9837
      vertex 1.96152 26.9205 -48.7832
      vertex 1.76152 27.3205 -48.4367
    endloop
  endfacet
  facet normal 0.353553 -0.707107 -0.612372
    outer loop
      vertex -18.0385 26.9205 -60.3302
      vertex -17.8385 27.3205 -60.6766
      vertex 2.16152 27.3205 -49.1296
    endloop
  endfacet
  facet normal 0.353553 -0.707107 -0.612372
    outer loop
      vertex -18.0385 26.9205 -60.3302
      vertex 2.16152 27.3205 -49.1296
      vertex 1.96152 26.9205 -48.7832
    endloop
  endfacet
  facet normal 0.353553 0.707107 -0.612372
    outer loop
      vertex -17.8385 27.3205 -60.6766
      vertex -18.0385 27.7205 -60.3302
      vertex 1.96152 27.7205 -48.7832
    endloop
  endfacet
  facet normal 0.353553 0.707107 -0.612372
    outer loop
      vertex -17.8385 27.3205 -60.6766
      vertex 1.96152 27.7205 -48.7832
      vertex 2.16152 27.3205 -49.1296
    endloop
  endfacet
  facet normal -0.353553 0.612372 -0.707107
    outer loop
      vertex -18.0385 27.3205 -60.7302
      vertex -18.2385 27.6669 -60.3302
      vertex -0.917968 37.6669 -60.3302
    endloop
  endfacet
  facet normal -0.353553 0.612372 -0.707107
    outer loop
      vertex -18.0385 27.3205 -60.7302
      vertex -0.917968 37.6669 -60.3302
      vertex -0.717968 37.3205 -60.7302
    endloop
  endfacet
  facet normal -0.353553 0.612372 0.707107
    outer loop
      vertex -18.2385 27.6669 -60.3302
      vertex -18.0385 27.3205 -59.9302
      vertex -0.717968 37.3205 -59.9302
    endloop
  endfacet
  facet normal -0.353553 0.612372 0.707107
    outer loop
      vertex -18.2385 27.6669 -60.3302
      vertex -0.717968 37.3205 -59.9302
      vertex -0.917968 37.6669 -60.3302
    endloop
  endfacet
  facet normal 0.353553 -0.612372 0.707107
    outer loop
      vertex -18.0385 27.3205 -59.9302
      vertex -17.8385 26.9741 -60.3302
      vertex -0.517968 36.9741 -60.3302
    endloop
  endfacet
  facet normal 0.353553 -0.612372 0.707107
    outer loop
      vertex -18.0385 27.3205 -59.9302
      vertex -0.517968 36.9741 -60.3302
      vertex -0.717968 37.3205 -59.9302
    endloop
  endfacet
  facet normal 0.353553 -0.612372 -0.707107
    outer loop
      vertex -17.8385 26.9741 -60.3302
      vertex -18.0385 27.3205 -60.7302
      vertex -0.717968 37.3205 -60.7302
    endloop
  endfacet
  facet normal 0.353553 -0.612372 -0.707107
    outer loop
      vertex -17.8385 26.9741 -60.3302
      vertex -0.717968 37.3205 -60.7302
      vertex -0.517968 36.9741 -60.3302
    endloop
  endfacet
  facet normal -0.707107 0.353553 -0.612372
    outer loop
      vertex -18.0385 27.5205 -60.6766
      vertex -18.4385 27.3205 -60.3302
      vertex -18.4385 47.3205 -48.7832
    endloop
  endfacet
  facet normal -0.707107 0.353553 -0.612372
    outer loop
      vertex -18.0385 27.5205 -60.6766
      vertex -18.4385 47.3205 -48.7832
      vertex -18.0385 47.5205 -49.1296
    endloop
  endfacet
  facet normal -0.707107 -0.353553 0.612372
    outer loop
      vertex -18.4385 27.3205 -60.3302
      vertex -18.0385 27.1205 -59.9837
      vertex -18.0385 47.1205 -48.4367
    endloop
  endfacet
  facet normal -0.707107 -0.353553 0.612372
    outer loop
      vertex -18.4385 27.3205 -60.3302
      vertex -18.0385 47.1205 -48.4367
      vertex -18.4385 47.3205 -48.7832
    endloop
  endfacet
  facet normal 0.707107 -0.353553 0.612372
    outer loop
      vertex -18.0385 27.1205 -59.9837
      vertex -17.6385 27.3205 -60.3302
      vertex -17.6385 47.3205 -48.7832
    endloop
  endfacet
  facet normal 0.707107 -0.353553 0.612372
    outer loop
      vertex -18.0385 27.1205 -59.9837
      vertex -17.6385 47.3205 -48.7832
      vertex -18.0385 47.1205 -48.4367
    endloop
  endfacet
  facet normal 0.707107 0.353553 -0.612372
    outer loop
      vertex -17.6385 27.3205 -60.3302
      vertex -18.0385 27.5205 -60.6766
      vertex -18.0385 47.5205 -49.1296
    endloop
  endfacet
  facet normal 0.707107 0.353553 -0.612372
    outer loop
      vertex -17.6385 27.3205 -60.3302
      vertex -18.0385 47.5205 -49.1296
      vertex -17.6385 47.3205 -48.7832
    endloop
  endfacet
  facet normal -0.353553 0.707107 0.612372
    outer loop
      vertex -8.03848 30.4 -34.641
      vertex -8.23848 30 -34.2946
      vertex 11.7615 30 -22.7476
    endloop
  endfacet
  facet normal -0.353553 0.707107 0.612372
    outer loop
      vertex -8.03848 30.4 -34.641
      vertex 11.7615 30 -22.7476
      vertex 11.9615 30.4 -23.094
    endloop
  endfacet
  facet normal -0.353553 -0.707107 0.612372
    outer loop
      vertex -8.23848 30 -34.2946
      vertex -8.03848 29.6 -34.641
      vertex 11.9615 29.6 -23.094
    endloop
  endfacet
  facet normal -0.353553 -0.707107 0.612372
    outer loop
      vertex -8.23848 30 -34.2946
      vertex 11.9615 29.6 -23.094
      vertex 11.7615 30 -22.7476
    endloop
  endfacet
  facet normal 0.353553 -0.707107 -0.612372
    outer loop
      vertex -8.03848 29.6 -34.641
      vertex -7.83848 30 -34.9874
      vertex 12.1615 30 -23.4404
    endloop
  endfacet
  facet normal 0.353553 -0.707107 -0.612372
    outer loop
      vertex -8.03848 29.6 -34.641
      vertex 12.1615 30 -23.4404
      vertex 11.9615 29.6 -23.094
    endloop
  endfacet
  facet normal 0.353553 0.707107 -0.612372
    outer loop
      vertex -7.83848 30 -34.9874
      vertex -8.03848 30.4 -34.641
      vertex 11.9615 30.4 -23.094
    endloop
  endfacet
  facet normal 0.353553 0.707107 -0.612372
    outer loop
      vertex -7.83848 30 -34.9874
      vertex 11.9615 30.4 -23.094
      vertex 12.1615 30 -23.4404
    endloop
  endfacet
  facet normal -0.645497 -0.67082 -0.365148
    outer loop
      vertex -8.03848 29.747 -34.9509
      vertex -8.40362 29.8735 -34.5377
      vertex -18.4036 47.194 -48.6799
    endloop
  endfacet
  facet normal -0.645497 -0.67082 -0.365148
    outer loop
      vertex -8.03848 29.747 -34.9509
      vertex -18.4036 47.194 -48.6799
      vertex -18.0385 47.0675 -49.093
    endloop
  endfacet
  facet normal -0.645497 0.223607 0.730297
    outer loop
      vertex -8.40362 29.8735 -34.5377
      vertex -8.03848 30.253 -34.3312
      vertex -18.0385 47.5735 -48.4733
    endloop
  endfacet
  facet normal -0.645497 0.223607 0.730297
    outer loop
      vertex -8.40362 29.8735 -34.5377
      vertex -18.0385 47.5735 -48.4733
      vertex -18.4036 47.194 -48.6799
    endloop
  endfacet
  facet normal 0.645497 0.67082 0.365148
    outer loop
      vertex -8.03848 30.253 -34.3312
      vertex -7.67333 30.1265 -34.7443
      vertex -17.6733 47.447 -48.8864
    endloop
  endfacet
  facet normal 0.645497 0.67082 0.365148
    outer loop
      vertex -8.03848 30.253 -34.3312
      vertex -17.6733 47.447 -48.8864
      vertex -18.0385 47.5735 -48.4733
    endloop
  endfacet
  facet normal 0.645497 -0.223607 -0.730297
    outer loop
      vertex -7.67333 30.1265 -34.7443
      vertex -8.03848 29.747 -34.9509
      vertex -18.0385 47.0675 -49.093
    endloop
  endfacet
  facet normal 0.645497 -0.223607 -0.730297
    outer loop
      vertex -7.67333 30.1265 -34.7443
      vertex -18.0385 47.0675 -49.093
      vertex -17.6733 47.447 -48.8864
    endloop
  endfacet
  facet normal -0.353553 0.707107 0.612372
    outer loop
      vertex -18.0385 47.7205 -48.7832
      vertex -18.2385 47.3205 -48.4367
      vertex 1.76152 47.3205 -36.8897
    endloop
  endfacet
  facet normal -0.353553 0.707107 0.612372
    outer loop
      vertex -18.0385 47.7205 -48.7832
      vertex 1.76152 47.3205 -36.8897
      vertex 1.96152 47.7205 -37.2361
    endloop
  endfacet
  facet normal -0.353553 -0.707107 0.612372
    outer loop
      vertex -18.2385 47.3205 -48.4367
      vertex -18.0385 46.9205 -48.7832
      vertex 1.96152 46.9205 -37.2361
    endloop
  endfacet
  facet normal -0.353553 -0.707107 0.612372
    outer loop
      vertex -18.2385 47.3205 -48.4367
      vertex 1.96152 46.9205 -37.2361
      vertex 1.76152 47.3205 -36.8897
    endloop
  endfacet
  facet normal 0.353553 -0.707107 -0.612372
    outer loop
      vertex -18.0385 46.9205 -48.7832
      vertex -17.8385 47.3205 -49.1296
      vertex 2.16152 47.3205 -37.5826
    endloop
  endfacet
  facet normal 0.353553 -0.707107 -0.612372
    outer loop
      vertex -18.0385 46.9205 -48.7832
      vertex 2.16152 47.3205 -37.5826
      vertex 1.96152 46.9205 -37.2361
    endloop
  endfacet
  facet normal 0.353553 0.707107 -0.612372
    outer loop
      vertex -17.8385 47.3205 -49.1296
      vertex -18.0385 47.7205 -48.7832
      vertex 1.96152 47.7205 -37.2361
    endloop
  endfacet
  facet normal 0.353553 0.707107 -0.612372
    outer loop
      vertex -17.8385 47.3205 -49.1296
      vertex 1.96152 47.7205 -37.2361
      vertex 2.16152 47.3205 -37.5826
    endloop
  endfacet
  facet normal -0.353553 0.612372 -0.707107
    outer loop
      vertex -18.0385 47.3205 -49.1832
      vertex -18.2385 47.6669 -48.7832
      vertex -0.917968 57.6669 -48.7832
    endloop
  endfacet
  facet normal -0.353553 0.612372 -0.707107
    outer loop
      vertex -18.0385 47.3205 -49.1832
      vertex -0.917968 57.6669 -48.7832
      vertex -0.717968 57.3205 -49.1832
    endloop
  endfacet
  facet normal -0.353553 0.612372 0.707107
    outer loop
      vertex -18.2385 47.6669 -48.7832
      vertex -18.0385 47.3205 -48.3832
      vertex -0.717968 57.3205 -48.3832
    endloop
  endfacet
  facet normal -0.353553 0.612372 0.707107
    outer loop
      vertex -18.2385 47.6669 -48.7832
      vertex -0.717968 57.3205 -48.3832
      vertex -0.917968 57.6669 -48.7832
    endloop
  endfacet
  facet normal 0.353553 -0.612372 0.707107
    outer loop
      vertex -18.0385 47.3205 -48.3832
      vertex -17.8385 46.9741 -48.7832
      vertex -0.517968 56.9741 -48.7832
    endloop
  endfacet
  facet normal 0.353553 -0.612372 0.707107
    outer loop
      vertex -18.0385 47.3205 -48.3832
      vertex -0.517968 56.9741 -48.7832
      vertex -0.717968 57.3205 -48.3832
    endloop
  endfacet
  facet normal 0.353553 -0.612372 -0.707107
    outer loop
      vertex -17.8385 46.9741 -48.7832
      vertex -18.0385 47.3205 -49.1832
      vertex -0.717968 57.3205 -49.1832
    endloop
  endfacet
  facet normal 0.353553 -0.612372 -0.707107
    outer loop
      vertex -17.8385 46.9741 -48.7832
      vertex -0.717968 57.3205 -49.1832
      vertex -0.517968 56.9741 -48.7832
    endloop
  endfacet
  facet normal -0.707107 0.353553 -0.612372
    outer loop
      vertex -18.0385 47.5205 -49.1296
      vertex -18.4385 47.3205 -48.7832
      vertex -18.4385 67.3205 -37.2361
    endloop
  endfacet
  facet normal -0.707107 0.353553 -0.612372
    outer loop
      vertex -18.0385 47.5205 -49.1296
      vertex -18.4385 67.3205 -37.2361
      vertex -18.0385 67.5205 -37.5826
    endloop
  endfacet
  facet normal -0.707107 -0.353553 0.612372
    outer loop
      vertex -18.4385 47.3205 -48.7832
      vertex -18.0385 47.1205 -48.4367
      vertex -18.0385 67.1205 -36.8897
    endloop
  endfacet
  facet normal -0.707107 -0.353553 0.612372
    outer loop
      vertex -18.4385 47.3205 -48.7832
      vertex -18.0385 67.1205 -36.8897
      vertex -18.4385 67.3205 -37.2361
    endloop
  endfacet
  facet normal 0.707107 -0.353553 0.612372
    outer loop
      vertex -18.0385 47.1205 -48.4367
      vertex -17.6385 47.3205 -48.7832
      vertex -17.6385 67.3205 -37.2361
    endloop
  endfacet
  facet normal 0.707107 -0.353553 0.612372
    outer loop
      vertex -18.0385 47.1205 -48.4367
      vertex -17.6385 67.3205 -37.2361
      vertex -18.0385 67.1205 -36.8897
    endloop
  endfacet
  facet normal 0.707107 0.353553 -0.612372
    outer loop
      vertex -17.6385 47.3205 -48.7832
      vertex -18.0385 47.5205 -49.1296
      vertex -18.0385 67.5205 -37.5826
    endloop
  endfacet
  facet normal 0.707107 0.353553 -0.612372
    outer loop
      vertex -17.6385 47.3205 -48.7832
      vertex -18.0385 67.5205 -37.5826
      vertex -17.6385 67.3205 -37.2361
    endloop
  endfacet
  facet normal -0.353553 0.707107 0.612372
    outer loop
      vertex -18.0385 67.7205 -37.2361
      vertex -18.2385 67.3205 -36.8897
      vertex 1.76152 67.3205 -25.3427
    endloop
  endfacet
  facet normal -0.353553 0.707107 0.612372
    outer loop
      vertex -18.0385 67.7205 -37.2361
      vertex 1.76152 67.3205 -25.3427
      vertex 1.96152 67.7205 -25.6891
    endloop
  endfacet
  facet normal -0.353553 -0.707107 0.612372
    outer loop
      vertex -18.2385 67.3205 -36.8897
      vertex -18.0385 66.9205 -37.2361
      vertex 1.96152 66.9205 -25.6891
    endloop
  endfacet
  facet normal -0.353553 -0.707107 0.612372
    outer loop
      vertex -18.2385 67.3205 -36.8897
      vertex 1.96152 66.9205 -25.6891
      vertex 1.76152 67.3205 -25.3427
    endloop
  endfacet
  facet normal 0.353553 -0.707107 -0.612372
    outer loop
      vertex -18.0385 66.9205 -37.2361
      vertex -17.8385 67.3205 -37.5826
      vertex 2.16152 67.3205 -26.0356
    endloop
  endfacet
  facet normal 0.353553 -0.707107 -0.612372
    outer loop
      vertex -18.0385 66.9205 -37.2361
      vertex 2.16152 67.3205 -26.0356
      vertex 1.96152 66.9205 -25.6891
    endloop
  endfacet
  facet normal 0.353553 0.707107 -0.612372
    outer loop
      vertex -17.8385 67.3205 -37.5826
      vertex -18.0385 67.7205 -37.2361
      vertex 1.96152 67.7205 -25.6891
    endloop
  endfacet
  facet normal 0.353553 0.707107 -0.612372
    outer loop
      vertex -17.8385 67.3205 -37.5826
      vertex 1.96152 67.7205 -25.6891
      vertex 2.16152 67.3205 -26.0356
    endloop
  endfacet
  facet normal -0.353553 0.612372 -0.707107
    outer loop
      vertex -18.0385 67.3205 -37.6361
      vertex -18.2385 67.6669 -37.2361
      vertex -0.917968 77.6669 -37.2361
    endloop
  endfacet
  facet normal -0.353553 0.612372 -0.707107
    outer loop
      vertex -18.0385 67.3205 -37.6361
      vertex -0.917968 77.6669 -37.2361
      vertex -0.717968 77.3205 -37.6361
    endloop
  endfacet
  facet normal -0.353553 0.612372 0.707107
    outer loop
      vertex -18.2385 67.6669 -37.2361
      vertex -18.0385 67.3205 -36.8361
      vertex -0.717968 77.3205 -36.8361
    endloop
  endfacet
  facet normal -0.353553 0.612372 0.707107
    outer loop
      vertex -18.2385 67.6669 -37.2361
      vertex -0.717968 77.3205 -36.8361
      vertex -0.917968 77.6669 -37.2361
    endloop
  endfacet
  facet normal 0.353553 -0.612372 0.707107
    outer loop
      vertex -18.0385 67.3205 -36.8361
      vertex -17.8385 66.9741 -37.2361
      vertex -0.517968 76.9741 -37.2361
    endloop
  endfacet
  facet normal 0.353553 -0.612372 0.707107
    outer loop
      vertex -18.0385 67.3205 -36.8361
      vertex -0.517968 76.9741 -37.2361
      vertex -0.717968 77.3205 -36.8361
    endloop
  endfacet
  facet normal 0.353553 -0.612372 -0.707107
    outer loop
      vertex -17.8385 66.9741 -37.2361
      vertex -18.0385 67.3205 -37.6361
      vertex -0.717968 77.3205 -37.6361
    endloop
  endfacet
  facet normal 0.353553 -0.612372 -0.707107
    outer loop
      vertex -17.8385 66.9741 -37.2361
      vertex -0.717968 77.3205 -37.6361
      vertex -0.517968 76.9741 -37.2361
    endloop
  endfacet
  facet normal -0.645497 -0.67082 -0.365148
    outer loop
      vertex -18.0385 67.0675 -37.546
      vertex -18.4036 67.194 -37.1329
      vertex -28.4036 84.5145 -51.275
    endloop
  endfacet
  facet normal -0.645497 -0.67082 -0.365148
    outer loop
      vertex -18.0385 67.0675 -37.546
      vertex -28.4036 84.5145 -51.275
      vertex -28.0385 84.388 -51.6881
    endloop
  endfacet
  facet normal -0.645497 0.223607 0.730297
    outer loop
      vertex -18.4036 67.194 -37.1329
      vertex -18.0385 67.5735 -36.9263
      vertex -28.0385 84.894 -51.0684
    endloop
  endfacet
  facet normal -0.645497 0.223607 0.730297
    outer loop
      vertex -18.4036 67.194 -37.1329
      vertex -28.0385 84.894 -51.0684
      vertex -28.4036 84.5145 -51.275
    endloop
  endfacet
  facet normal 0.645497 0.67082 0.365148
    outer loop
      vertex -18.0385 67.5735 -36.9263
      vertex -17.6733 67.447 -37.3394
      vertex -27.6733 84.7675 -51.4816
    endloop
  endfacet
  facet normal 0.645497 0.67082 0.365148
    outer loop
      vertex -18.0385 67.5735 -36.9263
      vertex -27.6733 84.7675 -51.4816
      vertex -28.0385 84.894 -51.0684
    endloop
  endfacet
  facet normal 0.645497 -0.223607 -0.730297
    outer loop
      vertex -17.6733 67.447 -37.3394
      vertex -18.0385 67.0675 -37.546
      vertex -28.0385 84.388 -51.6881
    endloop
  endfacet
  facet normal 0.645497 -0.223607 -0.730297
    outer loop
      vertex -17.6733 67.447 -37.3394
      vertex -28.0385 84.388 -51.6881
      vertex -27.6733 84.7675 -51.4816
    endloop
  endfacet
  facet normal -0.353553 0.707107 0.612372
    outer loop
      vertex -28.0385 85.041 -51.3783
      vertex -28.2385 84.641 -51.0319
      vertex -8.23848 84.641 -39.4849
    endloop
  endfacet
  facet normal -0.353553 0.707107 0.612372
    outer loop
      vertex -28.0385 85.041 -51.3783
      vertex -8.23848 84.641 -39.4849
      vertex -8.03848 85.041 -39.8313
    endloop
  endfacet
  facet normal -0.353553 -0.707107 0.612372
    outer loop
      vertex -28.2385 84.641 -51.0319
      vertex -28.0385 84.241 -51.3783
      vertex -8.03848 84.241 -39.8313
    endloop
  endfacet
  facet normal -0.353553 -0.707107 0.612372
    outer loop
      vertex -28.2385 84.641 -51.0319
      vertex -8.03848 84.241 -39.8313
      vertex -8.23848 84.641 -39.4849
    endloop
  endfacet
  facet normal 0.353553 -0.707107 -0.612372
    outer loop
      vertex -28.0385 84.241 -51.3783
      vertex -27.8385 84.641 -51.7247
      vertex -7.83848 84.641 -40.1777
    endloop
  endfacet
  facet normal 0.353553 -0.707107 -0.612372
    outer loop
      vertex -28.0385 84.241 -51.3783
      vertex -7.83848 84.641 -40.1777
      vertex -8.03848 84.241 -39.8313
    endloop
  endfacet
  facet normal 0.353553 0.707107 -0.612372
    outer loop
      vertex -27.8385 84.641 -51.7247
      vertex -28.0385 85.041 -51.3783
      vertex -8.03848 85.041 -39.8313
    endloop
  endfacet
  facet normal 0.353553 0.707107 -0.612372
    outer loop
      vertex -27.8385 84.641 -51.7247
      vertex -8.03848 85.041 -39.8313
      vertex -7.83848 84.641 -40.1777
    endloop
  endfacet
  facet normal -0.353553 0.612372 -0.707107
    outer loop
      vertex -28.0385 84.641 -51.7783
      vertex -28.2385 84.9874 -51.3783
      vertex -10.918 94.9874 -51.3783
    endloop
  endfacet
  facet normal -0.353553 0.612372 -0.707107
    outer loop
      vertex -28.0385 84.641 -51.7783
      vertex -10.918 94.9874 -51.3783
      vertex -10.718 94.641 -51.7783
    endloop
  endfacet
  facet normal -0.353553 0.612372 0.707107
    outer loop
      vertex -28.2385 84.9874 -51.3783
      vertex -28.0385 84.641 -50.9783
      vertex -10.718 94.641 -50.9783
    endloop
  endfacet
  facet normal -0.353553 0.612372 0.707107
    outer loop
      vertex -28.2385 84.9874 -51.3783
      vertex -10.718 94.641 -50.9783
      vertex -10.918 94.9874 -51.3783
    endloop
  endfacet
  facet normal 0.353553 -0.612372 0.707107
    outer loop
      vertex -28.0385 84.641 -50.9783
      vertex -27.8385 84.2946 -51.3783
      vertex -10.518 94.2946 -51.3783
    endloop
  endfacet
  facet normal 0.353553 -0.612372 0.707107
    outer loop
      vertex -28.0385 84.641 -50.9783
      vertex -10.518 94.2946 -51.3783
      vertex -10.718 94.641 -50.9783
    endloop
  endfacet
  facet normal 0.353553 -0.612372 -0.707107
    outer loop
      vertex -27.8385 84.2946 -51.3783
      vertex -28.0385 84.641 -51.7783
      vertex -10.718 94.641 -51.7783
    endloop
  endfacet
  facet normal 0.353553 -0.612372 -0.707107
    outer loop
      vertex -27.8385 84.2946 -51.3783
      vertex -10.718 94.641 -51.7783
      vertex -10.518 94.2946 -51.3783
    endloop
  endfacet
  facet normal -0.707107 0.353553 -0.612372
    outer loop
      vertex -28.0385 84.841 -51.7247
      vertex -28.4385 84.641 -51.3783
      vertex -28.4385 104.641 -39.8313
    endloop
  endfacet
  facet normal -0.707107 0.353553 -0.612372
    outer loop
      vertex -28.0385 84.841 -51.7247
      vertex -28.4385 104.641 -39.8313
      vertex -28.0385 104.841 -40.1777
    endloop
  endfacet
  facet normal -0.707107 -0.353553 0.612372
    outer loop
      vertex -28.4385 84.641 -51.3783
      vertex -28.0385 84.441 -51.0319
      vertex -28.0385 104.441 -39.4849
    endloop
  endfacet
  facet normal -0.707107 -0.353553 0.612372
    outer loop
      vertex -28.4385 84.641 -51.3783
      vertex -28.0385 104.441 -39.4849
      vertex -28.4385 104.641 -39.8313
    endloop
  endfacet
  facet normal 0.707107 -0.353553 0.612372
    outer loop
      vertex -28.0385 84.441 -51.0319
      vertex -27.6385 84.641 -51.3783
      vertex -27.6385 104.641 -39.8313
    endloop
  endfacet
  facet normal 0.707107 -0.353553 0.612372
    outer loop
      vertex -28.0385 84.441 -51.0319
      vertex -27.6385 104.641 -39.8313
      vertex -28.0385 104.441 -39.4849
    endloop
  endfacet
  facet normal 0.707107 0.353553 -0.612372
    outer loop
      vertex -27.6385 84.641 -51.3783
      vertex -28.0385 84.841 -51.7247
      vertex -28.0385 104.841 -40.1777
    endloop
  endfacet
  facet normal 0.707107 0.353553 -0.612372
    outer loop
      vertex -27.6385 84.641 -51.3783
      vertex -28.0385 104.841 -40.1777
      vertex -27.6385 104.641 -39.8313
    endloop
  endfacet
  facet normal -0.353553 0.707107 0.612372
    outer loop
      vertex -28.0385 105.041 -39.8313
      vertex -28.2385 104.641 -39.4849
      vertex -8.23848 104.641 -27.9379
    endloop
  endfacet
  facet normal -0.353553 0.707107 0.612372
    outer loop
      vertex -28.0385 105.041 -39.8313
      vertex -8.23848 104.641 -27.9379
      vertex -8.03848 105.041 -28.2843
    endloop
  endfacet
  facet normal -0.353553 -0.707107 0.612372
    outer loop
      vertex -28.2385 104.641 -39.4849
      vertex -28.0385 104.241 -39.8313
      vertex -8.03848 104.241 -28.2843
    endloop
  endfacet
  facet normal -0.353553 -0.707107 0.612372
    outer loop
      vertex -28.2385 104.641 -39.4849
      vertex -8.03848 104.241 -28.2843
      vertex -8.23848 104.641 -27.9379
    endloop
  endfacet
  facet normal 0.353553 -0.707107 -0.612372
    outer loop
      vertex -28.0385 104.241 -39.8313
      vertex -27.8385 104.641 -40.1777
      vertex -7.83848 104.641 -28.6307
    endloop
  endfacet
  facet normal 0.353553 -0.707107 -0.612372
    outer loop
      vertex -28.0385 104.241 -39.8313
      vertex -7.83848 104.641 -28.6307
      vertex -8.03848 104.241 -28.2843
    endloop
  endfacet
  facet normal 0.353553 0.707107 -0.612372
    outer loop
      vertex -27.8385 104.641 -40.1777
      vertex -28.0385 105.041 -39.8313
      vertex -8.03848 105.041 -28.2843
    endloop
  endfacet
  facet normal 0.353553 0.707107 -0.612372
    outer loop
      vertex -27.8385 104.641 -40.1777
      vertex -8.03848 105.041 -28.2843
      vertex -7.83848 104.641 -28.6307
    endloop
  endfacet
  facet normal -0.353553 0.612372 -0.707107
    outer loop
      vertex -28.0385 104.641 -40.2313
      vertex -28.2385 104.987 -39.8313
      vertex -10.918 114.987 -39.8313
    endloop
  endfacet
  facet normal -0.353553 0.612372 -0.707107
    outer loop
      vertex -28.0385 104.641 -40.2313
      vertex -10.918 114.987 -39.8313
      vertex -10.718 114.641 -40.2313
    endloop
  endfacet
  facet normal -0.353553 0.612372 0.707107
    outer loop
      vertex -28.2385 104.987 -39.8313
      vertex -28.0385 104.641 -39.4313
      vertex -10.718 114.641 -39.4313
    endloop
  endfacet
  facet normal -0.353553 0.612372 0.707107
    outer loop
      vertex -28.2385 104.987 -39.8313
      vertex -10.718 114.641 -39.4313
      vertex -10.918 114.987 -39.8313
    endloop
  endfacet
  facet normal 0.353553 -0.612372 0.707107
    outer loop
      vertex -28.0385 104.641 -39.4313
      vertex -27.8385 104.295 -39.8313
      vertex -10.518 114.295 -39.8313
    endloop
  endfacet
  facet normal 0.353553 -0.612372 0.707107
    outer loop
      vertex -28.0385 104.641 -39.4313
      vertex -10.518 114.295 -39.8313
      vertex -10.718 114.641 -39.4313
    endloop
  endfacet
  facet normal 0.353553 -0.612372 -0.707107
    outer loop
      vertex -27.8385 104.295 -39.8313
      vertex -28.0385 104.641 -40.2313
      vertex -10.718 114.641 -40.2313
    endloop
  endfacet
  facet normal 0.353553 -0.612372 -0.707107
    outer loop
      vertex -27.8385 104.295 -39.8313
      vertex -10.718 114.641 -40.2313
      vertex -10.518 114.295 -39.8313
    endloop
  endfacet
  facet normal -0.707107 0.353553 -0.612372
    outer loop
      vertex -28.0385 104.841 -40.1777
      vertex -28.4385 104.641 -39.8313
      vertex -28.4385 124.641 -28.2843
    endloop
  endfacet
  facet normal -0.707107 0.353553 -0.612372
    outer loop
      vertex -28.0385 104.841 -40.1777
      vertex -28.4385 124.641 -28.2843
      vertex -28.0385 124.841 -28.6307
    endloop
  endfacet
  facet normal -0.707107 -0.353553 0.612372
    outer loop
      vertex -28.4385 104.641 -39.8313
      vertex -28.0385 104.441 -39.4849
      vertex -28.0385 124.441 -27.9379
    endloop
  endfacet
  facet normal -0.707107 -0.353553 0.612372
    outer loop
      vertex -28.4385 104.641 -39.8313
      vertex -28.0385 124.441 -27.9379
      vertex -28.4385 124.641 -28.2843
    endloop
  endfacet
  facet normal 0.707107 -0.353553 0.612372
    outer loop
      vertex -28.0385 104.441 -39.4849
      vertex -27.6385 104.641 -39.8313
      vertex -27.6385 124.641 -28.2843
    endloop
  endfacet
  facet normal 0.707107 -0.353553 0.612372
    outer loop
      vertex -28.0385 104.441 -39.4849
      vertex -27.6385 124.641 -28.2843
      vertex -28.0385 124.441 -27.9379
    endloop
  endfacet
  facet normal 0.707107 0.353553 -0.612372
    outer loop
      vertex -27.6385 104.641 -39.8313
      vertex -28.0385 104.841 -40.1777
      vertex -28.0385 124.841 -28.6307
    endloop
  endfacet
  facet normal 0.707107 0.353553 -0.612372
    outer loop
      vertex -27.6385 104.641 -39.8313
      vertex -28.0385 124.841 -28.6307
      vertex -27.6385 124.641 -28.2843
    endloop
  endfacet
  facet normal -0.645497 -0.67082 -0.365148
    outer loop
      vertex -28.0385 104.388 -40.1411
      vertex -28.4036 104.515 -39.728
      vertex -38.4036 121.835 -53.8701
    endloop
  endfacet
  facet normal -0.645497 -0.67082 -0.365148
    outer loop
      vertex -28.0385 104.388 -40.1411
      vertex -38.4036 121.835 -53.8701
      vertex -38.0385 121.709 -54.2833
    endloop
  endfacet
  facet normal -0.645497 0.223607 0.730297
    outer loop
      vertex -28.4036 104.515 -39.728
      vertex -28.0385 104.894 -39.5214
      vertex -38.0385 122.215 -53.6636
    endloop
  endfacet
  facet normal -0.645497 0.223607 0.730297
    outer loop
      vertex -28.4036 104.515 -39.728
      vertex -38.0385 122.215 -53.6636
      vertex -38.4036 121.835 -53.8701
    endloop
  endfacet
  facet normal 0.645497 0.67082 0.365148
    outer loop
      vertex -28.0385 104.894 -39.5214
      vertex -27.6733 104.768 -39.9346
      vertex -37.6733 122.088 -54.0767
    endloop
  endfacet
  facet normal 0.645497 0.67082 0.365148
    outer loop
      vertex -28.0385 104.894 -39.5214
      vertex -37.6733 122.088 -54.0767
      vertex -38.0385 122.215 -53.6636
    endloop
  endfacet
  facet normal 0.645497 -0.223607 -0.730297
    outer loop
      vertex -27.6733 104.768 -39.9346
      vertex -28.0385 104.388 -40.1411
      vertex -38.0385 121.709 -54.2833
    endloop
  endfacet
  facet normal 0.645497 -0.223607 -0.730297
    outer loop
      vertex -27.6733 104.768 -39.9346
      vertex -38.0385 121.709 -54.2833
      vertex -37.6733 122.088 -54.0767
    endloop
  endfacet
  facet normal -0.353553 0.707107 0.612372
    outer loop
      vertex -38.0385 122.362 -53.9734
      vertex -38.2385 121.962 -53.627
      vertex -18.2385 121.962 -42.08
    endloop
  endfacet
  facet normal -0.353553 0.707107 0.612372
    outer loop
      vertex -38.0385 122.362 -53.9734
      vertex -18.2385 121.962 -42.08
      vertex -18.0385 122.362 -42.4264
    endloop
  endfacet
  facet normal -0.353553 -0.707107 0.612372
    outer loop
      vertex -38.2385 121.962 -53.627
      vertex -38.0385 121.562 -53.9734
      vertex -18.0385 121.562 -42.4264
    endloop
  endfacet
  facet normal -0.353553 -0.707107 0.612372
    outer loop
      vertex -38.2385 121.962 -53.627
      vertex -18.0385 121.562 -42.4264
      vertex -18.2385 121.962 -42.08
    endloop
  endfacet
  facet normal 0.353553 -0.707107 -0.612372
    outer loop
      vertex -38.0385 121.562 -53.9734
      vertex -37.8385 121.962 -54.3198
      vertex -17.8385 121.962 -42.7728
    endloop
  endfacet
  facet normal 0.353553 -0.707107 -0.612372
    outer loop
      vertex -38.0385 121.562 -53.9734
      vertex -17.8385 121.962 -42.7728
      vertex -18.0385 121.562 -42.4264
    endloop
  endfacet
  facet normal 0.353553 0.707107 -0.612372
    outer loop
      vertex -37.8385 121.962 -54.3198
      vertex -38.0385 122.362 -53.9734
      vertex -18.0385 122.362 -42.4264
    endloop
  endfacet
  facet normal 0.353553 0.707107 -0.612372
    outer loop
      vertex -37.8385 121.962 -54.3198
      vertex -18.0385 122.362 -42.4264
      vertex -17.8385 121.962 -42.7728
    endloop
  endfacet
  facet normal -0.353553 0.612372 -0.707107
    outer loop
      vertex -38.0385 121.962 -54.3734
      vertex -38.2385 122.308 -53.9734
      vertex -20.918 132.308 -53.9734
    endloop
  endfacet
  facet normal -0.353553 0.612372 -0.707107
    outer loop
      vertex -38.0385 121.962 -54.3734
      vertex -20.918 132.308 -53.9734
      vertex -20.718 131.962 -54.3734
    endloop
  endfacet
  facet normal -0.353553 0.612372 0.707107
    outer loop
      vertex -38.2385 122.308 -53.9734
      vertex -38.0385 121.962 -53.5734
      vertex -20.718 131.962 -53.5734
    endloop
  endfacet
  facet normal -0.353553 0.612372 0.707107
    outer loop
      vertex -38.2385 122.308 -53.9734
      vertex -20.718 131.962 -53.5734
      vertex -20.918 132.308 -53.9734
    endloop
  endfacet
  facet normal 0.353553 -0.612372 0.707107
    outer loop
      vertex -38.0385 121.962 -53.5734
      vertex -37.8385 121.615 -53.9734
      vertex -20.518 131.615 -53.9734
    endloop
  endfacet
  facet normal 0.353553 -0.612372 0.707107
    outer loop
      vertex -38.0385 121.962 -53.5734
      vertex -20.518 131.615 -53.9734
      vertex -20.718 131.962 -53.5734
    endloop
  endfacet
  facet normal 0.353553 -0.612372 -0.707107
    outer loop
      vertex -37.8385 121.615 -53.9734
      vertex -38.0385 121.962 -54.3734
      vertex -20.718 131.962 -54.3734
    endloop
  endfacet
  facet normal 0.353553 -0.612372 -0.707107
    outer loop
      vertex -37.8385 121.615 -53.9734
      vertex -20.718 131.962 -54.3734
      vertex -20.518 131.615 -53.9734
    endloop
  endfacet
  facet normal -0.707107 0.353553 -0.612372
    outer loop
      vertex -38.0385 122.162 -54.3198
      vertex -38.4385 121.962 -53.9734
      vertex -38.4385 141.962 -42.4264
    endloop
  endfacet
  facet normal -0.707107 0.353553 -0.612372
    outer loop
      vertex -38.0385 122.162 -54.3198
      vertex -38.4385 141.962 -42.4264
      vertex -38.0385 142.162 -42.7728
    endloop
  endfacet
  facet normal -0.707107 -0.353553 0.612372
    outer loop
      vertex -38.4385 121.962 -53.9734
      vertex -38.0385 121.762 -53.627
      vertex -38.0385 141.762 -42.08
    endloop
  endfacet
  facet normal -0.707107 -0.353553 0.612372
    outer loop
      vertex -38.4385 121.962 -53.9734
      vertex -38.0385 141.762 -42.08
      vertex -38.4385 141.962 -42.4264
    endloop
  endfacet
  facet normal 0.707107 -0.353553 0.612372
    outer loop
      vertex -38.0385 121.762 -53.627
      vertex -37.6385 121.962 -53.9734
      vertex -37.6385 141.962 -42.4264
    endloop
  endfacet
  facet normal 0.707107 -0.353553 0.612372
    outer loop
      vertex -38.0385 121.762 -53.627
      vertex -37.6385 141.962 -42.4264
      vertex -38.0385 141.762 -42.08
    endloop
  endfacet
  facet normal 0.707107 0.353553 -0.612372
    outer loop
      vertex -37.6385 121.962 -53.9734
      vertex -38.0385 122.162 -54.3198
      vertex -38.0385 142.162 -42.7728
    endloop
  endfacet
  facet normal 0.707107 0.353553 -0.612372
    outer loop
      vertex -37.6385 121.962 -53.9734
      vertex -38.0385 142.162 -42.7728
      vertex -37.6385 141.962 -42.4264
    endloop
  endfacet
  facet normal -0.645497 -0.67082 -0.365148
    outer loop
      vertex -28.0385 124.388 -28.5941
      vertex -28.4036 124.515 -28.181
      vertex -38.4036 141.835 -42.3231
    endloop
  endfacet
  facet normal -0.645497 -0.67082 -0.365148
    outer loop
      vertex -28.0385 124.388 -28.5941
      vertex -38.4036 141.835 -42.3231
      vertex -38.0385 141.709 -42.7362
    endloop
  endfacet
  facet normal -0.645497 0.223607 0.730297
    outer loop
      vertex -28.4036 124.515 -28.181
      vertex -28.0385 124.894 -27.9744
      vertex -38.0385 142.215 -42.1166
    endloop
  endfacet
  facet normal -0.645497 0.223607 0.730297
    outer loop
      vertex -28.4036 124.515 -28.181
      vertex -38.0385 142.215 -42.1166
      vertex -38.4036 141.835 -42.3231
    endloop
  endfacet
  facet normal 0.645497 0.67082 0.365148
    outer loop
      vertex -28.0385 124.894 -27.9744
      vertex -27.6733 124.768 -28.3876
      vertex -37.6733 142.088 -42.5297
    endloop
  endfacet
  facet normal 0.645497 0.67082 0.365148
    outer loop
      vertex -28.0385 124.894 -27.9744
      vertex -37.6733 142.088 -42.5297
      vertex -38.0385 142.215 -42.1166
    endloop
  endfacet
  facet normal 0.645497 -0.223607 -0.730297
    outer loop
      vertex -27.6733 124.768 -28.3876
      vertex -28.0385 124.388 -28.5941
      vertex -38.0385 141.709 -42.7362
    endloop
  endfacet
  facet normal 0.645497 -0.223607 -0.730297
    outer loop
      vertex -27.6733 124.768 -28.3876
      vertex -38.0385 141.709 -42.7362
      vertex -37.6733 142.088 -42.5297
    endloop
  endfacet
  facet normal -0.353553 0.707107 0.612372
    outer loop
      vertex -38.0385 142.362 -42.4264
      vertex -38.2385 141.962 -42.08
      vertex -18.2385 141.962 -30.533
    endloop
  endfacet
  facet normal -0.353553 0.707107 0.612372
    outer loop
      vertex -38.0385 142.362 -42.4264
      vertex -18.2385 141.962 -30.533
      vertex -18.0385 142.362 -30.8794
    endloop
  endfacet
  facet normal -0.353553 -0.707107 0.612372
    outer loop
      vertex -38.2385 141.962 -42.08
      vertex -38.0385 141.562 -42.4264
      vertex -18.0385 141.562 -30.8794
    endloop
  endfacet
  facet normal -0.353553 -0.707107 0.612372
    outer loop
      vertex -38.2385 141.962 -42.08
      vertex -18.0385 141.562 -30.8794
      vertex -18.2385 141.962 -30.533
    endloop
  endfacet
  facet normal 0.353553 -0.707107 -0.612372
    outer loop
      vertex -38.0385 141.562 -42.4264
      vertex -37.8385 141.962 -42.7728
      vertex -17.8385 141.962 -31.2258
    endloop
  endfacet
  facet normal 0.353553 -0.707107 -0.612372
    outer loop
      vertex -38.0385 141.562 -42.4264
      vertex -17.8385 141.962 -31.2258
      vertex -18.0385 141.562 -30.8794
    endloop
  endfacet
  facet normal 0.353553 0.707107 -0.612372
    outer loop
      vertex -37.8385 141.962 -42.7728
      vertex -38.0385 142.362 -42.4264
      vertex -18.0385 142.362 -30.8794
    endloop
  endfacet
  facet normal 0.353553 0.707107 -0.612372
    outer loop
      vertex -37.8385 141.962 -42.7728
      vertex -18.0385 142.362 -30.8794
      vertex -17.8385 141.962 -31.2258
    endloop
  endfacet
  facet normal -0.353553 0.612372 -0.707107
    outer loop
      vertex -38.0385 141.962 -42.8264
      vertex -38.2385 142.308 -42.4264
      vertex -20.918 152.308 -42.4264
    endloop
  endfacet
  facet normal -0.353553 0.612372 -0.707107
    outer loop
      vertex -38.0385 141.962 -42.8264
      vertex -20.918 152.308 -42.4264
      vertex -20.718 151.962 -42.8264
    endloop
  endfacet
  facet normal -0.353553 0.612372 0.707107
    outer loop
      vertex -38.2385 142.308 -42.4264
      vertex -38.0385 141.962 -42.0264
      vertex -20.718 151.962 -42.0264
    endloop
  endfacet
  facet normal -0.353553 0.612372 0.707107
    outer loop
      vertex -38.2385 142.308 -42.4264
      vertex -20.718 151.962 -42.0264
      vertex -20.918 152.308 -42.4264
    endloop
  endfacet
  facet normal 0.353553 -0.612372 0.707107
    outer loop
      vertex -38.0385 141.962 -42.0264
      vertex -37.8385 141.615 -42.4264
      vertex -20.518 151.615 -42.4264
    endloop
  endfacet
  facet normal 0.353553 -0.612372 0.707107
    outer loop
      vertex -38.0385 141.962 -42.0264
      vertex -20.518 151.615 -42.4264
      vertex -20.718 151.962 -42.0264
    endloop
  endfacet
  facet normal 0.353553 -0.612372 -0.707107
    outer loop
      vertex -37.8385 141.615 -42.4264
      vertex -38.0385 141.962 -42.8264
      vertex -20.718 151.962 -42.8264
    endloop
  endfacet
  facet normal 0.353553 -0.612372 -0.707107
    outer loop
      vertex -37.8385 141.615 -42.4264
      vertex -20.718 151.962 -42.8264
      vertex -20.518 151.615 -42.4264
    endloop
  endfacet
  facet normal -0.707107 0.353553 -0.612372
    outer loop
      vertex -38.0385 142.162 -42.7728
      vertex -38.4385 141.962 -42.4264
      vertex -38.4385 161.962 -30.8794
    endloop
  endfacet
  facet normal -0.707107 0.353553 -0.612372
    outer loop
      vertex -38.0385 142.162 -42.7728
      vertex -38.4385 161.962 -30.8794
      vertex -38.0385 162.162 -31.2258
    endloop
  endfacet
  facet normal -0.707107 -0.353553 0.612372
    outer loop
      vertex -38.4385 141.962 -42.4264
      vertex -38.0385 141.762 -42.08
      vertex -38.0385 161.762 -30.533
    endloop
  endfacet
  facet normal -0.707107 -0.353553 0.612372
    outer loop
      vertex -38.4385 141.962 -42.4264
      vertex -38.0385 161.762 -30.533
      vertex -38.4385 161.962 -30.8794
    endloop
  endfacet
  facet normal 0.707107 -0.353553 0.612372
    outer loop
      vertex -38.0385 141.762 -42.08
      vertex -37.6385 141.962 -42.4264
      vertex -37.6385 161.962 -30.8794
    endloop
  endfacet
  facet normal 0.707107 -0.353553 0.612372
    outer loop
      vertex -38.0385 141.762 -42.08
      vertex -37.6385 161.962 -30.8794
      vertex -38.0385 161.762 -30.533
    endloop
  endfacet
  facet normal 0.707107 0.353553 -0.612372
    outer loop
      vertex -37.6385 141.962 -42.4264
      vertex -38.0385 142.162 -42.7728
      vertex -38.0385 162.162 -31.2258
    endloop
  endfacet
  facet normal 0.707107 0.353553 -0.612372
    outer loop
      vertex -37.6385 141.962 -42.4264
      vertex -38.0385 162.162 -31.2258
      vertex -37.6385 161.962 -30.8794
    endloop
  endfacet
  facet normal -0.645497 -0.67082 -0.365148
    outer loop
      vertex -38.0385 141.709 -42.7362
      vertex -38.4036 141.835 -42.3231
      vertex -48.4036 159.156 -56.4653
    endloop
  endfacet
  facet normal -0.645497 -0.67082 -0.365148
    outer loop
      vertex -38.0385 141.709 -42.7362
      vertex -48.4036 159.156 -56.4653
      vertex -48.0385 159.029 -56.8784
    endloop
  endfacet
  facet normal -0.645497 0.223607 0.730297
    outer loop
      vertex -38.4036 141.835 -42.3231
      vertex -38.0385 142.215 -42.1166
      vertex -48.0385 159.535 -56.2587
    endloop
  endfacet
  facet normal -0.645497 0.223607 0.730297
    outer loop
      vertex -38.4036 141.835 -42.3231
      vertex -48.0385 159.535 -56.2587
      vertex -48.4036 159.156 -56.4653
    endloop
  endfacet
  facet normal 0.645497 0.67082 0.365148
    outer loop
      vertex -38.0385 142.215 -42.1166
      vertex -37.6733 142.088 -42.5297
      vertex -47.6733 159.409 -56.6718
    endloop
  endfacet
  facet normal 0.645497 0.67082 0.365148
    outer loop
      vertex -38.0385 142.215 -42.1166
      vertex -47.6733 159.409 -56.6718
      vertex -48.0385 159.535 -56.2587
    endloop
  endfacet
  facet normal 0.645497 -0.223607 -0.730297
    outer loop
      vertex -37.6733 142.088 -42.5297
      vertex -38.0385 141.709 -42.7362
      vertex -48.0385 159.029 -56.8784
    endloop
  endfacet
  facet normal 0.645497 -0.223607 -0.730297
    outer loop
      vertex -37.6733 142.088 -42.5297
      vertex -48.0385 159.029 -56.8784
      vertex -47.6733 159.409 -56.6718
    endloop
  endfacet
  facet normal -0.353553 0.707107 0.612372
    outer loop
      vertex -61.9615 -121.562 -3.76161
      vertex -62.1615 -121.962 -3.4152
      vertex -42.1615 -121.962 8.1318
    endloop
  endfacet
  facet normal -0.353553 0.707107 0.612372
    outer loop
      vertex -61.9615 -121.562 -3.76161
      vertex -42.1615 -121.962 8.1318
      vertex -41.9615 -121.562 7.78539
    endloop
  endfacet
  facet normal -0.353553 -0.707107 0.612372
    outer loop
      vertex -62.1615 -121.962 -3.4152
      vertex -61.9615 -122.362 -3.76161
      vertex -41.9615 -122.362 7.78539
    endloop
  endfacet
  facet normal -0.353553 -0.707107 0.612372
    outer loop
      vertex -62.1615 -121.962 -3.4152
      vertex -41.9615 -122.362 7.78539
      vertex -42.1615 -121.962 8.1318
    endloop
  endfacet
  facet normal 0.353553 -0.707107 -0.612372
    outer loop
      vertex -61.9615 -122.362 -3.76161
      vertex -61.7615 -121.962 -4.10802
      vertex -41.7615 -121.962 7.43898
    endloop
  endfacet
  facet normal 0.353553 -0.707107 -0.612372
    outer loop
      vertex -61.9615 -122.362 -3.76161
      vertex -41.7615 -121.962 7.43898
      vertex -41.9615 -122.362 7.78539
    endloop
  endfacet
  facet normal 0.353553 0.707107 -0.612372
    outer loop
      vertex -61.7615 -121.962 -4.10802
      vertex -61.9615 -121.562 -3.76161
      vertex -41.9615 -121.562 7.78539
    endloop
  endfacet
  facet normal 0.353553 0.707107 -0.612372
    outer loop
      vertex -61.7615 -121.962 -4.10802
      vertex -41.9615 -121.562 7.78539
      vertex -41.7615 -121.962 7.43898
    endloop
  endfacet
  facet normal -0.353553 0.612372 -0.707107
    outer loop
      vertex -61.9615 -121.962 -4.16161
      vertex -62.1615 -121.615 -3.76161
      vertex -44.841 -111.615 -3.76161
    endloop
  endfacet
  facet normal -0.353553 0.612372 -0.707107
    outer loop
      vertex -61.9615 -121.962 -4.16161
      vertex -44.841 -111.615 -3.76161
      vertex -44.641 -111.962 -4.16161
    endloop
  endfacet
  facet normal -0.353553 0.612372 0.707107
    outer loop
      vertex -62.1615 -121.615 -3.76161
      vertex -61.9615 -121.962 -3.36161
      vertex -44.641 -111.962 -3.36161
    endloop
  endfacet
  facet normal -0.353553 0.612372 0.707107
    outer loop
      vertex -62.1615 -121.615 -3.76161
      vertex -44.641 -111.962 -3.36161
      vertex -44.841 -111.615 -3.76161
    endloop
  endfacet
  facet normal 0.353553 -0.612372 0.707107
    outer loop
      vertex -61.9615 -121.962 -3.36161
      vertex -61.7615 -122.308 -3.76161
      vertex -44.441 -112.308 -3.76161
    endloop
  endfacet
  facet normal 0.353553 -0.612372 0.707107
    outer loop
      vertex -61.9615 -121.962 -3.36161
      vertex -44.441 -112.308 -3.76161
      vertex -44.641 -111.962 -3.36161
    endloop
  endfacet
  facet normal 0.353553 -0.612372 -0.707107
    outer loop
      vertex -61.7615 -122.308 -3.76161
      vertex -61.9615 -121.962 -4.16161
      vertex -44.641 -111.962 -4.16161
    endloop
  endfacet
  facet normal 0.353553 -0.612372 -0.707107
    outer loop
      vertex -61.7615 -122.308 -3.76161
      vertex -44.641 -111.962 -4.16161
      vertex -44.441 -112.308 -3.76161
    endloop
  endfacet
  facet normal -0.707107 0.353553 -0.612372
    outer loop
      vertex -61.9615 -121.762 -4.10802
      vertex -62.3615 -121.962 -3.76161
      vertex -62.3615 -101.962 7.78539
    endloop
  endfacet
  facet normal -0.707107 0.353553 -0.612372
    outer loop
      vertex -61.9615 -121.762 -4.10802
      vertex -62.3615 -101.962 7.78539
      vertex -61.9615 -101.762 7.43898
    endloop
  endfacet
  facet normal -0.707107 -0.353553 0.612372
    outer loop
      vertex -62.3615 -121.962 -3.76161
      vertex -61.9615 -122.162 -3.4152
      vertex -61.9615 -102.162 8.1318
    endloop
  endfacet
  facet normal -0.707107 -0.353553 0.612372
    outer loop
      vertex -62.3615 -121.962 -3.76161
      vertex -61.9615 -102.162 8.1318
      vertex -62.3615 -101.962 7.78539
    endloop
  endfacet
  facet normal 0.707107 -0.353553 0.612372
    outer loop
      vertex -61.9615 -122.162 -3.4152
      vertex -61.5615 -121.962 -3.76161
      vertex -61.5615 -101.962 7.78539
    endloop
  endfacet
  facet normal 0.707107 -0.353553 0.612372
    outer loop
      vertex -61.9615 -122.162 -3.4152
      vertex -61.5615 -101.962 7.78539
      vertex -61.9615 -102.162 8.1318
    endloop
  endfacet
  facet normal 0.707107 0.353553 -0.612372
    outer loop
      vertex -61.5615 -121.962 -3.76161
      vertex -61.9615 -121.762 -4.10802
      vertex -61.9615 -101.762 7.43898
    endloop
  endfacet
  facet normal 0.707107 0.353553 -0.612372
    outer loop
      vertex -61.5615 -121.962 -3.76161
      vertex -61.9615 -101.762 7.43898
      vertex -61.5615 -101.962 7.78539
    endloop
  endfacet
  facet normal -0.353553 0.707107 0.612372
    outer loop
      vertex -61.9615 -101.562 7.78539
      vertex -62.1615 -101.962 8.1318
      vertex -42.1615 -101.962 19.6788
    endloop
  endfacet
  facet normal -0.353553 0.707107 0.612372
    outer loop
      vertex -61.9615 -101.562 7.78539
      vertex -42.1615 -101.962 19.6788
      vertex -41.9615 -101.562 19.3324
    endloop
  endfacet
  facet normal -0.353553 -0.707107 0.612372
    outer loop
      vertex -62.1615 -101.962 8.1318
      vertex -61.9615 -102.362 7.78539
      vertex -41.9615 -102.362 19.3324
    endloop
  endfacet
  facet normal -0.353553 -0.707107 0.612372
    outer loop
      vertex -62.1615 -101.962 8.1318
      vertex -41.9615 -102.362 19.3324
      vertex -42.1615 -101.962 19.6788
    endloop
  endfacet
  facet normal 0.353553 -0.707107 -0.612372
    outer loop
      vertex -61.9615 -102.362 7.78539
      vertex -61.7615 -101.962 7.43898
      vertex -41.7615 -101.962 18.986
    endloop
  endfacet
  facet normal 0.353553 -0.707107 -0.612372
    outer loop
      vertex -61.9615 -102.362 7.78539
      vertex -41.7615 -101.962 18.986
      vertex -41.9615 -102.362 19.3324
    endloop
  endfacet
  facet normal 0.353553 0.707107 -0.612372
    outer loop
      vertex -61.7615 -101.962 7.43898
      vertex -61.9615 -101.562 7.78539
      vertex -41.9615 -101.562 19.3324
    endloop
  endfacet
  facet normal 0.353553 0.707107 -0.612372
    outer loop
      vertex -61.7615 -101.962 7.43898
      vertex -41.9615 -101.562 19.3324
      vertex -41.7615 -101.962 18.986
    endloop
  endfacet
  facet normal -0.353553 0.612372 -0.707107
    outer loop
      vertex -61.9615 -101.962 7.38539
      vertex -62.1615 -101.615 7.78539
      vertex -44.841 -91.6151 7.78539
    endloop
  endfacet
  facet normal -0.353553 0.612372 -0.707107
    outer loop
      vertex -61.9615 -101.962 7.38539
      vertex -44.841 -91.6151 7.78539
      vertex -44.641 -91.9615 7.38539
    endloop
  endfacet
  facet normal -0.353553 0.612372 0.707107
    outer loop
      vertex -62.1615 -101.615 7.78539
      vertex -61.9615 -101.962 8.18539
      vertex -44.641 -91.9615 8.18539
    endloop
  endfacet
  facet normal -0.353553 0.612372 0.707107
    outer loop
      vertex -62.1615 -101.615 7.78539
      vertex -44.641 -91.9615 8.18539
      vertex -44.841 -91.6151 7.78539
    endloop
  endfacet
  facet normal 0.353553 -0.612372 0.707107
    outer loop
      vertex -61.9615 -101.962 8.18539
      vertex -61.7615 -102.308 7.78539
      vertex -44.441 -92.3079 7.78539
    endloop
  endfacet
  facet normal 0.353553 -0.612372 0.707107
    outer loop
      vertex -61.9615 -101.962 8.18539
      vertex -44.441 -92.3079 7.78539
      vertex -44.641 -91.9615 8.18539
    endloop
  endfacet
  facet normal 0.353553 -0.612372 -0.707107
    outer loop
      vertex -61.7615 -102.308 7.78539
      vertex -61.9615 -101.962 7.38539
      vertex -44.641 -91.9615 7.38539
    endloop
  endfacet
  facet normal 0.353553 -0.612372 -0.707107
    outer loop
      vertex -61.7615 -102.308 7.78539
      vertex -44.641 -91.9615 7.38539
      vertex -44.441 -92.3079 7.78539
    endloop
  endfacet
  facet normal -0.707107 0.353553 -0.612372
    outer loop
      vertex -61.9615 -101.762 7.43898
      vertex -62.3615 -101.962 7.78539
      vertex -62.3615 -81.9615 19.3324
    endloop
  endfacet
  facet normal -0.707107 0.353553 -0.612372
    outer loop
      vertex -61.9615 -101.762 7.43898
      vertex -62.3615 -81.9615 19.3324
      vertex -61.9615 -81.7615 18.986
    endloop
  endfacet
  facet normal -0.707107 -0.353553 0.612372
    outer loop
      vertex -62.3615 -101.962 7.78539
      vertex -61.9615 -102.162 8.1318
      vertex -61.9615 -82.1615 19.6788
    endloop
  endfacet
  facet normal -0.707107 -0.353553 0.612372
    outer loop
      vertex -62.3615 -101.962 7.78539
      vertex -61.9615 -82.1615 19.6788
      vertex -62.3615 -81.9615 19.3324
    endloop
  endfacet
  facet normal 0.707107 -0.353553 0.612372
    outer loop
      vertex -61.9615 -102.162 8.1318
      vertex -61.5615 -101.962 7.78539
      vertex -61.5615 -81.9615 19.3324
    endloop
  endfacet
  facet normal 0.707107 -0.353553 0.612372
    outer loop
      vertex -61.9615 -102.162 8.1318
      vertex -61.5615 -81.9615 19.3324
      vertex -61.9615 -82.1615 19.6788
    endloop
  endfacet
  facet normal 0.707107 0.353553 -0.612372
    outer loop
      vertex -61.5615 -101.962 7.78539
      vertex -61.9615 -101.762 7.43898
      vertex -61.9615 -81.7615 18.986
    endloop
  endfacet
  facet normal 0.707107 0.353553 -0.612372
    outer loop
      vertex -61.5615 -101.962 7.78539
      vertex -61.9615 -81.7615 18.986
      vertex -61.5615 -81.9615 19.3324
    endloop
  endfacet
  facet normal -0.645497 -0.67082 -0.365148
    outer loop
      vertex -61.9615 -102.215 7.47555
      vertex -62.3267 -102.088 7.88867
      vertex -72.3267 -84.7675 -6.25347
    endloop
  endfacet
  facet normal -0.645497 -0.67082 -0.365148
    outer loop
      vertex -61.9615 -102.215 7.47555
      vertex -72.3267 -84.7675 -6.25347
      vertex -71.9615 -84.894 -6.66658
    endloop
  endfacet
  facet normal -0.645497 0.223607 0.730297
    outer loop
      vertex -62.3267 -102.088 7.88867
      vertex -61.9615 -101.709 8.09523
      vertex -71.9615 -84.388 -6.04691
    endloop
  endfacet
  facet normal -0.645497 0.223607 0.730297
    outer loop
      vertex -62.3267 -102.088 7.88867
      vertex -71.9615 -84.388 -6.04691
      vertex -72.3267 -84.7675 -6.25347
    endloop
  endfacet
  facet normal 0.645497 0.67082 0.365148
    outer loop
      vertex -61.9615 -101.709 8.09523
      vertex -61.5964 -101.835 7.68211
      vertex -71.5964 -84.5145 -6.46002
    endloop
  endfacet
  facet normal 0.645497 0.67082 0.365148
    outer loop
      vertex -61.9615 -101.709 8.09523
      vertex -71.5964 -84.5145 -6.46002
      vertex -71.9615 -84.388 -6.04691
    endloop
  endfacet
  facet normal 0.645497 -0.223607 -0.730297
    outer loop
      vertex -61.5964 -101.835 7.68211
      vertex -61.9615 -102.215 7.47555
      vertex -71.9615 -84.894 -6.66658
    endloop
  endfacet
  facet normal 0.645497 -0.223607 -0.730297
    outer loop
      vertex -61.5964 -101.835 7.68211
      vertex -71.9615 -84.894 -6.66658
      vertex -71.5964 -84.5145 -6.46002
    endloop
  endfacet
  facet normal -0.353553 0.707107 0.612372
    outer loop
      vertex -71.9615 -84.241 -6.35674
      vertex -72.1615 -84.641 -6.01033
      vertex -52.1615 -84.641 5.53667
    endloop
  endfacet
  facet normal -0.353553 0.707107 0.612372
    outer loop
      vertex -71.9615 -84.241 -6.35674
      vertex -52.1615 -84.641 5.53667
      vertex -51.9615 -84.241 5.19026
    endloop
  endfacet
  facet normal -0.353553 -0.707107 0.612372
    outer loop
      vertex -72.1615 -84.641 -6.01033
      vertex -71.9615 -85.041 -6.35674
      vertex -51.9615 -85.041 5.19026
    endloop
  endfacet
  facet normal -0.353553 -0.707107 0.612372
    outer loop
      vertex -72.1615 -84.641 -6.01033
      vertex -51.9615 -85.041 5.19026
      vertex -52.1615 -84.641 5.53667
    endloop
  endfacet
  facet normal 0.353553 -0.707107 -0.612372
    outer loop
      vertex -71.9615 -85.041 -6.35674
      vertex -71.7615 -84.641 -6.70316
      vertex -51.7615 -84.641 4.84385
    endloop
  endfacet
  facet normal 0.353553 -0.707107 -0.612372
    outer loop
      vertex -71.9615 -85.041 -6.35674
      vertex -51.7615 -84.641 4.84385
      vertex -51.9615 -85.041 5.19026
    endloop
  endfacet
  facet normal 0.353553 0.707107 -0.612372
    outer loop
      vertex -71.7615 -84.641 -6.70316
      vertex -71.9615 -84.241 -6.35674
      vertex -51.9615 -84.241 5.19026
    endloop
  endfacet
  facet normal 0.353553 0.707107 -0.612372
    outer loop
      vertex -71.7615 -84.641 -6.70316
      vertex -51.9615 -84.241 5.19026
      vertex -51.7615 -84.641 4.84385
    endloop
  endfacet
  facet normal -0.353553 0.612372 -0.707107
    outer loop
      vertex -71.9615 -84.641 -6.75674
      vertex -72.1615 -84.2946 -6.35674
      vertex -54.841 -74.2946 -6.35674
    endloop
  endfacet
  facet normal -0.353553 0.612372 -0.707107
    outer loop
      vertex -71.9615 -84.641 -6.75674
      vertex -54.841 -74.2946 -6.35674
      vertex -54.641 -74.641 -6.75674
    endloop
  endfacet
  facet normal -0.353553 0.612372 0.707107
    outer loop
      vertex -72.1615 -84.2946 -6.35674
      vertex -71.9615 -84.641 -5.95674
      vertex -54.641 -74.641 -5.95674
    endloop
  endfacet
  facet normal -0.353553 0.612372 0.707107
    outer loop
      vertex -72.1615 -84.2946 -6.35674
      vertex -54.641 -74.641 -5.95674
      vertex -54.841 -74.2946 -6.35674
    endloop
  endfacet
  facet normal 0.353553 -0.612372 0.707107
    outer loop
      vertex -71.9615 -84.641 -5.95674
      vertex -71.7615 -84.9874 -6.35674
      vertex -54.441 -74.9874 -6.35674
    endloop
  endfacet
  facet normal 0.353553 -0.612372 0.707107
    outer loop
      vertex -71.9615 -84.641 -5.95674
      vertex -54.441 -74.9874 -6.35674
      vertex -54.641 -74.641 -5.95674
    endloop
  endfacet
  facet normal 0.353553 -0.612372 -0.707107
    outer loop
      vertex -71.7615 -84.9874 -6.35674
      vertex -71.9615 -84.641 -6.75674
      vertex -54.641 -74.641 -6.75674
    endloop
  endfacet
  facet normal 0.353553 -0.612372 -0.707107
    outer loop
      vertex -71.7615 -84.9874 -6.35674
      vertex -54.641 -74.641 -6.75674
      vertex -54.441 -74.9874 -6.35674
    endloop
  endfacet
  facet normal -0.707107 0.353553 -0.612372
    outer loop
      vertex -71.9615 -84.441 -6.70316
      vertex -72.3615 -84.641 -6.35674
      vertex -72.3615 -64.641 5.19026
    endloop
  endfacet
  facet normal -0.707107 0.353553 -0.612372
    outer loop
      vertex -71.9615 -84.441 -6.70316
      vertex -72.3615 -64.641 5.19026
      vertex -71.9615 -64.441 4.84385
    endloop
  endfacet
  facet normal -0.707107 -0.353553 0.612372
    outer loop
      vertex -72.3615 -84.641 -6.35674
      vertex -71.9615 -84.841 -6.01033
      vertex -71.9615 -64.841 5.53667
    endloop
  endfacet
  facet normal -0.707107 -0.353553 0.612372
    outer loop
      vertex -72.3615 -84.641 -6.35674
      vertex -71.9615 -64.841 5.53667
      vertex -72.3615 -64.641 5.19026
    endloop
  endfacet
  facet normal 0.707107 -0.353553 0.612372
    outer loop
      vertex -71.9615 -84.841 -6.01033
      vertex -71.5615 -84.641 -6.35674
      vertex -71.5615 -64.641 5.19026
    endloop
  endfacet
  facet normal 0.707107 -0.353553 0.612372
    outer loop
      vertex -71.9615 -84.841 -6.01033
      vertex -71.5615 -64.641 5.19026
      vertex -71.9615 -64.841 5.53667
    endloop
  endfacet
  facet normal 0.707107 0.353553 -0.612372
    outer loop
      vertex -71.5615 -84.641 -6.35674
      vertex -71.9615 -84.441 -6.70316
      vertex -71.9615 -64.441 4.84385
    endloop
  endfacet
  facet normal 0.707107 0.353553 -0.612372
    outer loop
      vertex -71.5615 -84.641 -6.35674
      vertex -71.9615 -64.441 4.84385
      vertex -71.5615 -64.641 5.19026
    endloop
  endfacet
  facet normal -0.645497 -0.67082 -0.365148
    outer loop
      vertex -61.9615 -82.2145 19.0226
      vertex -62.3267 -82.088 19.4357
      vertex -72.3267 -64.7675 5.29354
    endloop
  endfacet
  facet normal -0.645497 -0.67082 -0.365148
    outer loop
      vertex -61.9615 -82.2145 19.0226
      vertex -72.3267 -64.7675 5.29354
      vertex -71.9615 -64.894 4.88042
    endloop
  endfacet
  facet normal -0.645497 0.223607 0.730297
    outer loop
      vertex -62.3267 -82.088 19.4357
      vertex -61.9615 -81.7085 19.6422
      vertex -71.9615 -64.388 5.5001
    endloop
  endfacet
  facet normal -0.645497 0.223607 0.730297
    outer loop
      vertex -62.3267 -82.088 19.4357
      vertex -71.9615 -64.388 5.5001
      vertex -72.3267 -64.7675 5.29354
    endloop
  endfacet
  facet normal 0.645497 0.67082 0.365148
    outer loop
      vertex -61.9615 -81.7085 19.6422
      vertex -61.5964 -81.835 19.2291
      vertex -71.5964 -64.5145 5.08698
    endloop
  endfacet
  facet normal 0.645497 0.67082 0.365148
    outer loop
      vertex -61.9615 -81.7085 19.6422
      vertex -71.5964 -64.5145 5.08698
      vertex -71.9615 -64.388 5.5001
    endloop
  endfacet
  facet normal 0.645497 -0.223607 -0.730297
    outer loop
      vertex -61.5964 -81.835 19.2291
      vertex -61.9615 -82.2145 19.0226
      vertex -71.9615 -64.894 4.88042
    endloop
  endfacet
  facet normal 0.645497 -0.223607 -0.730297
    outer loop
      vertex -61.5964 -81.835 19.2291
      vertex -71.9615 -64.894 4.88042
      vertex -71.5964 -64.5145 5.08698
    endloop
  endfacet
  facet normal -0.353553 0.707107 0.612372
    outer loop
      vertex -71.9615 -64.241 5.19026
      vertex -72.1615 -64.641 5.53667
      vertex -52.1615 -64.641 17.0837
    endloop
  endfacet
  facet normal -0.353553 0.707107 0.612372
    outer loop
      vertex -71.9615 -64.241 5.19026
      vertex -52.1615 -64.641 17.0837
      vertex -51.9615 -64.241 16.7373
    endloop
  endfacet
  facet normal -0.353553 -0.707107 0.612372
    outer loop
      vertex -72.1615 -64.641 5.53667
      vertex -71.9615 -65.041 5.19026
      vertex -51.9615 -65.041 16.7373
    endloop
  endfacet
  facet normal -0.353553 -0.707107 0.612372
    outer loop
      vertex -72.1615 -64.641 5.53667
      vertex -51.9615 -65.041 16.7373
      vertex -52.1615 -64.641 17.0837
    endloop
  endfacet
  facet normal 0.353553 -0.707107 -0.612372
    outer loop
      vertex -71.9615 -65.041 5.19026
      vertex -71.7615 -64.641 4.84385
      vertex -51.7615 -64.641 16.3909
    endloop
  endfacet
  facet normal 0.353553 -0.707107 -0.612372
    outer loop
      vertex -71.9615 -65.041 5.19026
      vertex -51.7615 -64.641 16.3909
      vertex -51.9615 -65.041 16.7373
    endloop
  endfacet
  facet normal 0.353553 0.707107 -0.612372
    outer loop
      vertex -71.7615 -64.641 4.84385
      vertex -71.9615 -64.241 5.19026
      vertex -51.9615 -64.241 16.7373
    endloop
  endfacet
  facet normal 0.353553 0.707107 -0.612372
    outer loop
      vertex -71.7615 -64.641 4.84385
      vertex -51.9615 -64.241 16.7373
      vertex -51.7615 -64.641 16.3909
    endloop
  endfacet
  facet normal -0.353553 0.612372 -0.707107
    outer loop
      vertex -71.9615 -64.641 4.79026
      vertex -72.1615 -64.2946 5.19026
      vertex -54.841 -54.2946 5.19026
    endloop
  endfacet
  facet normal -0.353553 0.612372 -0.707107
    outer loop
      vertex -71.9615 -64.641 4.79026
      vertex -54.841 -54.2946 5.19026
      vertex -54.641 -54.641 4.79026
    endloop
  endfacet
  facet normal -0.353553 0.612372 0.707107
    outer loop
      vertex -72.1615 -64.2946 5.19026
      vertex -71.9615 -64.641 5.59026
      vertex -54.641 -54.641 5.59026
    endloop
  endfacet
  facet normal -0.353553 0.612372 0.707107
    outer loop
      vertex -72.1615 -64.2946 5.19026
      vertex -54.641 -54.641 5.59026
      vertex -54.841 -54.2946 5.19026
    endloop
  endfacet
  facet normal 0.353553 -0.612372 0.707107
    outer loop
      vertex -71.9615 -64.641 5.59026
      vertex -71.7615 -64.9874 5.19026
      vertex -54.441 -54.9874 5.19026
    endloop
  endfacet
  facet normal 0.353553 -0.612372 0.707107
    outer loop
      vertex -71.9615 -64.641 5.59026
      vertex -54.441 -54.9874 5.19026
      vertex -54.641 -54.641 5.59026
    endloop
  endfacet
  facet normal 0.353553 -0.612372 -0.707107
    outer loop
      vertex -71.7615 -64.9874 5.19026
      vertex -71.9615 -64.641 4.79026
      vertex -54.641 -54.641 4.79026
    endloop
  endfacet
  facet normal 0.353553 -0.612372 -0.707107
    outer loop
      vertex -71.7615 -64.9874 5.19026
      vertex -54.641 -54.641 4.79026
      vertex -54.441 -54.9874 5.19026
    endloop
  endfacet
  facet normal -0.707107 0.353553 -0.612372
    outer loop
      vertex -71.9615 -64.441 4.84385
      vertex -72.3615 -64.641 5.19026
      vertex -72.3615 -44.641 16.7373
    endloop
  endfacet
  facet normal -0.707107 0.353553 -0.612372
    outer loop
      vertex -71.9615 -64.441 4.84385
      vertex -72.3615 -44.641 16.7373
      vertex -71.9615 -44.441 16.3909
    endloop
  endfacet
  facet normal -0.707107 -0.353553 0.612372
    outer loop
      vertex -72.3615 -64.641 5.19026
      vertex -71.9615 -64.841 5.53667
      vertex -71.9615 -44.841 17.0837
    endloop
  endfacet
  facet normal -0.707107 -0.353553 0.612372
    outer loop
      vertex -72.3615 -64.641 5.19026
      vertex -71.9615 -44.841 17.0837
      vertex -72.3615 -44.641 16.7373
    endloop
  endfacet
  facet normal 0.707107 -0.353553 0.612372
    outer loop
      vertex -71.9615 -64.841 5.53667
      vertex -71.5615 -64.641 5.19026
      vertex -71.5615 -44.641 16.7373
    endloop
  endfacet
  facet normal 0.707107 -0.353553 0.612372
    outer loop
      vertex -71.9615 -64.841 5.53667
      vertex -71.5615 -44.641 16.7373
      vertex -71.9615 -44.841 17.0837
    endloop
  endfacet
  facet normal 0.707107 0.353553 -0.612372
    outer loop
      vertex -71.5615 -64.641 5.19026
      vertex -71.9615 -64.441 4.84385
      vertex -71.9615 -44.441 16.3909
    endloop
  endfacet
  facet normal 0.707107 0.353553 -0.612372
    outer loop
      vertex -71.5615 -64.641 5.19026
      vertex -71.9615 -44.441 16.3909
      vertex -71.5615 -44.641 16.7373
    endloop
  endfacet
  facet normal -0.645497 -0.67082 -0.365148
    outer loop
      vertex -71.9615 -64.894 4.88042
      vertex -72.3267 -64.7675 5.29354
      vertex -82.3267 -47.447 -8.8486
    endloop
  endfacet
  facet normal -0.645497 -0.67082 -0.365148
    outer loop
      vertex -71.9615 -64.894 4.88042
      vertex -82.3267 -47.447 -8.8486
      vertex -81.9615 -47.5735 -9.26171
    endloop
  endfacet
  facet normal -0.645497 0.223607 0.730297
    outer loop
      vertex -72.3267 -64.7675 5.29354
      vertex -71.9615 -64.388 5.5001
      vertex -81.9615 -47.0675 -8.64204
    endloop
  endfacet
  facet normal -0.645497 0.223607 0.730297
    outer loop
      vertex -72.3267 -64.7675 5.29354
      vertex -81.9615 -47.0675 -8.64204
      vertex -82.3267 -47.447 -8.8486
    endloop
  endfacet
  facet normal 0.645497 0.67082 0.365148
    outer loop
      vertex -71.9615 -64.388 5.5001
      vertex -71.5964 -64.5145 5.08698
      vertex -81.5964 -47.194 -9.05515
    endloop
  endfacet
  facet normal 0.645497 0.67082 0.365148
    outer loop
      vertex -71.9615 -64.388 5.5001
      vertex -81.5964 -47.194 -9.05515
      vertex -81.9615 -47.0675 -8.64204
    endloop
  endfacet
  facet normal 0.645497 -0.223607 -0.730297
    outer loop
      vertex -71.5964 -64.5145 5.08698
      vertex -71.9615 -64.894 4.88042
      vertex -81.9615 -47.5735 -9.26171
    endloop
  endfacet
  facet normal 0.645497 -0.223607 -0.730297
    outer loop
      vertex -71.5964 -64.5145 5.08698
      vertex -81.9615 -47.5735 -9.26171
      vertex -81.5964 -47.194 -9.05515
    endloop
  endfacet
  facet normal -0.353553 0.707107 0.612372
    outer loop
      vertex -81.9615 -46.9205 -8.95188
      vertex -82.1615 -47.3205 -8.60546
      vertex -62.1615 -47.3205 2.94154
    endloop
  endfacet
  facet normal -0.353553 0.707107 0.612372
    outer loop
      vertex -81.9615 -46.9205 -8.95188
      vertex -62.1615 -47.3205 2.94154
      vertex -61.9615 -46.9205 2.59513
    endloop
  endfacet
  facet normal -0.353553 -0.707107 0.612372
    outer loop
      vertex -82.1615 -47.3205 -8.60546
      vertex -81.9615 -47.7205 -8.95188
      vertex -61.9615 -47.7205 2.59513
    endloop
  endfacet
  facet normal -0.353553 -0.707107 0.612372
    outer loop
      vertex -82.1615 -47.3205 -8.60546
      vertex -61.9615 -47.7205 2.59513
      vertex -62.1615 -47.3205 2.94154
    endloop
  endfacet
  facet normal 0.353553 -0.707107 -0.612372
    outer loop
      vertex -81.9615 -47.7205 -8.95188
      vertex -81.7615 -47.3205 -9.29829
      vertex -61.7615 -47.3205 2.24872
    endloop
  endfacet
  facet normal 0.353553 -0.707107 -0.612372
    outer loop
      vertex -81.9615 -47.7205 -8.95188
      vertex -61.7615 -47.3205 2.24872
      vertex -61.9615 -47.7205 2.59513
    endloop
  endfacet
  facet normal 0.353553 0.707107 -0.612372
    outer loop
      vertex -81.7615 -47.3205 -9.29829
      vertex -81.9615 -46.9205 -8.95188
      vertex -61.9615 -46.9205 2.59513
    endloop
  endfacet
  facet normal 0.353553 0.707107 -0.612372
    outer loop
      vertex -81.7615 -47.3205 -9.29829
      vertex -61.9615 -46.9205 2.59513
      vertex -61.7615 -47.3205 2.24872
    endloop
  endfacet
  facet normal -0.353553 0.612372 -0.707107
    outer loop
      vertex -81.9615 -47.3205 -9.35188
      vertex -82.1615 -46.9741 -8.95188
      vertex -64.841 -36.9741 -8.95188
    endloop
  endfacet
  facet normal -0.353553 0.612372 -0.707107
    outer loop
      vertex -81.9615 -47.3205 -9.35188
      vertex -64.841 -36.9741 -8.95188
      vertex -64.641 -37.3205 -9.35188
    endloop
  endfacet
  facet normal -0.353553 0.612372 0.707107
    outer loop
      vertex -82.1615 -46.9741 -8.95188
      vertex -81.9615 -47.3205 -8.55188
      vertex -64.641 -37.3205 -8.55188
    endloop
  endfacet
  facet normal -0.353553 0.612372 0.707107
    outer loop
      vertex -82.1615 -46.9741 -8.95188
      vertex -64.641 -37.3205 -8.55188
      vertex -64.841 -36.9741 -8.95188
    endloop
  endfacet
  facet normal 0.353553 -0.612372 0.707107
    outer loop
      vertex -81.9615 -47.3205 -8.55188
      vertex -81.7615 -47.6669 -8.95188
      vertex -64.441 -37.6669 -8.95188
    endloop
  endfacet
  facet normal 0.353553 -0.612372 0.707107
    outer loop
      vertex -81.9615 -47.3205 -8.55188
      vertex -64.441 -37.6669 -8.95188
      vertex -64.641 -37.3205 -8.55188
    endloop
  endfacet
  facet normal 0.353553 -0.612372 -0.707107
    outer loop
      vertex -81.7615 -47.6669 -8.95188
      vertex -81.9615 -47.3205 -9.35188
      vertex -64.641 -37.3205 -9.35188
    endloop
  endfacet
  facet normal 0.353553 -0.612372 -0.707107
    outer loop
      vertex -81.7615 -47.6669 -8.95188
      vertex -64.641 -37.3205 -9.35188
      vertex -64.441 -37.6669 -8.95188
    endloop
  endfacet
  facet normal -0.707107 0.353553 -0.612372
    outer loop
      vertex -81.9615 -47.1205 -9.29829
      vertex -82.3615 -47.3205 -8.95188
      vertex -82.3615 -27.3205 2.59513
    endloop
  endfacet
  facet normal -0.707107 0.353553 -0.612372
    outer loop
      vertex -81.9615 -47.1205 -9.29829
      vertex -82.3615 -27.3205 2.59513
      vertex -81.9615 -27.1205 2.24872
    endloop
  endfacet
  facet normal -0.707107 -0.353553 0.612372
    outer loop
      vertex -82.3615 -47.3205 -8.95188
      vertex -81.9615 -47.5205 -8.60546
      vertex -81.9615 -27.5205 2.94154
    endloop
  endfacet
  facet normal -0.707107 -0.353553 0.612372
    outer loop
      vertex -82.3615 -47.3205 -8.95188
      vertex -81.9615 -27.5205 2.94154
      vertex -82.3615 -27.3205 2.59513
    endloop
  endfacet
  facet normal 0.707107 -0.353553 0.612372
    outer loop
      vertex -81.9615 -47.5205 -8.60546
      vertex -81.5615 -47.3205 -8.95188
      vertex -81.5615 -27.3205 2.59513
    endloop
  endfacet
  facet normal 0.707107 -0.353553 0.612372
    outer loop
      vertex -81.9615 -47.5205 -8.60546
      vertex -81.5615 -27.3205 2.59513
      vertex -81.9615 -27.5205 2.94154
    endloop
  endfacet
  facet normal 0.707107 0.353553 -0.612372
    outer loop
      vertex -81.5615 -47.3205 -8.95188
      vertex -81.9615 -47.1205 -9.29829
      vertex -81.9615 -27.1205 2.24872
    endloop
  endfacet
  facet normal 0.707107 0.353553 -0.612372
    outer loop
      vertex -81.5615 -47.3205 -8.95188
      vertex -81.9615 -27.1205 2.24872
      vertex -81.5615 -27.3205 2.59513
    endloop
  endfacet
  facet normal -0.353553 0.707107 0.612372
    outer loop
      vertex -71.9615 -44.241 16.7373
      vertex -72.1615 -44.641 17.0837
      vertex -52.1615 -44.641 28.6307
    endloop
  endfacet
  facet normal -0.353553 0.707107 0.612372
    outer loop
      vertex -71.9615 -44.241 16.7373
      vertex -52.1615 -44.641 28.6307
      vertex -51.9615 -44.241 28.2843
    endloop
  endfacet
  facet normal -0.353553 -0.707107 0.612372
    outer loop
      vertex -72.1615 -44.641 17.0837
      vertex -71.9615 -45.041 16.7373
      vertex -51.9615 -45.041 28.2843
    endloop
  endfacet
  facet normal -0.353553 -0.707107 0.612372
    outer loop
      vertex -72.1615 -44.641 17.0837
      vertex -51.9615 -45.041 28.2843
      vertex -52.1615 -44.641 28.6307
    endloop
  endfacet
  facet normal 0.353553 -0.707107 -0.612372
    outer loop
      vertex -71.9615 -45.041 16.7373
      vertex -71.7615 -44.641 16.3909
      vertex -51.7615 -44.641 27.9379
    endloop
  endfacet
  facet normal 0.353553 -0.707107 -0.612372
    outer loop
      vertex -71.9615 -45.041 16.7373
      vertex -51.7615 -44.641 27.9379
      vertex -51.9615 -45.041 28.2843
    endloop
  endfacet
  facet normal 0.353553 0.707107 -0.612372
    outer loop
      vertex -71.7615 -44.641 16.3909
      vertex -71.9615 -44.241 16.7373
      vertex -51.9615 -44.241 28.2843
    endloop
  endfacet
  facet normal 0.353553 0.707107 -0.612372
    outer loop
      vertex -71.7615 -44.641 16.3909
      vertex -51.9615 -44.241 28.2843
      vertex -51.7615 -44.641 27.9379
    endloop
  endfacet
  facet normal -0.645497 -0.67082 -0.365148
    outer loop
      vertex -71.9615 -44.894 16.4274
      vertex -72.3267 -44.7675 16.8405
      vertex -82.3267 -27.447 2.69841
    endloop
  endfacet
  facet normal -0.645497 -0.67082 -0.365148
    outer loop
      vertex -71.9615 -44.894 16.4274
      vertex -82.3267 -27.447 2.69841
      vertex -81.9615 -27.5735 2.28529
    endloop
  endfacet
  facet normal -0.645497 0.223607 0.730297
    outer loop
      vertex -72.3267 -44.7675 16.8405
      vertex -71.9615 -44.388 17.0471
      vertex -81.9615 -27.0675 2.90497
    endloop
  endfacet
  facet normal -0.645497 0.223607 0.730297
    outer loop
      vertex -72.3267 -44.7675 16.8405
      vertex -81.9615 -27.0675 2.90497
      vertex -82.3267 -27.447 2.69841
    endloop
  endfacet
  facet normal 0.645497 0.67082 0.365148
    outer loop
      vertex -71.9615 -44.388 17.0471
      vertex -71.5964 -44.5145 16.634
      vertex -81.5964 -27.194 2.49185
    endloop
  endfacet
  facet normal 0.645497 0.67082 0.365148
    outer loop
      vertex -71.9615 -44.388 17.0471
      vertex -81.5964 -27.194 2.49185
      vertex -81.9615 -27.0675 2.90497
    endloop
  endfacet
  facet normal 0.645497 -0.223607 -0.730297
    outer loop
      vertex -71.5964 -44.5145 16.634
      vertex -71.9615 -44.894 16.4274
      vertex -81.9615 -27.5735 2.28529
    endloop
  endfacet
  facet normal 0.645497 -0.223607 -0.730297
    outer loop
      vertex -71.5964 -44.5145 16.634
      vertex -81.9615 -27.5735 2.28529
      vertex -81.5964 -27.194 2.49185
    endloop
  endfacet
  facet normal -0.353553 0.707107 0.612372
    outer loop
      vertex -81.9615 -26.9205 2.59513
      vertex -82.1615 -27.3205 2.94154
      vertex -62.1615 -27.3205 14.4885
    endloop
  endfacet
  facet normal -0.353553 0.707107 0.612372
    outer loop
      vertex -81.9615 -26.9205 2.59513
      vertex -62.1615 -27.3205 14.4885
      vertex -61.9615 -26.9205 14.1421
    endloop
  endfacet
  facet normal -0.353553 -0.707107 0.612372
    outer loop
      vertex -82.1615 -27.3205 2.94154
      vertex -81.9615 -27.7205 2.59513
      vertex -61.9615 -27.7205 14.1421
    endloop
  endfacet
  facet normal -0.353553 -0.707107 0.612372
    outer loop
      vertex -82.1615 -27.3205 2.94154
      vertex -61.9615 -27.7205 14.1421
      vertex -62.1615 -27.3205 14.4885
    endloop
  endfacet
  facet normal 0.353553 -0.707107 -0.612372
    outer loop
      vertex -81.9615 -27.7205 2.59513
      vertex -81.7615 -27.3205 2.24872
      vertex -61.7615 -27.3205 13.7957
    endloop
  endfacet
  facet normal 0.353553 -0.707107 -0.612372
    outer loop
      vertex -81.9615 -27.7205 2.59513
      vertex -61.7615 -27.3205 13.7957
      vertex -61.9615 -27.7205 14.1421
    endloop
  endfacet
  facet normal 0.353553 0.707107 -0.612372
    outer loop
      vertex -81.7615 -27.3205 2.24872
      vertex -81.9615 -26.9205 2.59513
      vertex -61.9615 -26.9205 14.1421
    endloop
  endfacet
  facet normal 0.353553 0.707107 -0.612372
    outer loop
      vertex -81.7615 -27.3205 2.24872
      vertex -61.9615 -26.9205 14.1421
      vertex -61.7615 -27.3205 13.7957
    endloop
  endfacet
  facet normal -0.353553 0.612372 -0.707107
    outer loop
      vertex -81.9615 -27.3205 2.19513
      vertex -82.1615 -26.9741 2.59513
      vertex -64.841 -16.9741 2.59513
    endloop
  endfacet
  facet normal -0.353553 0.612372 -0.707107
    outer loop
      vertex -81.9615 -27.3205 2.19513
      vertex -64.841 -16.9741 2.59513
      vertex -64.641 -17.3205 2.19513
    endloop
  endfacet
  facet normal -0.353553 0.612372 0.707107
    outer loop
      vertex -82.1615 -26.9741 2.59513
      vertex -81.9615 -27.3205 2.99513
      vertex -64.641 -17.3205 2.99513
    endloop
  endfacet
  facet normal -0.353553 0.612372 0.707107
    outer loop
      vertex -82.1615 -26.9741 2.59513
      vertex -64.641 -17.3205 2.99513
      vertex -64.841 -16.9741 2.59513
    endloop
  endfacet
  facet normal 0.353553 -0.612372 0.707107
    outer loop
      vertex -81.9615 -27.3205 2.99513
      vertex -81.7615 -27.6669 2.59513
      vertex -64.441 -17.6669 2.59513
    endloop
  endfacet
  facet normal 0.353553 -0.612372 0.707107
    outer loop
      vertex -81.9615 -27.3205 2.99513
      vertex -64.441 -17.6669 2.59513
      vertex -64.641 -17.3205 2.99513
    endloop
  endfacet
  facet normal 0.353553 -0.612372 -0.707107
    outer loop
      vertex -81.7615 -27.6669 2.59513
      vertex -81.9615 -27.3205 2.19513
      vertex -64.641 -17.3205 2.19513
    endloop
  endfacet
  facet normal 0.353553 -0.612372 -0.707107
    outer loop
      vertex -81.7615 -27.6669 2.59513
      vertex -64.641 -17.3205 2.19513
      vertex -64.441 -17.6669 2.59513
    endloop
  endfacet
  facet normal -0.707107 0.353553 -0.612372
    outer loop
      vertex -81.9615 -27.1205 2.24872
      vertex -82.3615 -27.3205 2.59513
      vertex -82.3615 -7.32051 14.1421
    endloop
  endfacet
  facet normal -0.707107 0.353553 -0.612372
    outer loop
      vertex -81.9615 -27.1205 2.24872
      vertex -82.3615 -7.32051 14.1421
      vertex -81.9615 -7.12051 13.7957
    endloop
  endfacet
  facet normal -0.707107 -0.353553 0.612372
    outer loop
      vertex -82.3615 -27.3205 2.59513
      vertex -81.9615 -27.5205 2.94154
      vertex -81.9615 -7.52051 14.4885
    endloop
  endfacet
  facet normal -0.707107 -0.353553 0.612372
    outer loop
      vertex -82.3615 -27.3205 2.59513
      vertex -81.9615 -7.52051 14.4885
      vertex -82.3615 -7.32051 14.1421
    endloop
  endfacet
  facet normal 0.707107 -0.353553 0.612372
    outer loop
      vertex -81.9615 -27.5205 2.94154
      vertex -81.5615 -27.3205 2.59513
      vertex -81.5615 -7.32051 14.1421
    endloop
  endfacet
  facet normal 0.707107 -0.353553 0.612372
    outer loop
      vertex -81.9615 -27.5205 2.94154
      vertex -81.5615 -7.32051 14.1421
      vertex -81.9615 -7.52051 14.4885
    endloop
  endfacet
  facet normal 0.707107 0.353553 -0.612372
    outer loop
      vertex -81.5615 -27.3205 2.59513
      vertex -81.9615 -27.1205 2.24872
      vertex -81.9615 -7.12051 13.7957
    endloop
  endfacet
  facet normal 0.707107 0.353553 -0.612372
    outer loop
      vertex -81.5615 -27.3205 2.59513
      vertex -81.9615 -7.12051 13.7957
      vertex -81.5615 -7.32051 14.1421
    endloop
  endfacet
  facet normal -0.353553 0.707107 0.612372
    outer loop
      vertex -81.9615 -6.92051 14.1421
      vertex -82.1615 -7.32051 14.4885
      vertex -62.1615 -7.32051 26.0356
    endloop
  endfacet
  facet normal -0.353553 0.707107 0.612372
    outer loop
      vertex -81.9615 -6.92051 14.1421
      vertex -62.1615 -7.32051 26.0356
      vertex -61.9615 -6.92051 25.6891
    endloop
  endfacet
  facet normal -0.353553 -0.707107 0.612372
    outer loop
      vertex -82.1615 -7.32051 14.4885
      vertex -81.9615 -7.72051 14.1421
      vertex -61.9615 -7.72051 25.6891
    endloop
  endfacet
  facet normal -0.353553 -0.707107 0.612372
    outer loop
      vertex -82.1615 -7.32051 14.4885
      vertex -61.9615 -7.72051 25.6891
      vertex -62.1615 -7.32051 26.0356
    endloop
  endfacet
  facet normal 0.353553 -0.707107 -0.612372
    outer loop
      vertex -81.9615 -7.72051 14.1421
      vertex -81.7615 -7.32051 13.7957
      vertex -61.7615 -7.32051 25.3427
    endloop
  endfacet
  facet normal 0.353553 -0.707107 -0.612372
    outer loop
      vertex -81.9615 -7.72051 14.1421
      vertex -61.7615 -7.32051 25.3427
      vertex -61.9615 -7.72051 25.6891
    endloop
  endfacet
  facet normal 0.353553 0.707107 -0.612372
    outer loop
      vertex -81.7615 -7.32051 13.7957
      vertex -81.9615 -6.92051 14.1421
      vertex -61.9615 -6.92051 25.6891
    endloop
  endfacet
  facet normal 0.353553 0.707107 -0.612372
    outer loop
      vertex -81.7615 -7.32051 13.7957
      vertex -61.9615 -6.92051 25.6891
      vertex -61.7615 -7.32051 25.3427
    endloop
  endfacet
  facet normal -0.353553 0.612372 -0.707107
    outer loop
      vertex -81.9615 -7.32051 13.7421
      vertex -82.1615 -6.9741 14.1421
      vertex -64.841 3.0259 14.1421
    endloop
  endfacet
  facet normal -0.353553 0.612372 -0.707107
    outer loop
      vertex -81.9615 -7.32051 13.7421
      vertex -64.841 3.0259 14.1421
      vertex -64.641 2.67949 13.7421
    endloop
  endfacet
  facet normal -0.353553 0.612372 0.707107
    outer loop
      vertex -82.1615 -6.9741 14.1421
      vertex -81.9615 -7.32051 14.5421
      vertex -64.641 2.67949 14.5421
    endloop
  endfacet
  facet normal -0.353553 0.612372 0.707107
    outer loop
      vertex -82.1615 -6.9741 14.1421
      vertex -64.641 2.67949 14.5421
      vertex -64.841 3.0259 14.1421
    endloop
  endfacet
  facet normal 0.353553 -0.612372 0.707107
    outer loop
      vertex -81.9615 -7.32051 14.5421
      vertex -81.7615 -7.66692 14.1421
      vertex -64.441 2.33308 14.1421
    endloop
  endfacet
  facet normal 0.353553 -0.612372 0.707107
    outer loop
      vertex -81.9615 -7.32051 14.5421
      vertex -64.441 2.33308 14.1421
      vertex -64.641 2.67949 14.5421
    endloop
  endfacet
  facet normal 0.353553 -0.612372 -0.707107
    outer loop
      vertex -81.7615 -7.66692 14.1421
      vertex -81.9615 -7.32051 13.7421
      vertex -64.641 2.67949 13.7421
    endloop
  endfacet
  facet normal 0.353553 -0.612372 -0.707107
    outer loop
      vertex -81.7615 -7.66692 14.1421
      vertex -64.641 2.67949 13.7421
      vertex -64.441 2.33308 14.1421
    endloop
  endfacet
  facet normal -0.645497 -0.67082 -0.365148
    outer loop
      vertex -81.9615 -7.57349 13.8323
      vertex -82.3267 -7.447 14.2454
      vertex -92.3267 9.87351 0.10328
    endloop
  endfacet
  facet normal -0.645497 -0.67082 -0.365148
    outer loop
      vertex -81.9615 -7.57349 13.8323
      vertex -92.3267 9.87351 0.10328
      vertex -91.9615 9.74702 -0.309839
    endloop
  endfacet
  facet normal -0.645497 0.223607 0.730297
    outer loop
      vertex -82.3267 -7.447 14.2454
      vertex -81.9615 -7.06753 14.452
      vertex -91.9615 10.253 0.309839
    endloop
  endfacet
  facet normal -0.645497 0.223607 0.730297
    outer loop
      vertex -82.3267 -7.447 14.2454
      vertex -91.9615 10.253 0.309839
      vertex -92.3267 9.87351 0.10328
    endloop
  endfacet
  facet normal 0.645497 0.67082 0.365148
    outer loop
      vertex -81.9615 -7.06753 14.452
      vertex -81.5964 -7.19402 14.0389
      vertex -91.5964 10.1265 -0.10328
    endloop
  endfacet
  facet normal 0.645497 0.67082 0.365148
    outer loop
      vertex -81.9615 -7.06753 14.452
      vertex -91.5964 10.1265 -0.10328
      vertex -91.9615 10.253 0.309839
    endloop
  endfacet
  facet normal 0.645497 -0.223607 -0.730297
    outer loop
      vertex -81.5964 -7.19402 14.0389
      vertex -81.9615 -7.57349 13.8323
      vertex -91.9615 9.74702 -0.309839
    endloop
  endfacet
  facet normal 0.645497 -0.223607 -0.730297
    outer loop
      vertex -81.5964 -7.19402 14.0389
      vertex -91.9615 9.74702 -0.309839
      vertex -91.5964 10.1265 -0.10328
    endloop
  endfacet
  facet normal -0.353553 0.707107 0.612372
    outer loop
      vertex -91.9615 10.4 0
      vertex -92.1615 10 0.34641
      vertex -72.1615 10 11.8934
    endloop
  endfacet
  facet normal -0.353553 0.707107 0.612372
    outer loop
      vertex -91.9615 10.4 0
      vertex -72.1615 10 11.8934
      vertex -71.9615 10.4 11.547
    endloop
  endfacet
  facet normal -0.353553 -0.707107 0.612372
    outer loop
      vertex -92.1615 10 0.34641
      vertex -91.9615 9.6 4.2423e-17
      vertex -71.9615 9.6 11.547
    endloop
  endfacet
  facet normal -0.353553 -0.707107 0.612372
    outer loop
      vertex -92.1615 10 0.34641
      vertex -71.9615 9.6 11.547
      vertex -72.1615 10 11.8934
    endloop
  endfacet
  facet normal 0.353553 -0.707107 -0.612372
    outer loop
      vertex -91.9615 9.6 4.2423e-17
      vertex -91.7615 10 -0.34641
      vertex -71.7615 10 11.2006
    endloop
  endfacet
  facet normal 0.353553 -0.707107 -0.612372
    outer loop
      vertex -91.9615 9.6 4.2423e-17
      vertex -71.7615 10 11.2006
      vertex -71.9615 9.6 11.547
    endloop
  endfacet
  facet normal 0.353553 0.707107 -0.612372
    outer loop
      vertex -91.7615 10 -0.34641
      vertex -91.9615 10.4 0
      vertex -71.9615 10.4 11.547
    endloop
  endfacet
  facet normal 0.353553 0.707107 -0.612372
    outer loop
      vertex -91.7615 10 -0.34641
      vertex -71.9615 10.4 11.547
      vertex -71.7615 10 11.2006
    endloop
  endfacet
  facet normal -0.353553 0.612372 -0.707107
    outer loop
      vertex -91.9615 10 -0.4
      vertex -92.1615 10.3464 -2.44929e-17
      vertex -74.841 20.3464 -2.44929e-17
    endloop
  endfacet
  facet normal -0.353553 0.612372 -0.707107
    outer loop
      vertex -91.9615 10 -0.4
      vertex -74.841 20.3464 -2.44929e-17
      vertex -74.641 20 -0.4
    endloop
  endfacet
  facet normal -0.353553 0.612372 0.707107
    outer loop
      vertex -92.1615 10.3464 -2.44929e-17
      vertex -91.9615 10 0.4
      vertex -74.641 20 0.4
    endloop
  endfacet
  facet normal -0.353553 0.612372 0.707107
    outer loop
      vertex -92.1615 10.3464 -2.44929e-17
      vertex -74.641 20 0.4
      vertex -74.841 20.3464 -2.44929e-17
    endloop
  endfacet
  facet normal 0.353553 -0.612372 0.707107
    outer loop
      vertex -91.9615 10 0.4
      vertex -91.7615 9.65359 7.34788e-17
      vertex -74.441 19.6536 7.34788e-17
    endloop
  endfacet
  facet normal 0.353553 -0.612372 0.707107
    outer loop
      vertex -91.9615 10 0.4
      vertex -74.441 19.6536 7.34788e-17
      vertex -74.641 20 0.4
    endloop
  endfacet
  facet normal 0.353553 -0.612372 -0.707107
    outer loop
      vertex -91.7615 9.65359 7.34788e-17
      vertex -91.9615 10 -0.4
      vertex -74.641 20 -0.4
    endloop
  endfacet
  facet normal 0.353553 -0.612372 -0.707107
    outer loop
      vertex -91.7615 9.65359 7.34788e-17
      vertex -74.641 20 -0.4
      vertex -74.441 19.6536 7.34788e-17
    endloop
  endfacet
  facet normal -0.707107 0.353553 -0.612372
    outer loop
      vertex -91.9615 10.2 -0.34641
      vertex -92.3615 10 -2.12115e-17
      vertex -92.3615 30 11.547
    endloop
  endfacet
  facet normal -0.707107 0.353553 -0.612372
    outer loop
      vertex -91.9615 10.2 -0.34641
      vertex -92.3615 30 11.547
      vertex -91.9615 30.2 11.2006
    endloop
  endfacet
  facet normal -0.707107 -0.353553 0.612372
    outer loop
      vertex -92.3615 10 -2.12115e-17
      vertex -91.9615 9.8 0.34641
      vertex -91.9615 29.8 11.8934
    endloop
  endfacet
  facet normal -0.707107 -0.353553 0.612372
    outer loop
      vertex -92.3615 10 -2.12115e-17
      vertex -91.9615 29.8 11.8934
      vertex -92.3615 30 11.547
    endloop
  endfacet
  facet normal 0.707107 -0.353553 0.612372
    outer loop
      vertex -91.9615 9.8 0.34641
      vertex -91.5615 10 6.36345e-17
      vertex -91.5615 30 11.547
    endloop
  endfacet
  facet normal 0.707107 -0.353553 0.612372
    outer loop
      vertex -91.9615 9.8 0.34641
      vertex -91.5615 30 11.547
      vertex -91.9615 29.8 11.8934
    endloop
  endfacet
  facet normal 0.707107 0.353553 -0.612372
    outer loop
      vertex -91.5615 10 6.36345e-17
      vertex -91.9615 10.2 -0.34641
      vertex -91.9615 30.2 11.2006
    endloop
  endfacet
  facet normal 0.707107 0.353553 -0.612372
    outer loop
      vertex -91.5615 10 6.36345e-17
      vertex -91.9615 30.2 11.2006
      vertex -91.5615 30 11.547
    endloop
  endfacet
  facet normal -0.353553 0.707107 0.612372
    outer loop
      vertex -91.9615 30.4 11.547
      vertex -92.1615 30 11.8934
      vertex -72.1615 30 23.4404
    endloop
  endfacet
  facet normal -0.353553 0.707107 0.612372
    outer loop
      vertex -91.9615 30.4 11.547
      vertex -72.1615 30 23.4404
      vertex -71.9615 30.4 23.094
    endloop
  endfacet
  facet normal -0.353553 -0.707107 0.612372
    outer loop
      vertex -92.1615 30 11.8934
      vertex -91.9615 29.6 11.547
      vertex -71.9615 29.6 23.094
    endloop
  endfacet
  facet normal -0.353553 -0.707107 0.612372
    outer loop
      vertex -92.1615 30 11.8934
      vertex -71.9615 29.6 23.094
      vertex -72.1615 30 23.4404
    endloop
  endfacet
  facet normal 0.353553 -0.707107 -0.612372
    outer loop
      vertex -91.9615 29.6 11.547
      vertex -91.7615 30 11.2006
      vertex -71.7615 30 22.7476
    endloop
  endfacet
  facet normal 0.353553 -0.707107 -0.612372
    outer loop
      vertex -91.9615 29.6 11.547
      vertex -71.7615 30 22.7476
      vertex -71.9615 29.6 23.094
    endloop
  endfacet
  facet normal 0.353553 0.707107 -0.612372
    outer loop
      vertex -91.7615 30 11.2006
      vertex -91.9615 30.4 11.547
      vertex -71.9615 30.4 23.094
    endloop
  endfacet
  facet normal 0.353553 0.707107 -0.612372
    outer loop
      vertex -91.7615 30 11.2006
      vertex -71.9615 30.4 23.094
      vertex -71.7615 30 22.7476
    endloop
  endfacet
  facet normal -0.353553 0.612372 -0.707107
    outer loop
      vertex -91.9615 30 11.147
      vertex -92.1615 30.3464 11.547
      vertex -74.841 40.3464 11.547
    endloop
  endfacet
  facet normal -0.353553 0.612372 -0.707107
    outer loop
      vertex -91.9615 30 11.147
      vertex -74.841 40.3464 11.547
      vertex -74.641 40 11.147
    endloop
  endfacet
  facet normal -0.353553 0.612372 0.707107
    outer loop
      vertex -92.1615 30.3464 11.547
      vertex -91.9615 30 11.947
      vertex -74.641 40 11.947
    endloop
  endfacet
  facet normal -0.353553 0.612372 0.707107
    outer loop
      vertex -92.1615 30.3464 11.547
      vertex -74.641 40 11.947
      vertex -74.841 40.3464 11.547
    endloop
  endfacet
  facet normal 0.353553 -0.612372 0.707107
    outer loop
      vertex -91.9615 30 11.947
      vertex -91.7615 29.6536 11.547
      vertex -74.441 39.6536 11.547
    endloop
  endfacet
  facet normal 0.353553 -0.612372 0.707107
    outer loop
      vertex -91.9615 30 11.947
      vertex -74.441 39.6536 11.547
      vertex -74.641 40 11.947
    endloop
  endfacet
  facet normal 0.353553 -0.612372 -0.707107
    outer loop
      vertex -91.7615 29.6536 11.547
      vertex -91.9615 30 11.147
      vertex -74.641 40 11.147
    endloop
  endfacet
  facet normal 0.353553 -0.612372 -0.707107
    outer loop
      vertex -91.7615 29.6536 11.547
      vertex -74.641 40 11.147
      vertex -74.441 39.6536 11.547
    endloop
  endfacet
  facet normal -0.707107 0.353553 -0.612372
    outer loop
      vertex -91.9615 30.2 11.2006
      vertex -92.3615 30 11.547
      vertex -92.3615 50 23.094
    endloop
  endfacet
  facet normal -0.707107 0.353553 -0.612372
    outer loop
      vertex -91.9615 30.2 11.2006
      vertex -92.3615 50 23.094
      vertex -91.9615 50.2 22.7476
    endloop
  endfacet
  facet normal -0.707107 -0.353553 0.612372
    outer loop
      vertex -92.3615 30 11.547
      vertex -91.9615 29.8 11.8934
      vertex -91.9615 49.8 23.4404
    endloop
  endfacet
  facet normal -0.707107 -0.353553 0.612372
    outer loop
      vertex -92.3615 30 11.547
      vertex -91.9615 49.8 23.4404
      vertex -92.3615 50 23.094
    endloop
  endfacet
  facet normal 0.707107 -0.353553 0.612372
    outer loop
      vertex -91.9615 29.8 11.8934
      vertex -91.5615 30 11.547
      vertex -91.5615 50 23.094
    endloop
  endfacet
  facet normal 0.707107 -0.353553 0.612372
    outer loop
      vertex -91.9615 29.8 11.8934
      vertex -91.5615 50 23.094
      vertex -91.9615 49.8 23.4404
    endloop
  endfacet
  facet normal 0.707107 0.353553 -0.612372
    outer loop
      vertex -91.5615 30 11.547
      vertex -91.9615 30.2 11.2006
      vertex -91.9615 50.2 22.7476
    endloop
  endfacet
  facet normal 0.707107 0.353553 -0.612372
    outer loop
      vertex -91.5615 30 11.547
      vertex -91.9615 50.2 22.7476
      vertex -91.5615 50 23.094
    endloop
  endfacet
  facet normal -0.645497 -0.67082 -0.365148
    outer loop
      vertex -91.9615 29.747 11.2372
      vertex -92.3267 29.8735 11.6503
      vertex -102.327 47.194 -2.49185
    endloop
  endfacet
  facet normal -0.645497 -0.67082 -0.365148
    outer loop
      vertex -91.9615 29.747 11.2372
      vertex -102.327 47.194 -2.49185
      vertex -101.962 47.0675 -2.90497
    endloop
  endfacet
  facet normal -0.645497 0.223607 0.730297
    outer loop
      vertex -92.3267 29.8735 11.6503
      vertex -91.9615 30.253 11.8568
      vertex -101.962 47.5735 -2.28529
    endloop
  endfacet
  facet normal -0.645497 0.223607 0.730297
    outer loop
      vertex -92.3267 29.8735 11.6503
      vertex -101.962 47.5735 -2.28529
      vertex -102.327 47.194 -2.49185
    endloop
  endfacet
  facet normal 0.645497 0.67082 0.365148
    outer loop
      vertex -91.9615 30.253 11.8568
      vertex -91.5964 30.1265 11.4437
      vertex -101.596 47.447 -2.69841
    endloop
  endfacet
  facet normal 0.645497 0.67082 0.365148
    outer loop
      vertex -91.9615 30.253 11.8568
      vertex -101.596 47.447 -2.69841
      vertex -101.962 47.5735 -2.28529
    endloop
  endfacet
  facet normal 0.645497 -0.223607 -0.730297
    outer loop
      vertex -91.5964 30.1265 11.4437
      vertex -91.9615 29.747 11.2372
      vertex -101.962 47.0675 -2.90497
    endloop
  endfacet
  facet normal 0.645497 -0.223607 -0.730297
    outer loop
      vertex -91.5964 30.1265 11.4437
      vertex -101.962 47.0675 -2.90497
      vertex -101.596 47.447 -2.69841
    endloop
  endfacet
  facet normal -0.353553 0.707107 0.612372
    outer loop
      vertex -101.962 47.7205 -2.59513
      vertex -102.162 47.3205 -2.24872
      vertex -82.1615 47.3205 9.29829
    endloop
  endfacet
  facet normal -0.353553 0.707107 0.612372
    outer loop
      vertex -101.962 47.7205 -2.59513
      vertex -82.1615 47.3205 9.29829
      vertex -81.9615 47.7205 8.95188
    endloop
  endfacet
  facet normal -0.353553 -0.707107 0.612372
    outer loop
      vertex -102.162 47.3205 -2.24872
      vertex -101.962 46.9205 -2.59513
      vertex -81.9615 46.9205 8.95188
    endloop
  endfacet
  facet normal -0.353553 -0.707107 0.612372
    outer loop
      vertex -102.162 47.3205 -2.24872
      vertex -81.9615 46.9205 8.95188
      vertex -82.1615 47.3205 9.29829
    endloop
  endfacet
  facet normal 0.353553 -0.707107 -0.612372
    outer loop
      vertex -101.962 46.9205 -2.59513
      vertex -101.762 47.3205 -2.94154
      vertex -81.7615 47.3205 8.60546
    endloop
  endfacet
  facet normal 0.353553 -0.707107 -0.612372
    outer loop
      vertex -101.962 46.9205 -2.59513
      vertex -81.7615 47.3205 8.60546
      vertex -81.9615 46.9205 8.95188
    endloop
  endfacet
  facet normal 0.353553 0.707107 -0.612372
    outer loop
      vertex -101.762 47.3205 -2.94154
      vertex -101.962 47.7205 -2.59513
      vertex -81.9615 47.7205 8.95188
    endloop
  endfacet
  facet normal 0.353553 0.707107 -0.612372
    outer loop
      vertex -101.762 47.3205 -2.94154
      vertex -81.9615 47.7205 8.95188
      vertex -81.7615 47.3205 8.60546
    endloop
  endfacet
  facet normal -0.353553 0.612372 -0.707107
    outer loop
      vertex -101.962 47.3205 -2.99513
      vertex -102.162 47.6669 -2.59513
      vertex -84.841 57.6669 -2.59513
    endloop
  endfacet
  facet normal -0.353553 0.612372 -0.707107
    outer loop
      vertex -101.962 47.3205 -2.99513
      vertex -84.841 57.6669 -2.59513
      vertex -84.641 57.3205 -2.99513
    endloop
  endfacet
  facet normal -0.353553 0.612372 0.707107
    outer loop
      vertex -102.162 47.6669 -2.59513
      vertex -101.962 47.3205 -2.19513
      vertex -84.641 57.3205 -2.19513
    endloop
  endfacet
  facet normal -0.353553 0.612372 0.707107
    outer loop
      vertex -102.162 47.6669 -2.59513
      vertex -84.641 57.3205 -2.19513
      vertex -84.841 57.6669 -2.59513
    endloop
  endfacet
  facet normal 0.353553 -0.612372 0.707107
    outer loop
      vertex -101.962 47.3205 -2.19513
      vertex -101.762 46.9741 -2.59513
      vertex -84.441 56.9741 -2.59513
    endloop
  endfacet
  facet normal 0.353553 -0.612372 0.707107
    outer loop
      vertex -101.962 47.3205 -2.19513
      vertex -84.441 56.9741 -2.59513
      vertex -84.641 57.3205 -2.19513
    endloop
  endfacet
  facet normal 0.353553 -0.612372 -0.707107
    outer loop
      vertex -101.762 46.9741 -2.59513
      vertex -101.962 47.3205 -2.99513
      vertex -84.641 57.3205 -2.99513
    endloop
  endfacet
  facet normal 0.353553 -0.612372 -0.707107
    outer loop
      vertex -101.762 46.9741 -2.59513
      vertex -84.641 57.3205 -2.99513
      vertex -84.441 56.9741 -2.59513
    endloop
  endfacet
  facet normal -0.707107 0.353553 -0.612372
    outer loop
      vertex -101.962 47.5205 -2.94154
      vertex -102.362 47.3205 -2.59513
      vertex -102.362 67.3205 8.95188
    endloop
  endfacet
  facet normal -0.707107 0.353553 -0.612372
    outer loop
      vertex -101.962 47.5205 -2.94154
      vertex -102.362 67.3205 8.95188
      vertex -101.962 67.5205 8.60546
    endloop
  endfacet
  facet normal -0.707107 -0.353553 0.612372
    outer loop
      vertex -102.362 47.3205 -2.59513
      vertex -101.962 47.1205 -2.24872
      vertex -101.962 67.1205 9.29829
    endloop
  endfacet
  facet normal -0.707107 -0.353553 0.612372
    outer loop
      vertex -102.362 47.3205 -2.59513
      vertex -101.962 67.1205 9.29829
      vertex -102.362 67.3205 8.95188
    endloop
  endfacet
  facet normal 0.707107 -0.353553 0.612372
    outer loop
      vertex -101.962 47.1205 -2.24872
      vertex -101.562 47.3205 -2.59513
      vertex -101.562 67.3205 8.95188
    endloop
  endfacet
  facet normal 0.707107 -0.353553 0.612372
    outer loop
      vertex -101.962 47.1205 -2.24872
      vertex -101.562 67.3205 8.95188
      vertex -101.962 67.1205 9.29829
    endloop
  endfacet
  facet normal 0.707107 0.353553 -0.612372
    outer loop
      vertex -101.562 47.3205 -2.59513
      vertex -101.962 47.5205 -2.94154
      vertex -101.962 67.5205 8.60546
    endloop
  endfacet
  facet normal 0.707107 0.353553 -0.612372
    outer loop
      vertex -101.562 47.3205 -2.59513
      vertex -101.962 67.5205 8.60546
      vertex -101.562 67.3205 8.95188
    endloop
  endfacet
  facet normal -0.353553 0.707107 0.612372
    outer loop
      vertex -44.641 -131.562 -15.3086
      vertex -44.841 -131.962 -14.9622
      vertex -24.841 -131.962 -3.4152
    endloop
  endfacet
  facet normal -0.353553 0.707107 0.612372
    outer loop
      vertex -44.641 -131.562 -15.3086
      vertex -24.841 -131.962 -3.4152
      vertex -24.641 -131.562 -3.76161
    endloop
  endfacet
  facet normal -0.353553 -0.707107 0.612372
    outer loop
      vertex -44.841 -131.962 -14.9622
      vertex -44.641 -132.362 -15.3086
      vertex -24.641 -132.362 -3.76161
    endloop
  endfacet
  facet normal -0.353553 -0.707107 0.612372
    outer loop
      vertex -44.841 -131.962 -14.9622
      vertex -24.641 -132.362 -3.76161
      vertex -24.841 -131.962 -3.4152
    endloop
  endfacet
  facet normal 0.353553 -0.707107 -0.612372
    outer loop
      vertex -44.641 -132.362 -15.3086
      vertex -44.441 -131.962 -15.655
      vertex -24.441 -131.962 -4.10802
    endloop
  endfacet
  facet normal 0.353553 -0.707107 -0.612372
    outer loop
      vertex -44.641 -132.362 -15.3086
      vertex -24.441 -131.962 -4.10802
      vertex -24.641 -132.362 -3.76161
    endloop
  endfacet
  facet normal 0.353553 0.707107 -0.612372
    outer loop
      vertex -44.441 -131.962 -15.655
      vertex -44.641 -131.562 -15.3086
      vertex -24.641 -131.562 -3.76161
    endloop
  endfacet
  facet normal 0.353553 0.707107 -0.612372
    outer loop
      vertex -44.441 -131.962 -15.655
      vertex -24.641 -131.562 -3.76161
      vertex -24.441 -131.962 -4.10802
    endloop
  endfacet
  facet normal -0.353553 0.612372 -0.707107
    outer loop
      vertex -44.641 -131.962 -15.7086
      vertex -44.841 -131.615 -15.3086
      vertex -27.5205 -121.615 -15.3086
    endloop
  endfacet
  facet normal -0.353553 0.612372 -0.707107
    outer loop
      vertex -44.641 -131.962 -15.7086
      vertex -27.5205 -121.615 -15.3086
      vertex -27.3205 -121.962 -15.7086
    endloop
  endfacet
  facet normal -0.353553 0.612372 0.707107
    outer loop
      vertex -44.841 -131.615 -15.3086
      vertex -44.641 -131.962 -14.9086
      vertex -27.3205 -121.962 -14.9086
    endloop
  endfacet
  facet normal -0.353553 0.612372 0.707107
    outer loop
      vertex -44.841 -131.615 -15.3086
      vertex -27.3205 -121.962 -14.9086
      vertex -27.5205 -121.615 -15.3086
    endloop
  endfacet
  facet normal 0.353553 -0.612372 0.707107
    outer loop
      vertex -44.641 -131.962 -14.9086
      vertex -44.441 -132.308 -15.3086
      vertex -27.1205 -122.308 -15.3086
    endloop
  endfacet
  facet normal 0.353553 -0.612372 0.707107
    outer loop
      vertex -44.641 -131.962 -14.9086
      vertex -27.1205 -122.308 -15.3086
      vertex -27.3205 -121.962 -14.9086
    endloop
  endfacet
  facet normal 0.353553 -0.612372 -0.707107
    outer loop
      vertex -44.441 -132.308 -15.3086
      vertex -44.641 -131.962 -15.7086
      vertex -27.3205 -121.962 -15.7086
    endloop
  endfacet
  facet normal 0.353553 -0.612372 -0.707107
    outer loop
      vertex -44.441 -132.308 -15.3086
      vertex -27.3205 -121.962 -15.7086
      vertex -27.1205 -122.308 -15.3086
    endloop
  endfacet
  facet normal -0.707107 0.353553 -0.612372
    outer loop
      vertex -44.641 -131.762 -15.655
      vertex -45.041 -131.962 -15.3086
      vertex -45.041 -111.962 -3.76161
    endloop
  endfacet
  facet normal -0.707107 0.353553 -0.612372
    outer loop
      vertex -44.641 -131.762 -15.655
      vertex -45.041 -111.962 -3.76161
      vertex -44.641 -111.762 -4.10802
    endloop
  endfacet
  facet normal -0.707107 -0.353553 0.612372
    outer loop
      vertex -45.041 -131.962 -15.3086
      vertex -44.641 -132.162 -14.9622
      vertex -44.641 -112.162 -3.4152
    endloop
  endfacet
  facet normal -0.707107 -0.353553 0.612372
    outer loop
      vertex -45.041 -131.962 -15.3086
      vertex -44.641 -112.162 -3.4152
      vertex -45.041 -111.962 -3.76161
    endloop
  endfacet
  facet normal 0.707107 -0.353553 0.612372
    outer loop
      vertex -44.641 -132.162 -14.9622
      vertex -44.241 -131.962 -15.3086
      vertex -44.241 -111.962 -3.76161
    endloop
  endfacet
  facet normal 0.707107 -0.353553 0.612372
    outer loop
      vertex -44.641 -132.162 -14.9622
     